Model: meta-llama/Llama-2-7b-hf
Input: data/enwik9
Device: cuda
Dtype: torch.float16
Chunk size: 2048 bytes
Limit bytes: full file
chunks=50 bytes=102400 progress=0.01% BPC=0.7057 rate=8.82% top100=96.24%
chunks=100 bytes=204800 progress=0.02% BPC=0.6858 rate=8.57% top100=96.85%
chunks=150 bytes=307200 progress=0.03% BPC=0.6834 rate=8.54% top100=96.73%
chunks=200 bytes=409600 progress=0.04% BPC=0.6873 rate=8.59% top100=96.75%
chunks=250 bytes=512000 progress=0.05% BPC=0.6929 rate=8.66% top100=96.67%
chunks=300 bytes=614400 progress=0.06% BPC=0.7027 rate=8.78% top100=96.50%
chunks=350 bytes=716800 progress=0.07% BPC=0.7127 rate=8.91% top100=96.40%
chunks=400 bytes=819200 progress=0.08% BPC=0.7081 rate=8.85% top100=96.45%
chunks=450 bytes=921600 progress=0.09% BPC=0.7083 rate=8.85% top100=96.50%
chunks=500 bytes=1024000 progress=0.10% BPC=0.7096 rate=8.87% top100=96.59%
chunks=550 bytes=1126400 progress=0.11% BPC=0.7081 rate=8.85% top100=96.65%
chunks=600 bytes=1228800 progress=0.12% BPC=0.7091 rate=8.86% top100=96.65%
chunks=650 bytes=1331200 progress=0.13% BPC=0.7106 rate=8.88% top100=96.67%
chunks=700 bytes=1433600 progress=0.14% BPC=0.7112 rate=8.89% top100=96.67%
chunks=750 bytes=1536000 progress=0.15% BPC=0.7137 rate=8.92% top100=96.67%
chunks=800 bytes=1638400 progress=0.16% BPC=0.7175 rate=8.97% top100=96.66%
chunks=850 bytes=1740800 progress=0.17% BPC=0.7178 rate=8.97% top100=96.68%
chunks=900 bytes=1843200 progress=0.18% BPC=0.7184 rate=8.98% top100=96.68%
chunks=950 bytes=1945600 progress=0.19% BPC=0.7197 rate=9.00% top100=96.70%
chunks=1000 bytes=2048000 progress=0.20% BPC=0.7192 rate=8.99% top100=96.71%
chunks=1050 bytes=2150400 progress=0.22% BPC=0.7226 rate=9.03% top100=96.70%
chunks=1100 bytes=2252800 progress=0.23% BPC=0.7234 rate=9.04% top100=96.70%
chunks=1150 bytes=2355200 progress=0.24% BPC=0.7260 rate=9.07% top100=96.68%
chunks=1200 bytes=2457600 progress=0.25% BPC=0.7235 rate=9.04% top100=96.69%
chunks=1250 bytes=2560000 progress=0.26% BPC=0.7219 rate=9.02% top100=96.70%
chunks=1300 bytes=2662400 progress=0.27% BPC=0.7223 rate=9.03% top100=96.68%
chunks=1350 bytes=2764800 progress=0.28% BPC=0.7241 rate=9.05% top100=96.68%
chunks=1400 bytes=2867200 progress=0.29% BPC=0.7281 rate=9.10% top100=96.64%
chunks=1450 bytes=2969600 progress=0.30% BPC=0.7263 rate=9.08% top100=96.64%
chunks=1500 bytes=3072000 progress=0.31% BPC=0.7294 rate=9.12% top100=96.62%
chunks=1550 bytes=3174400 progress=0.32% BPC=0.7327 rate=9.16% top100=96.61%
chunks=1600 bytes=3276800 progress=0.33% BPC=0.7336 rate=9.17% top100=96.59%
chunks=1650 bytes=3379200 progress=0.34% BPC=0.7329 rate=9.16% top100=96.58%
chunks=1700 bytes=3481600 progress=0.35% BPC=0.7335 rate=9.17% top100=96.58%
chunks=1750 bytes=3584000 progress=0.36% BPC=0.7334 rate=9.17% top100=96.60%
chunks=1800 bytes=3686400 progress=0.37% BPC=0.7347 rate=9.18% top100=96.58%
chunks=1850 bytes=3788800 progress=0.38% BPC=0.7353 rate=9.19% top100=96.57%
chunks=1900 bytes=3891200 progress=0.39% BPC=0.7369 rate=9.21% top100=96.57%
chunks=1950 bytes=3993600 progress=0.40% BPC=0.7359 rate=9.20% top100=96.58%
chunks=2000 bytes=4096000 progress=0.41% BPC=0.7364 rate=9.20% top100=96.58%
chunks=2050 bytes=4198400 progress=0.42% BPC=0.7361 rate=9.20% top100=96.58%
chunks=2100 bytes=4300800 progress=0.43% BPC=0.7357 rate=9.20% top100=96.59%
chunks=2150 bytes=4403200 progress=0.44% BPC=0.7370 rate=9.21% top100=96.58%
chunks=2200 bytes=4505600 progress=0.45% BPC=0.7362 rate=9.20% top100=96.61%
chunks=2250 bytes=4608000 progress=0.46% BPC=0.7366 rate=9.21% top100=96.62%
chunks=2300 bytes=4710400 progress=0.47% BPC=0.7372 rate=9.22% top100=96.60%
chunks=2350 bytes=4812800 progress=0.48% BPC=0.7385 rate=9.23% top100=96.59%
chunks=2400 bytes=4915200 progress=0.49% BPC=0.7383 rate=9.23% top100=96.59%
chunks=2450 bytes=5017600 progress=0.50% BPC=0.7372 rate=9.22% top100=96.59%
chunks=2500 bytes=5120000 progress=0.51% BPC=0.7372 rate=9.22% top100=96.59%
chunks=2550 bytes=5222400 progress=0.52% BPC=0.7372 rate=9.22% top100=96.59%
chunks=2600 bytes=5324800 progress=0.53% BPC=0.7372 rate=9.21% top100=96.59%
chunks=2650 bytes=5427200 progress=0.54% BPC=0.7378 rate=9.22% top100=96.59%
chunks=2700 bytes=5529600 progress=0.55% BPC=0.7395 rate=9.24% top100=96.57%
chunks=2750 bytes=5632000 progress=0.56% BPC=0.7403 rate=9.25% top100=96.55%
chunks=2800 bytes=5734400 progress=0.57% BPC=0.7406 rate=9.26% top100=96.56%
chunks=2850 bytes=5836800 progress=0.58% BPC=0.7403 rate=9.25% top100=96.56%
chunks=2900 bytes=5939200 progress=0.59% BPC=0.7405 rate=9.26% top100=96.56%
chunks=2950 bytes=6041600 progress=0.60% BPC=0.7405 rate=9.26% top100=96.56%
chunks=3000 bytes=6144000 progress=0.61% BPC=0.7406 rate=9.26% top100=96.56%
chunks=3050 bytes=6246400 progress=0.62% BPC=0.7419 rate=9.27% top100=96.56%
chunks=3100 bytes=6348800 progress=0.63% BPC=0.7422 rate=9.28% top100=96.56%
chunks=3150 bytes=6451200 progress=0.65% BPC=0.7429 rate=9.29% top100=96.55%
chunks=3200 bytes=6553600 progress=0.66% BPC=0.7427 rate=9.28% top100=96.56%
chunks=3250 bytes=6656000 progress=0.67% BPC=0.7442 rate=9.30% top100=96.56%
chunks=3300 bytes=6758400 progress=0.68% BPC=0.7446 rate=9.31% top100=96.56%
chunks=3350 bytes=6860800 progress=0.69% BPC=0.7454 rate=9.32% top100=96.56%
chunks=3400 bytes=6963200 progress=0.70% BPC=0.7459 rate=9.32% top100=96.55%
chunks=3450 bytes=7065600 progress=0.71% BPC=0.7465 rate=9.33% top100=96.56%
chunks=3500 bytes=7168000 progress=0.72% BPC=0.7473 rate=9.34% top100=96.55%
chunks=3550 bytes=7270400 progress=0.73% BPC=0.7484 rate=9.35% top100=96.54%
chunks=3600 bytes=7372800 progress=0.74% BPC=0.7481 rate=9.35% top100=96.54%
chunks=3650 bytes=7475200 progress=0.75% BPC=0.7482 rate=9.35% top100=96.54%
chunks=3700 bytes=7577600 progress=0.76% BPC=0.7475 rate=9.34% top100=96.55%
chunks=3750 bytes=7680000 progress=0.77% BPC=0.7484 rate=9.35% top100=96.55%
chunks=3800 bytes=7782400 progress=0.78% BPC=0.7484 rate=9.36% top100=96.55%
chunks=3850 bytes=7884800 progress=0.79% BPC=0.7496 rate=9.37% top100=96.55%
chunks=3900 bytes=7987200 progress=0.80% BPC=0.7507 rate=9.38% top100=96.54%
chunks=3950 bytes=8089600 progress=0.81% BPC=0.7517 rate=9.40% top100=96.54%
chunks=4000 bytes=8192000 progress=0.82% BPC=0.7506 rate=9.38% top100=96.54%
chunks=4050 bytes=8294400 progress=0.83% BPC=0.7504 rate=9.38% top100=96.55%
chunks=4100 bytes=8396800 progress=0.84% BPC=0.7514 rate=9.39% top100=96.54%
chunks=4150 bytes=8499200 progress=0.85% BPC=0.7516 rate=9.39% top100=96.55%
chunks=4200 bytes=8601600 progress=0.86% BPC=0.7526 rate=9.41% top100=96.54%
chunks=4250 bytes=8704000 progress=0.87% BPC=0.7530 rate=9.41% top100=96.54%
chunks=4300 bytes=8806400 progress=0.88% BPC=0.7543 rate=9.43% top100=96.54%
chunks=4350 bytes=8908800 progress=0.89% BPC=0.7549 rate=9.44% top100=96.53%
chunks=4400 bytes=9011200 progress=0.90% BPC=0.7551 rate=9.44% top100=96.53%
chunks=4450 bytes=9113600 progress=0.91% BPC=0.7555 rate=9.44% top100=96.53%
chunks=4500 bytes=9216000 progress=0.92% BPC=0.7547 rate=9.43% top100=96.54%
chunks=4550 bytes=9318400 progress=0.93% BPC=0.7545 rate=9.43% top100=96.53%
chunks=4600 bytes=9420800 progress=0.94% BPC=0.7545 rate=9.43% top100=96.54%
chunks=4650 bytes=9523200 progress=0.95% BPC=0.7543 rate=9.43% top100=96.54%
chunks=4700 bytes=9625600 progress=0.96% BPC=0.7544 rate=9.43% top100=96.54%
chunks=4750 bytes=9728000 progress=0.97% BPC=0.7559 rate=9.45% top100=96.53%
chunks=4800 bytes=9830400 progress=0.98% BPC=0.7558 rate=9.45% top100=96.53%
chunks=4850 bytes=9932800 progress=0.99% BPC=0.7557 rate=9.45% top100=96.53%
chunks=4900 bytes=10035200 progress=1.00% BPC=0.7559 rate=9.45% top100=96.53%
chunks=4950 bytes=10137600 progress=1.01% BPC=0.7556 rate=9.44% top100=96.53%
chunks=5000 bytes=10240000 progress=1.02% BPC=0.7553 rate=9.44% top100=96.52%
chunks=5050 bytes=10342400 progress=1.03% BPC=0.7553 rate=9.44% top100=96.53%
chunks=5100 bytes=10444800 progress=1.04% BPC=0.7550 rate=9.44% top100=96.53%
chunks=5150 bytes=10547200 progress=1.05% BPC=0.7550 rate=9.44% top100=96.53%
chunks=5200 bytes=10649600 progress=1.06% BPC=0.7548 rate=9.43% top100=96.53%
chunks=5250 bytes=10752000 progress=1.08% BPC=0.7545 rate=9.43% top100=96.53%
chunks=5300 bytes=10854400 progress=1.09% BPC=0.7547 rate=9.43% top100=96.53%
chunks=5350 bytes=10956800 progress=1.10% BPC=0.7550 rate=9.44% top100=96.52%
chunks=5400 bytes=11059200 progress=1.11% BPC=0.7547 rate=9.43% top100=96.53%
chunks=5450 bytes=11161600 progress=1.12% BPC=0.7553 rate=9.44% top100=96.52%
chunks=5500 bytes=11264000 progress=1.13% BPC=0.7557 rate=9.45% top100=96.51%
chunks=5550 bytes=11366400 progress=1.14% BPC=0.7555 rate=9.44% top100=96.52%
chunks=5600 bytes=11468800 progress=1.15% BPC=0.7557 rate=9.45% top100=96.51%
chunks=5650 bytes=11571200 progress=1.16% BPC=0.7554 rate=9.44% top100=96.52%
chunks=5700 bytes=11673600 progress=1.17% BPC=0.7555 rate=9.44% top100=96.51%
chunks=5750 bytes=11776000 progress=1.18% BPC=0.7558 rate=9.45% top100=96.51%
chunks=5800 bytes=11878400 progress=1.19% BPC=0.7554 rate=9.44% top100=96.51%
chunks=5850 bytes=11980800 progress=1.20% BPC=0.7557 rate=9.45% top100=96.51%
chunks=5900 bytes=12083200 progress=1.21% BPC=0.7557 rate=9.45% top100=96.52%
chunks=5950 bytes=12185600 progress=1.22% BPC=0.7555 rate=9.44% top100=96.52%
chunks=6000 bytes=12288000 progress=1.23% BPC=0.7557 rate=9.45% top100=96.52%
chunks=6050 bytes=12390400 progress=1.24% BPC=0.7563 rate=9.45% top100=96.51%
chunks=6100 bytes=12492800 progress=1.25% BPC=0.7562 rate=9.45% top100=96.51%
chunks=6150 bytes=12595200 progress=1.26% BPC=0.7566 rate=9.46% top100=96.51%
chunks=6200 bytes=12697600 progress=1.27% BPC=0.7567 rate=9.46% top100=96.51%
chunks=6250 bytes=12800000 progress=1.28% BPC=0.7567 rate=9.46% top100=96.51%
chunks=6300 bytes=12902400 progress=1.29% BPC=0.7569 rate=9.46% top100=96.51%
chunks=6350 bytes=13004800 progress=1.30% BPC=0.7564 rate=9.46% top100=96.51%
chunks=6400 bytes=13107200 progress=1.31% BPC=0.7562 rate=9.45% top100=96.51%
chunks=6450 bytes=13209600 progress=1.32% BPC=0.7562 rate=9.45% top100=96.51%
chunks=6500 bytes=13312000 progress=1.33% BPC=0.7560 rate=9.45% top100=96.52%
chunks=6550 bytes=13414400 progress=1.34% BPC=0.7560 rate=9.45% top100=96.51%
chunks=6600 bytes=13516800 progress=1.35% BPC=0.7555 rate=9.44% top100=96.52%
chunks=6650 bytes=13619200 progress=1.36% BPC=0.7558 rate=9.45% top100=96.51%
chunks=6700 bytes=13721600 progress=1.37% BPC=0.7560 rate=9.45% top100=96.51%
chunks=6750 bytes=13824000 progress=1.38% BPC=0.7565 rate=9.46% top100=96.51%
chunks=6800 bytes=13926400 progress=1.39% BPC=0.7566 rate=9.46% top100=96.51%
chunks=6850 bytes=14028800 progress=1.40% BPC=0.7566 rate=9.46% top100=96.51%
chunks=6900 bytes=14131200 progress=1.41% BPC=0.7563 rate=9.45% top100=96.51%
chunks=6950 bytes=14233600 progress=1.42% BPC=0.7563 rate=9.45% top100=96.51%
chunks=7000 bytes=14336000 progress=1.43% BPC=0.7569 rate=9.46% top100=96.50%
chunks=7050 bytes=14438400 progress=1.44% BPC=0.7573 rate=9.47% top100=96.50%
chunks=7100 bytes=14540800 progress=1.45% BPC=0.7571 rate=9.46% top100=96.50%
chunks=7150 bytes=14643200 progress=1.46% BPC=0.7575 rate=9.47% top100=96.50%
chunks=7200 bytes=14745600 progress=1.47% BPC=0.7579 rate=9.47% top100=96.50%
chunks=7250 bytes=14848000 progress=1.48% BPC=0.7578 rate=9.47% top100=96.50%
chunks=7300 bytes=14950400 progress=1.50% BPC=0.7578 rate=9.47% top100=96.50%
chunks=7350 bytes=15052800 progress=1.51% BPC=0.7577 rate=9.47% top100=96.51%
chunks=7400 bytes=15155200 progress=1.52% BPC=0.7578 rate=9.47% top100=96.51%
chunks=7450 bytes=15257600 progress=1.53% BPC=0.7578 rate=9.47% top100=96.50%
chunks=7500 bytes=15360000 progress=1.54% BPC=0.7578 rate=9.47% top100=96.51%
chunks=7550 bytes=15462400 progress=1.55% BPC=0.7578 rate=9.47% top100=96.50%
chunks=7600 bytes=15564800 progress=1.56% BPC=0.7575 rate=9.47% top100=96.51%
chunks=7650 bytes=15667200 progress=1.57% BPC=0.7579 rate=9.47% top100=96.50%
chunks=7700 bytes=15769600 progress=1.58% BPC=0.7580 rate=9.47% top100=96.50%
chunks=7750 bytes=15872000 progress=1.59% BPC=0.7577 rate=9.47% top100=96.50%
chunks=7800 bytes=15974400 progress=1.60% BPC=0.7577 rate=9.47% top100=96.50%
chunks=7850 bytes=16076800 progress=1.61% BPC=0.7577 rate=9.47% top100=96.49%
chunks=7900 bytes=16179200 progress=1.62% BPC=0.7575 rate=9.47% top100=96.50%
chunks=7950 bytes=16281600 progress=1.63% BPC=0.7575 rate=9.47% top100=96.49%
chunks=8000 bytes=16384000 progress=1.64% BPC=0.7577 rate=9.47% top100=96.49%
chunks=8050 bytes=16486400 progress=1.65% BPC=0.7579 rate=9.47% top100=96.49%
chunks=8100 bytes=16588800 progress=1.66% BPC=0.7580 rate=9.47% top100=96.49%
chunks=8150 bytes=16691200 progress=1.67% BPC=0.7582 rate=9.48% top100=96.49%
chunks=8200 bytes=16793600 progress=1.68% BPC=0.7582 rate=9.48% top100=96.49%
chunks=8250 bytes=16896000 progress=1.69% BPC=0.7583 rate=9.48% top100=96.49%
chunks=8300 bytes=16998400 progress=1.70% BPC=0.7579 rate=9.47% top100=96.50%
chunks=8350 bytes=17100800 progress=1.71% BPC=0.7578 rate=9.47% top100=96.50%
chunks=8400 bytes=17203200 progress=1.72% BPC=0.7578 rate=9.47% top100=96.50%
chunks=8450 bytes=17305600 progress=1.73% BPC=0.7575 rate=9.47% top100=96.50%
chunks=8500 bytes=17408000 progress=1.74% BPC=0.7572 rate=9.46% top100=96.50%
chunks=8550 bytes=17510400 progress=1.75% BPC=0.7573 rate=9.47% top100=96.50%
chunks=8600 bytes=17612800 progress=1.76% BPC=0.7576 rate=9.47% top100=96.49%
chunks=8650 bytes=17715200 progress=1.77% BPC=0.7575 rate=9.47% top100=96.50%
chunks=8700 bytes=17817600 progress=1.78% BPC=0.7574 rate=9.47% top100=96.50%
chunks=8750 bytes=17920000 progress=1.79% BPC=0.7572 rate=9.46% top100=96.50%
chunks=8800 bytes=18022400 progress=1.80% BPC=0.7571 rate=9.46% top100=96.49%
chunks=8850 bytes=18124800 progress=1.81% BPC=0.7566 rate=9.46% top100=96.50%
chunks=8900 bytes=18227200 progress=1.82% BPC=0.7566 rate=9.46% top100=96.50%
chunks=8950 bytes=18329600 progress=1.83% BPC=0.7567 rate=9.46% top100=96.50%
chunks=9000 bytes=18432000 progress=1.84% BPC=0.7570 rate=9.46% top100=96.49%
chunks=9050 bytes=18534400 progress=1.85% BPC=0.7567 rate=9.46% top100=96.50%
chunks=9100 bytes=18636800 progress=1.86% BPC=0.7569 rate=9.46% top100=96.49%
chunks=9150 bytes=18739200 progress=1.87% BPC=0.7569 rate=9.46% top100=96.49%
chunks=9200 bytes=18841600 progress=1.88% BPC=0.7572 rate=9.47% top100=96.49%
chunks=9250 bytes=18944000 progress=1.89% BPC=0.7572 rate=9.46% top100=96.49%
chunks=9300 bytes=19046400 progress=1.90% BPC=0.7570 rate=9.46% top100=96.49%
chunks=9350 bytes=19148800 progress=1.91% BPC=0.7569 rate=9.46% top100=96.49%
chunks=9400 bytes=19251200 progress=1.93% BPC=0.7568 rate=9.46% top100=96.49%
chunks=9450 bytes=19353600 progress=1.94% BPC=0.7563 rate=9.45% top100=96.50%
chunks=9500 bytes=19456000 progress=1.95% BPC=0.7555 rate=9.44% top100=96.50%
chunks=9550 bytes=19558400 progress=1.96% BPC=0.7552 rate=9.44% top100=96.51%
chunks=9600 bytes=19660800 progress=1.97% BPC=0.7544 rate=9.43% top100=96.51%
chunks=9650 bytes=19763200 progress=1.98% BPC=0.7538 rate=9.42% top100=96.52%
chunks=9700 bytes=19865600 progress=1.99% BPC=0.7536 rate=9.42% top100=96.52%
chunks=9750 bytes=19968000 progress=2.00% BPC=0.7535 rate=9.42% top100=96.52%
chunks=9800 bytes=20070400 progress=2.01% BPC=0.7539 rate=9.42% top100=96.51%
chunks=9850 bytes=20172800 progress=2.02% BPC=0.7541 rate=9.43% top100=96.51%
chunks=9900 bytes=20275200 progress=2.03% BPC=0.7541 rate=9.43% top100=96.51%
chunks=9950 bytes=20377600 progress=2.04% BPC=0.7544 rate=9.43% top100=96.51%
chunks=10000 bytes=20480000 progress=2.05% BPC=0.7542 rate=9.43% top100=96.51%
chunks=10050 bytes=20582400 progress=2.06% BPC=0.7543 rate=9.43% top100=96.51%
chunks=10100 bytes=20684800 progress=2.07% BPC=0.7536 rate=9.42% top100=96.52%
chunks=10150 bytes=20787200 progress=2.08% BPC=0.7540 rate=9.42% top100=96.51%
chunks=10200 bytes=20889600 progress=2.09% BPC=0.7541 rate=9.43% top100=96.51%
chunks=10250 bytes=20992000 progress=2.10% BPC=0.7531 rate=9.41% top100=96.52%
chunks=10300 bytes=21094400 progress=2.11% BPC=0.7526 rate=9.41% top100=96.52%
chunks=10350 bytes=21196800 progress=2.12% BPC=0.7523 rate=9.40% top100=96.53%
chunks=10400 bytes=21299200 progress=2.13% BPC=0.7521 rate=9.40% top100=96.53%
chunks=10450 bytes=21401600 progress=2.14% BPC=0.7519 rate=9.40% top100=96.53%
chunks=10500 bytes=21504000 progress=2.15% BPC=0.7519 rate=9.40% top100=96.53%
chunks=10550 bytes=21606400 progress=2.16% BPC=0.7520 rate=9.40% top100=96.53%
chunks=10600 bytes=21708800 progress=2.17% BPC=0.7522 rate=9.40% top100=96.53%
chunks=10650 bytes=21811200 progress=2.18% BPC=0.7522 rate=9.40% top100=96.52%
chunks=10700 bytes=21913600 progress=2.19% BPC=0.7520 rate=9.40% top100=96.53%
chunks=10750 bytes=22016000 progress=2.20% BPC=0.7518 rate=9.40% top100=96.53%
chunks=10800 bytes=22118400 progress=2.21% BPC=0.7511 rate=9.39% top100=96.53%
chunks=10850 bytes=22220800 progress=2.22% BPC=0.7511 rate=9.39% top100=96.53%
chunks=10900 bytes=22323200 progress=2.23% BPC=0.7514 rate=9.39% top100=96.53%
chunks=10950 bytes=22425600 progress=2.24% BPC=0.7514 rate=9.39% top100=96.53%
chunks=11000 bytes=22528000 progress=2.25% BPC=0.7515 rate=9.39% top100=96.53%
chunks=11050 bytes=22630400 progress=2.26% BPC=0.7516 rate=9.39% top100=96.53%
chunks=11100 bytes=22732800 progress=2.27% BPC=0.7518 rate=9.40% top100=96.53%
chunks=11150 bytes=22835200 progress=2.28% BPC=0.7519 rate=9.40% top100=96.52%
chunks=11200 bytes=22937600 progress=2.29% BPC=0.7518 rate=9.40% top100=96.52%
chunks=11250 bytes=23040000 progress=2.30% BPC=0.7518 rate=9.40% top100=96.53%
chunks=11300 bytes=23142400 progress=2.31% BPC=0.7518 rate=9.40% top100=96.52%
chunks=11350 bytes=23244800 progress=2.32% BPC=0.7522 rate=9.40% top100=96.52%
chunks=11400 bytes=23347200 progress=2.33% BPC=0.7523 rate=9.40% top100=96.52%
chunks=11450 bytes=23449600 progress=2.34% BPC=0.7519 rate=9.40% top100=96.52%
chunks=11500 bytes=23552000 progress=2.36% BPC=0.7518 rate=9.40% top100=96.52%
chunks=11550 bytes=23654400 progress=2.37% BPC=0.7519 rate=9.40% top100=96.52%
chunks=11600 bytes=23756800 progress=2.38% BPC=0.7521 rate=9.40% top100=96.52%
chunks=11650 bytes=23859200 progress=2.39% BPC=0.7522 rate=9.40% top100=96.52%
chunks=11700 bytes=23961600 progress=2.40% BPC=0.7522 rate=9.40% top100=96.52%
chunks=11750 bytes=24064000 progress=2.41% BPC=0.7520 rate=9.40% top100=96.52%
chunks=11800 bytes=24166400 progress=2.42% BPC=0.7518 rate=9.40% top100=96.52%
chunks=11850 bytes=24268800 progress=2.43% BPC=0.7520 rate=9.40% top100=96.52%
chunks=11900 bytes=24371200 progress=2.44% BPC=0.7520 rate=9.40% top100=96.52%
chunks=11950 bytes=24473600 progress=2.45% BPC=0.7520 rate=9.40% top100=96.52%
chunks=12000 bytes=24576000 progress=2.46% BPC=0.7519 rate=9.40% top100=96.52%
chunks=12050 bytes=24678400 progress=2.47% BPC=0.7515 rate=9.39% top100=96.52%
chunks=12100 bytes=24780800 progress=2.48% BPC=0.7511 rate=9.39% top100=96.53%
chunks=12150 bytes=24883200 progress=2.49% BPC=0.7513 rate=9.39% top100=96.52%
chunks=12200 bytes=24985600 progress=2.50% BPC=0.7513 rate=9.39% top100=96.52%
chunks=12250 bytes=25088000 progress=2.51% BPC=0.7511 rate=9.39% top100=96.52%
chunks=12300 bytes=25190400 progress=2.52% BPC=0.7511 rate=9.39% top100=96.52%
chunks=12350 bytes=25292800 progress=2.53% BPC=0.7511 rate=9.39% top100=96.52%
chunks=12400 bytes=25395200 progress=2.54% BPC=0.7508 rate=9.38% top100=96.53%
chunks=12450 bytes=25497600 progress=2.55% BPC=0.7509 rate=9.39% top100=96.53%
chunks=12500 bytes=25600000 progress=2.56% BPC=0.7511 rate=9.39% top100=96.53%
chunks=12550 bytes=25702400 progress=2.57% BPC=0.7511 rate=9.39% top100=96.52%
chunks=12600 bytes=25804800 progress=2.58% BPC=0.7511 rate=9.39% top100=96.52%
chunks=12650 bytes=25907200 progress=2.59% BPC=0.7511 rate=9.39% top100=96.52%
chunks=12700 bytes=26009600 progress=2.60% BPC=0.7511 rate=9.39% top100=96.52%
chunks=12750 bytes=26112000 progress=2.61% BPC=0.7512 rate=9.39% top100=96.52%
chunks=12800 bytes=26214400 progress=2.62% BPC=0.7513 rate=9.39% top100=96.52%
chunks=12850 bytes=26316800 progress=2.63% BPC=0.7512 rate=9.39% top100=96.52%
chunks=12900 bytes=26419200 progress=2.64% BPC=0.7510 rate=9.39% top100=96.52%
chunks=12950 bytes=26521600 progress=2.65% BPC=0.7509 rate=9.39% top100=96.52%
chunks=13000 bytes=26624000 progress=2.66% BPC=0.7510 rate=9.39% top100=96.52%
chunks=13050 bytes=26726400 progress=2.67% BPC=0.7511 rate=9.39% top100=96.52%
chunks=13100 bytes=26828800 progress=2.68% BPC=0.7509 rate=9.39% top100=96.52%
chunks=13150 bytes=26931200 progress=2.69% BPC=0.7507 rate=9.38% top100=96.52%
chunks=13200 bytes=27033600 progress=2.70% BPC=0.7510 rate=9.39% top100=96.52%
chunks=13250 bytes=27136000 progress=2.71% BPC=0.7512 rate=9.39% top100=96.52%
chunks=13300 bytes=27238400 progress=2.72% BPC=0.7511 rate=9.39% top100=96.52%
chunks=13350 bytes=27340800 progress=2.73% BPC=0.7512 rate=9.39% top100=96.52%
chunks=13400 bytes=27443200 progress=2.74% BPC=0.7512 rate=9.39% top100=96.52%
chunks=13450 bytes=27545600 progress=2.75% BPC=0.7512 rate=9.39% top100=96.52%
chunks=13500 bytes=27648000 progress=2.76% BPC=0.7513 rate=9.39% top100=96.51%
chunks=13550 bytes=27750400 progress=2.78% BPC=0.7515 rate=9.39% top100=96.51%
chunks=13600 bytes=27852800 progress=2.79% BPC=0.7514 rate=9.39% top100=96.51%
chunks=13650 bytes=27955200 progress=2.80% BPC=0.7514 rate=9.39% top100=96.51%
chunks=13700 bytes=28057600 progress=2.81% BPC=0.7514 rate=9.39% top100=96.51%
chunks=13750 bytes=28160000 progress=2.82% BPC=0.7512 rate=9.39% top100=96.51%
chunks=13800 bytes=28262400 progress=2.83% BPC=0.7514 rate=9.39% top100=96.51%
chunks=13850 bytes=28364800 progress=2.84% BPC=0.7516 rate=9.40% top100=96.51%
chunks=13900 bytes=28467200 progress=2.85% BPC=0.7516 rate=9.40% top100=96.51%
chunks=13950 bytes=28569600 progress=2.86% BPC=0.7517 rate=9.40% top100=96.50%
chunks=14000 bytes=28672000 progress=2.87% BPC=0.7516 rate=9.40% top100=96.50%
chunks=14050 bytes=28774400 progress=2.88% BPC=0.7517 rate=9.40% top100=96.50%
chunks=14100 bytes=28876800 progress=2.89% BPC=0.7516 rate=9.40% top100=96.50%
chunks=14150 bytes=28979200 progress=2.90% BPC=0.7516 rate=9.39% top100=96.50%
chunks=14200 bytes=29081600 progress=2.91% BPC=0.7515 rate=9.39% top100=96.50%
chunks=14250 bytes=29184000 progress=2.92% BPC=0.7514 rate=9.39% top100=96.50%
chunks=14300 bytes=29286400 progress=2.93% BPC=0.7515 rate=9.39% top100=96.50%
chunks=14350 bytes=29388800 progress=2.94% BPC=0.7515 rate=9.39% top100=96.50%
chunks=14400 bytes=29491200 progress=2.95% BPC=0.7516 rate=9.40% top100=96.50%
chunks=14450 bytes=29593600 progress=2.96% BPC=0.7517 rate=9.40% top100=96.50%
chunks=14500 bytes=29696000 progress=2.97% BPC=0.7518 rate=9.40% top100=96.50%
chunks=14550 bytes=29798400 progress=2.98% BPC=0.7518 rate=9.40% top100=96.50%
chunks=14600 bytes=29900800 progress=2.99% BPC=0.7515 rate=9.39% top100=96.51%
chunks=14650 bytes=30003200 progress=3.00% BPC=0.7510 rate=9.39% top100=96.51%
chunks=14700 bytes=30105600 progress=3.01% BPC=0.7507 rate=9.38% top100=96.51%
chunks=14750 bytes=30208000 progress=3.02% BPC=0.7505 rate=9.38% top100=96.51%
chunks=14800 bytes=30310400 progress=3.03% BPC=0.7506 rate=9.38% top100=96.51%
chunks=14850 bytes=30412800 progress=3.04% BPC=0.7502 rate=9.38% top100=96.51%
chunks=14900 bytes=30515200 progress=3.05% BPC=0.7500 rate=9.37% top100=96.52%
chunks=14950 bytes=30617600 progress=3.06% BPC=0.7499 rate=9.37% top100=96.52%
chunks=15000 bytes=30720000 progress=3.07% BPC=0.7500 rate=9.37% top100=96.51%
chunks=15050 bytes=30822400 progress=3.08% BPC=0.7499 rate=9.37% top100=96.51%
chunks=15100 bytes=30924800 progress=3.09% BPC=0.7498 rate=9.37% top100=96.51%
chunks=15150 bytes=31027200 progress=3.10% BPC=0.7498 rate=9.37% top100=96.51%
chunks=15200 bytes=31129600 progress=3.11% BPC=0.7499 rate=9.37% top100=96.51%
chunks=15250 bytes=31232000 progress=3.12% BPC=0.7500 rate=9.37% top100=96.50%
chunks=15300 bytes=31334400 progress=3.13% BPC=0.7500 rate=9.38% top100=96.50%
chunks=15350 bytes=31436800 progress=3.14% BPC=0.7502 rate=9.38% top100=96.50%
chunks=15400 bytes=31539200 progress=3.15% BPC=0.7502 rate=9.38% top100=96.50%
chunks=15450 bytes=31641600 progress=3.16% BPC=0.7501 rate=9.38% top100=96.50%
chunks=15500 bytes=31744000 progress=3.17% BPC=0.7499 rate=9.37% top100=96.50%
chunks=15550 bytes=31846400 progress=3.18% BPC=0.7499 rate=9.37% top100=96.50%
chunks=15600 bytes=31948800 progress=3.19% BPC=0.7498 rate=9.37% top100=96.50%
chunks=15650 bytes=32051200 progress=3.21% BPC=0.7501 rate=9.38% top100=96.50%
chunks=15700 bytes=32153600 progress=3.22% BPC=0.7500 rate=9.37% top100=96.50%
chunks=15750 bytes=32256000 progress=3.23% BPC=0.7498 rate=9.37% top100=96.50%
chunks=15800 bytes=32358400 progress=3.24% BPC=0.7498 rate=9.37% top100=96.50%
chunks=15850 bytes=32460800 progress=3.25% BPC=0.7496 rate=9.37% top100=96.51%
chunks=15900 bytes=32563200 progress=3.26% BPC=0.7495 rate=9.37% top100=96.51%
chunks=15950 bytes=32665600 progress=3.27% BPC=0.7493 rate=9.37% top100=96.51%
chunks=16000 bytes=32768000 progress=3.28% BPC=0.7492 rate=9.36% top100=96.51%
chunks=16050 bytes=32870400 progress=3.29% BPC=0.7490 rate=9.36% top100=96.51%
chunks=16100 bytes=32972800 progress=3.30% BPC=0.7490 rate=9.36% top100=96.51%
chunks=16150 bytes=33075200 progress=3.31% BPC=0.7488 rate=9.36% top100=96.51%
chunks=16200 bytes=33177600 progress=3.32% BPC=0.7488 rate=9.36% top100=96.51%
chunks=16250 bytes=33280000 progress=3.33% BPC=0.7487 rate=9.36% top100=96.51%
chunks=16300 bytes=33382400 progress=3.34% BPC=0.7493 rate=9.37% top100=96.51%
chunks=16350 bytes=33484800 progress=3.35% BPC=0.7493 rate=9.37% top100=96.51%
chunks=16400 bytes=33587200 progress=3.36% BPC=0.7491 rate=9.36% top100=96.51%
chunks=16450 bytes=33689600 progress=3.37% BPC=0.7491 rate=9.36% top100=96.51%
chunks=16500 bytes=33792000 progress=3.38% BPC=0.7493 rate=9.37% top100=96.51%
chunks=16550 bytes=33894400 progress=3.39% BPC=0.7493 rate=9.37% top100=96.51%
chunks=16600 bytes=33996800 progress=3.40% BPC=0.7494 rate=9.37% top100=96.50%
chunks=16650 bytes=34099200 progress=3.41% BPC=0.7495 rate=9.37% top100=96.50%
chunks=16700 bytes=34201600 progress=3.42% BPC=0.7495 rate=9.37% top100=96.50%
chunks=16750 bytes=34304000 progress=3.43% BPC=0.7495 rate=9.37% top100=96.51%
chunks=16800 bytes=34406400 progress=3.44% BPC=0.7494 rate=9.37% top100=96.50%
chunks=16850 bytes=34508800 progress=3.45% BPC=0.7494 rate=9.37% top100=96.50%
chunks=16900 bytes=34611200 progress=3.46% BPC=0.7495 rate=9.37% top100=96.50%
chunks=16950 bytes=34713600 progress=3.47% BPC=0.7495 rate=9.37% top100=96.50%
chunks=17000 bytes=34816000 progress=3.48% BPC=0.7495 rate=9.37% top100=96.50%
chunks=17050 bytes=34918400 progress=3.49% BPC=0.7496 rate=9.37% top100=96.50%
chunks=17100 bytes=35020800 progress=3.50% BPC=0.7496 rate=9.37% top100=96.50%
chunks=17150 bytes=35123200 progress=3.51% BPC=0.7497 rate=9.37% top100=96.50%
chunks=17200 bytes=35225600 progress=3.52% BPC=0.7495 rate=9.37% top100=96.50%
chunks=17250 bytes=35328000 progress=3.53% BPC=0.7496 rate=9.37% top100=96.50%
chunks=17300 bytes=35430400 progress=3.54% BPC=0.7496 rate=9.37% top100=96.50%
chunks=17350 bytes=35532800 progress=3.55% BPC=0.7498 rate=9.37% top100=96.50%
chunks=17400 bytes=35635200 progress=3.56% BPC=0.7498 rate=9.37% top100=96.50%
chunks=17450 bytes=35737600 progress=3.57% BPC=0.7496 rate=9.37% top100=96.50%
chunks=17500 bytes=35840000 progress=3.58% BPC=0.7495 rate=9.37% top100=96.50%
chunks=17550 bytes=35942400 progress=3.59% BPC=0.7495 rate=9.37% top100=96.50%
chunks=17600 bytes=36044800 progress=3.60% BPC=0.7496 rate=9.37% top100=96.50%
chunks=17650 bytes=36147200 progress=3.61% BPC=0.7497 rate=9.37% top100=96.50%
chunks=17700 bytes=36249600 progress=3.62% BPC=0.7497 rate=9.37% top100=96.50%
chunks=17750 bytes=36352000 progress=3.64% BPC=0.7497 rate=9.37% top100=96.50%
chunks=17800 bytes=36454400 progress=3.65% BPC=0.7495 rate=9.37% top100=96.50%
chunks=17850 bytes=36556800 progress=3.66% BPC=0.7494 rate=9.37% top100=96.49%
chunks=17900 bytes=36659200 progress=3.67% BPC=0.7491 rate=9.36% top100=96.50%
chunks=17950 bytes=36761600 progress=3.68% BPC=0.7489 rate=9.36% top100=96.50%
chunks=18000 bytes=36864000 progress=3.69% BPC=0.7488 rate=9.36% top100=96.50%
chunks=18050 bytes=36966400 progress=3.70% BPC=0.7488 rate=9.36% top100=96.50%
chunks=18100 bytes=37068800 progress=3.71% BPC=0.7489 rate=9.36% top100=96.50%
chunks=18150 bytes=37171200 progress=3.72% BPC=0.7488 rate=9.36% top100=96.50%
chunks=18200 bytes=37273600 progress=3.73% BPC=0.7489 rate=9.36% top100=96.50%
chunks=18250 bytes=37376000 progress=3.74% BPC=0.7487 rate=9.36% top100=96.50%
chunks=18300 bytes=37478400 progress=3.75% BPC=0.7487 rate=9.36% top100=96.50%
chunks=18350 bytes=37580800 progress=3.76% BPC=0.7489 rate=9.36% top100=96.49%
chunks=18400 bytes=37683200 progress=3.77% BPC=0.7488 rate=9.36% top100=96.49%
chunks=18450 bytes=37785600 progress=3.78% BPC=0.7489 rate=9.36% top100=96.49%
chunks=18500 bytes=37888000 progress=3.79% BPC=0.7490 rate=9.36% top100=96.49%
chunks=18550 bytes=37990400 progress=3.80% BPC=0.7491 rate=9.36% top100=96.49%
chunks=18600 bytes=38092800 progress=3.81% BPC=0.7492 rate=9.37% top100=96.49%
chunks=18650 bytes=38195200 progress=3.82% BPC=0.7491 rate=9.36% top100=96.49%
chunks=18700 bytes=38297600 progress=3.83% BPC=0.7492 rate=9.37% top100=96.49%
chunks=18750 bytes=38400000 progress=3.84% BPC=0.7490 rate=9.36% top100=96.49%
chunks=18800 bytes=38502400 progress=3.85% BPC=0.7489 rate=9.36% top100=96.49%
chunks=18850 bytes=38604800 progress=3.86% BPC=0.7488 rate=9.36% top100=96.49%
chunks=18900 bytes=38707200 progress=3.87% BPC=0.7489 rate=9.36% top100=96.49%
chunks=18950 bytes=38809600 progress=3.88% BPC=0.7488 rate=9.36% top100=96.49%
chunks=19000 bytes=38912000 progress=3.89% BPC=0.7489 rate=9.36% top100=96.49%
chunks=19050 bytes=39014400 progress=3.90% BPC=0.7489 rate=9.36% top100=96.49%
chunks=19100 bytes=39116800 progress=3.91% BPC=0.7487 rate=9.36% top100=96.49%
chunks=19150 bytes=39219200 progress=3.92% BPC=0.7488 rate=9.36% top100=96.49%
chunks=19200 bytes=39321600 progress=3.93% BPC=0.7491 rate=9.36% top100=96.49%
chunks=19250 bytes=39424000 progress=3.94% BPC=0.7493 rate=9.37% top100=96.49%
chunks=19300 bytes=39526400 progress=3.95% BPC=0.7492 rate=9.36% top100=96.49%
chunks=19350 bytes=39628800 progress=3.96% BPC=0.7494 rate=9.37% top100=96.49%
chunks=19400 bytes=39731200 progress=3.97% BPC=0.7495 rate=9.37% top100=96.49%
chunks=19450 bytes=39833600 progress=3.98% BPC=0.7497 rate=9.37% top100=96.49%
chunks=19500 bytes=39936000 progress=3.99% BPC=0.7494 rate=9.37% top100=96.49%
chunks=19550 bytes=40038400 progress=4.00% BPC=0.7484 rate=9.35% top100=96.49%
chunks=19600 bytes=40140800 progress=4.01% BPC=0.7478 rate=9.35% top100=96.50%
chunks=19650 bytes=40243200 progress=4.02% BPC=0.7478 rate=9.35% top100=96.49%
chunks=19700 bytes=40345600 progress=4.03% BPC=0.7479 rate=9.35% top100=96.49%
chunks=19750 bytes=40448000 progress=4.04% BPC=0.7480 rate=9.35% top100=96.49%
chunks=19800 bytes=40550400 progress=4.06% BPC=0.7478 rate=9.35% top100=96.49%
chunks=19850 bytes=40652800 progress=4.07% BPC=0.7478 rate=9.35% top100=96.49%
chunks=19900 bytes=40755200 progress=4.08% BPC=0.7479 rate=9.35% top100=96.49%
chunks=19950 bytes=40857600 progress=4.09% BPC=0.7478 rate=9.35% top100=96.50%
chunks=20000 bytes=40960000 progress=4.10% BPC=0.7478 rate=9.35% top100=96.50%
chunks=20050 bytes=41062400 progress=4.11% BPC=0.7480 rate=9.35% top100=96.49%
chunks=20100 bytes=41164800 progress=4.12% BPC=0.7480 rate=9.35% top100=96.49%
chunks=20150 bytes=41267200 progress=4.13% BPC=0.7479 rate=9.35% top100=96.49%
chunks=20200 bytes=41369600 progress=4.14% BPC=0.7479 rate=9.35% top100=96.49%
chunks=20250 bytes=41472000 progress=4.15% BPC=0.7479 rate=9.35% top100=96.49%
chunks=20300 bytes=41574400 progress=4.16% BPC=0.7480 rate=9.35% top100=96.49%
chunks=20350 bytes=41676800 progress=4.17% BPC=0.7493 rate=9.37% top100=96.49%
chunks=20400 bytes=41779200 progress=4.18% BPC=0.7499 rate=9.37% top100=96.48%
chunks=20450 bytes=41881600 progress=4.19% BPC=0.7496 rate=9.37% top100=96.49%
chunks=20500 bytes=41984000 progress=4.20% BPC=0.7495 rate=9.37% top100=96.49%
chunks=20550 bytes=42086400 progress=4.21% BPC=0.7495 rate=9.37% top100=96.49%
chunks=20600 bytes=42188800 progress=4.22% BPC=0.7494 rate=9.37% top100=96.49%
chunks=20650 bytes=42291200 progress=4.23% BPC=0.7494 rate=9.37% top100=96.49%
chunks=20700 bytes=42393600 progress=4.24% BPC=0.7494 rate=9.37% top100=96.49%
chunks=20750 bytes=42496000 progress=4.25% BPC=0.7494 rate=9.37% top100=96.49%
chunks=20800 bytes=42598400 progress=4.26% BPC=0.7494 rate=9.37% top100=96.49%
chunks=20850 bytes=42700800 progress=4.27% BPC=0.7495 rate=9.37% top100=96.49%
chunks=20900 bytes=42803200 progress=4.28% BPC=0.7495 rate=9.37% top100=96.49%
chunks=20950 bytes=42905600 progress=4.29% BPC=0.7496 rate=9.37% top100=96.48%
chunks=21000 bytes=43008000 progress=4.30% BPC=0.7496 rate=9.37% top100=96.48%
chunks=21050 bytes=43110400 progress=4.31% BPC=0.7494 rate=9.37% top100=96.49%
chunks=21100 bytes=43212800 progress=4.32% BPC=0.7495 rate=9.37% top100=96.48%
chunks=21150 bytes=43315200 progress=4.33% BPC=0.7495 rate=9.37% top100=96.48%
chunks=21200 bytes=43417600 progress=4.34% BPC=0.7496 rate=9.37% top100=96.48%
chunks=21250 bytes=43520000 progress=4.35% BPC=0.7497 rate=9.37% top100=96.48%
chunks=21300 bytes=43622400 progress=4.36% BPC=0.7496 rate=9.37% top100=96.48%
chunks=21350 bytes=43724800 progress=4.37% BPC=0.7497 rate=9.37% top100=96.48%
chunks=21400 bytes=43827200 progress=4.38% BPC=0.7496 rate=9.37% top100=96.48%
chunks=21450 bytes=43929600 progress=4.39% BPC=0.7496 rate=9.37% top100=96.48%
chunks=21500 bytes=44032000 progress=4.40% BPC=0.7497 rate=9.37% top100=96.48%
chunks=21550 bytes=44134400 progress=4.41% BPC=0.7497 rate=9.37% top100=96.48%
chunks=21600 bytes=44236800 progress=4.42% BPC=0.7497 rate=9.37% top100=96.48%
chunks=21650 bytes=44339200 progress=4.43% BPC=0.7490 rate=9.36% top100=96.49%
chunks=21700 bytes=44441600 progress=4.44% BPC=0.7490 rate=9.36% top100=96.49%
chunks=21750 bytes=44544000 progress=4.45% BPC=0.7489 rate=9.36% top100=96.49%
chunks=21800 bytes=44646400 progress=4.46% BPC=0.7489 rate=9.36% top100=96.49%
chunks=21850 bytes=44748800 progress=4.47% BPC=0.7490 rate=9.36% top100=96.49%
chunks=21900 bytes=44851200 progress=4.49% BPC=0.7489 rate=9.36% top100=96.49%
chunks=21950 bytes=44953600 progress=4.50% BPC=0.7491 rate=9.36% top100=96.49%
chunks=22000 bytes=45056000 progress=4.51% BPC=0.7492 rate=9.36% top100=96.48%
chunks=22050 bytes=45158400 progress=4.52% BPC=0.7493 rate=9.37% top100=96.48%
chunks=22100 bytes=45260800 progress=4.53% BPC=0.7493 rate=9.37% top100=96.48%
chunks=22150 bytes=45363200 progress=4.54% BPC=0.7494 rate=9.37% top100=96.48%
chunks=22200 bytes=45465600 progress=4.55% BPC=0.7495 rate=9.37% top100=96.48%
chunks=22250 bytes=45568000 progress=4.56% BPC=0.7495 rate=9.37% top100=96.48%
chunks=22300 bytes=45670400 progress=4.57% BPC=0.7495 rate=9.37% top100=96.48%
chunks=22350 bytes=45772800 progress=4.58% BPC=0.7493 rate=9.37% top100=96.48%
chunks=22400 bytes=45875200 progress=4.59% BPC=0.7492 rate=9.37% top100=96.48%
chunks=22450 bytes=45977600 progress=4.60% BPC=0.7493 rate=9.37% top100=96.48%
chunks=22500 bytes=46080000 progress=4.61% BPC=0.7492 rate=9.37% top100=96.48%
chunks=22550 bytes=46182400 progress=4.62% BPC=0.7492 rate=9.37% top100=96.48%
chunks=22600 bytes=46284800 progress=4.63% BPC=0.7494 rate=9.37% top100=96.48%
chunks=22650 bytes=46387200 progress=4.64% BPC=0.7493 rate=9.37% top100=96.48%
chunks=22700 bytes=46489600 progress=4.65% BPC=0.7492 rate=9.36% top100=96.48%
chunks=22750 bytes=46592000 progress=4.66% BPC=0.7492 rate=9.37% top100=96.48%
chunks=22800 bytes=46694400 progress=4.67% BPC=0.7491 rate=9.36% top100=96.48%
chunks=22850 bytes=46796800 progress=4.68% BPC=0.7491 rate=9.36% top100=96.48%
chunks=22900 bytes=46899200 progress=4.69% BPC=0.7492 rate=9.36% top100=96.48%
chunks=22950 bytes=47001600 progress=4.70% BPC=0.7493 rate=9.37% top100=96.47%
chunks=23000 bytes=47104000 progress=4.71% BPC=0.7493 rate=9.37% top100=96.47%
chunks=23050 bytes=47206400 progress=4.72% BPC=0.7492 rate=9.36% top100=96.47%
chunks=23100 bytes=47308800 progress=4.73% BPC=0.7491 rate=9.36% top100=96.47%
chunks=23150 bytes=47411200 progress=4.74% BPC=0.7492 rate=9.36% top100=96.47%
chunks=23200 bytes=47513600 progress=4.75% BPC=0.7493 rate=9.37% top100=96.47%
chunks=23250 bytes=47616000 progress=4.76% BPC=0.7493 rate=9.37% top100=96.47%
chunks=23300 bytes=47718400 progress=4.77% BPC=0.7492 rate=9.36% top100=96.47%
chunks=23350 bytes=47820800 progress=4.78% BPC=0.7492 rate=9.37% top100=96.47%
chunks=23400 bytes=47923200 progress=4.79% BPC=0.7492 rate=9.36% top100=96.47%
chunks=23450 bytes=48025600 progress=4.80% BPC=0.7492 rate=9.37% top100=96.47%
chunks=23500 bytes=48128000 progress=4.81% BPC=0.7493 rate=9.37% top100=96.47%
chunks=23550 bytes=48230400 progress=4.82% BPC=0.7493 rate=9.37% top100=96.47%
chunks=23600 bytes=48332800 progress=4.83% BPC=0.7491 rate=9.36% top100=96.47%
chunks=23650 bytes=48435200 progress=4.84% BPC=0.7491 rate=9.36% top100=96.47%
chunks=23700 bytes=48537600 progress=4.85% BPC=0.7491 rate=9.36% top100=96.47%
chunks=23750 bytes=48640000 progress=4.86% BPC=0.7490 rate=9.36% top100=96.47%
chunks=23800 bytes=48742400 progress=4.87% BPC=0.7489 rate=9.36% top100=96.47%
chunks=23850 bytes=48844800 progress=4.88% BPC=0.7490 rate=9.36% top100=96.47%
chunks=23900 bytes=48947200 progress=4.89% BPC=0.7491 rate=9.36% top100=96.47%
chunks=23950 bytes=49049600 progress=4.90% BPC=0.7492 rate=9.36% top100=96.47%
chunks=24000 bytes=49152000 progress=4.92% BPC=0.7491 rate=9.36% top100=96.47%
chunks=24050 bytes=49254400 progress=4.93% BPC=0.7492 rate=9.36% top100=96.47%
chunks=24100 bytes=49356800 progress=4.94% BPC=0.7491 rate=9.36% top100=96.47%
chunks=24150 bytes=49459200 progress=4.95% BPC=0.7489 rate=9.36% top100=96.47%
chunks=24200 bytes=49561600 progress=4.96% BPC=0.7486 rate=9.36% top100=96.47%
chunks=24250 bytes=49664000 progress=4.97% BPC=0.7485 rate=9.36% top100=96.47%
chunks=24300 bytes=49766400 progress=4.98% BPC=0.7486 rate=9.36% top100=96.47%
chunks=24350 bytes=49868800 progress=4.99% BPC=0.7486 rate=9.36% top100=96.47%
chunks=24400 bytes=49971200 progress=5.00% BPC=0.7485 rate=9.36% top100=96.47%
chunks=24450 bytes=50073600 progress=5.01% BPC=0.7485 rate=9.36% top100=96.47%
chunks=24500 bytes=50176000 progress=5.02% BPC=0.7484 rate=9.36% top100=96.47%
chunks=24550 bytes=50278400 progress=5.03% BPC=0.7484 rate=9.36% top100=96.47%
chunks=24600 bytes=50380800 progress=5.04% BPC=0.7483 rate=9.35% top100=96.48%
chunks=24650 bytes=50483200 progress=5.05% BPC=0.7481 rate=9.35% top100=96.48%
chunks=24700 bytes=50585600 progress=5.06% BPC=0.7480 rate=9.35% top100=96.48%
chunks=24750 bytes=50688000 progress=5.07% BPC=0.7481 rate=9.35% top100=96.48%
chunks=24800 bytes=50790400 progress=5.08% BPC=0.7481 rate=9.35% top100=96.48%
chunks=24850 bytes=50892800 progress=5.09% BPC=0.7483 rate=9.35% top100=96.48%
chunks=24900 bytes=50995200 progress=5.10% BPC=0.7483 rate=9.35% top100=96.47%
chunks=24950 bytes=51097600 progress=5.11% BPC=0.7483 rate=9.35% top100=96.47%
chunks=25000 bytes=51200000 progress=5.12% BPC=0.7483 rate=9.35% top100=96.47%
chunks=25050 bytes=51302400 progress=5.13% BPC=0.7484 rate=9.35% top100=96.47%
chunks=25100 bytes=51404800 progress=5.14% BPC=0.7484 rate=9.36% top100=96.47%
chunks=25150 bytes=51507200 progress=5.15% BPC=0.7484 rate=9.35% top100=96.47%
chunks=25200 bytes=51609600 progress=5.16% BPC=0.7483 rate=9.35% top100=96.47%
chunks=25250 bytes=51712000 progress=5.17% BPC=0.7483 rate=9.35% top100=96.48%
chunks=25300 bytes=51814400 progress=5.18% BPC=0.7482 rate=9.35% top100=96.48%
chunks=25350 bytes=51916800 progress=5.19% BPC=0.7482 rate=9.35% top100=96.48%
chunks=25400 bytes=52019200 progress=5.20% BPC=0.7482 rate=9.35% top100=96.48%
chunks=25450 bytes=52121600 progress=5.21% BPC=0.7480 rate=9.35% top100=96.48%
chunks=25500 bytes=52224000 progress=5.22% BPC=0.7482 rate=9.35% top100=96.48%
chunks=25550 bytes=52326400 progress=5.23% BPC=0.7483 rate=9.35% top100=96.48%
chunks=25600 bytes=52428800 progress=5.24% BPC=0.7483 rate=9.35% top100=96.48%
chunks=25650 bytes=52531200 progress=5.25% BPC=0.7484 rate=9.36% top100=96.48%
chunks=25700 bytes=52633600 progress=5.26% BPC=0.7484 rate=9.36% top100=96.48%
chunks=25750 bytes=52736000 progress=5.27% BPC=0.7484 rate=9.35% top100=96.48%
chunks=25800 bytes=52838400 progress=5.28% BPC=0.7484 rate=9.36% top100=96.48%
chunks=25850 bytes=52940800 progress=5.29% BPC=0.7484 rate=9.36% top100=96.48%
chunks=25900 bytes=53043200 progress=5.30% BPC=0.7484 rate=9.35% top100=96.48%
chunks=25950 bytes=53145600 progress=5.31% BPC=0.7484 rate=9.36% top100=96.48%
chunks=26000 bytes=53248000 progress=5.32% BPC=0.7484 rate=9.36% top100=96.48%
chunks=26050 bytes=53350400 progress=5.34% BPC=0.7485 rate=9.36% top100=96.48%
chunks=26100 bytes=53452800 progress=5.35% BPC=0.7487 rate=9.36% top100=96.47%
chunks=26150 bytes=53555200 progress=5.36% BPC=0.7487 rate=9.36% top100=96.47%
chunks=26200 bytes=53657600 progress=5.37% BPC=0.7487 rate=9.36% top100=96.47%
chunks=26250 bytes=53760000 progress=5.38% BPC=0.7487 rate=9.36% top100=96.47%
chunks=26300 bytes=53862400 progress=5.39% BPC=0.7485 rate=9.36% top100=96.47%
chunks=26350 bytes=53964800 progress=5.40% BPC=0.7485 rate=9.36% top100=96.48%
chunks=26400 bytes=54067200 progress=5.41% BPC=0.7485 rate=9.36% top100=96.48%
chunks=26450 bytes=54169600 progress=5.42% BPC=0.7486 rate=9.36% top100=96.47%
chunks=26500 bytes=54272000 progress=5.43% BPC=0.7485 rate=9.36% top100=96.48%
chunks=26550 bytes=54374400 progress=5.44% BPC=0.7486 rate=9.36% top100=96.47%
chunks=26600 bytes=54476800 progress=5.45% BPC=0.7486 rate=9.36% top100=96.47%
chunks=26650 bytes=54579200 progress=5.46% BPC=0.7485 rate=9.36% top100=96.48%
chunks=26700 bytes=54681600 progress=5.47% BPC=0.7487 rate=9.36% top100=96.47%
chunks=26750 bytes=54784000 progress=5.48% BPC=0.7487 rate=9.36% top100=96.47%
chunks=26800 bytes=54886400 progress=5.49% BPC=0.7487 rate=9.36% top100=96.47%
chunks=26850 bytes=54988800 progress=5.50% BPC=0.7487 rate=9.36% top100=96.47%
chunks=26900 bytes=55091200 progress=5.51% BPC=0.7486 rate=9.36% top100=96.47%
chunks=26950 bytes=55193600 progress=5.52% BPC=0.7486 rate=9.36% top100=96.47%
chunks=27000 bytes=55296000 progress=5.53% BPC=0.7486 rate=9.36% top100=96.47%
chunks=27050 bytes=55398400 progress=5.54% BPC=0.7486 rate=9.36% top100=96.47%
chunks=27100 bytes=55500800 progress=5.55% BPC=0.7485 rate=9.36% top100=96.47%
chunks=27150 bytes=55603200 progress=5.56% BPC=0.7486 rate=9.36% top100=96.47%
chunks=27200 bytes=55705600 progress=5.57% BPC=0.7486 rate=9.36% top100=96.47%
chunks=27250 bytes=55808000 progress=5.58% BPC=0.7486 rate=9.36% top100=96.47%
chunks=27300 bytes=55910400 progress=5.59% BPC=0.7487 rate=9.36% top100=96.47%
chunks=27350 bytes=56012800 progress=5.60% BPC=0.7488 rate=9.36% top100=96.47%
chunks=27400 bytes=56115200 progress=5.61% BPC=0.7489 rate=9.36% top100=96.47%
chunks=27450 bytes=56217600 progress=5.62% BPC=0.7489 rate=9.36% top100=96.47%
chunks=27500 bytes=56320000 progress=5.63% BPC=0.7490 rate=9.36% top100=96.47%
chunks=27550 bytes=56422400 progress=5.64% BPC=0.7490 rate=9.36% top100=96.47%
chunks=27600 bytes=56524800 progress=5.65% BPC=0.7491 rate=9.36% top100=96.47%
chunks=27650 bytes=56627200 progress=5.66% BPC=0.7491 rate=9.36% top100=96.46%
chunks=27700 bytes=56729600 progress=5.67% BPC=0.7492 rate=9.37% top100=96.46%
chunks=27750 bytes=56832000 progress=5.68% BPC=0.7492 rate=9.36% top100=96.46%
chunks=27800 bytes=56934400 progress=5.69% BPC=0.7491 rate=9.36% top100=96.46%
chunks=27850 bytes=57036800 progress=5.70% BPC=0.7490 rate=9.36% top100=96.46%
chunks=27900 bytes=57139200 progress=5.71% BPC=0.7490 rate=9.36% top100=96.46%
chunks=27950 bytes=57241600 progress=5.72% BPC=0.7489 rate=9.36% top100=96.46%
chunks=28000 bytes=57344000 progress=5.73% BPC=0.7488 rate=9.36% top100=96.46%
chunks=28050 bytes=57446400 progress=5.74% BPC=0.7488 rate=9.36% top100=96.46%
chunks=28100 bytes=57548800 progress=5.75% BPC=0.7489 rate=9.36% top100=96.46%
chunks=28150 bytes=57651200 progress=5.77% BPC=0.7489 rate=9.36% top100=96.46%
chunks=28200 bytes=57753600 progress=5.78% BPC=0.7489 rate=9.36% top100=96.46%
chunks=28250 bytes=57856000 progress=5.79% BPC=0.7489 rate=9.36% top100=96.46%
chunks=28300 bytes=57958400 progress=5.80% BPC=0.7489 rate=9.36% top100=96.46%
chunks=28350 bytes=58060800 progress=5.81% BPC=0.7488 rate=9.36% top100=96.46%
chunks=28400 bytes=58163200 progress=5.82% BPC=0.7489 rate=9.36% top100=96.46%
chunks=28450 bytes=58265600 progress=5.83% BPC=0.7489 rate=9.36% top100=96.46%
chunks=28500 bytes=58368000 progress=5.84% BPC=0.7487 rate=9.36% top100=96.46%
chunks=28550 bytes=58470400 progress=5.85% BPC=0.7486 rate=9.36% top100=96.46%
chunks=28600 bytes=58572800 progress=5.86% BPC=0.7485 rate=9.36% top100=96.46%
chunks=28650 bytes=58675200 progress=5.87% BPC=0.7484 rate=9.35% top100=96.47%
chunks=28700 bytes=58777600 progress=5.88% BPC=0.7484 rate=9.35% top100=96.47%
chunks=28750 bytes=58880000 progress=5.89% BPC=0.7483 rate=9.35% top100=96.47%
chunks=28800 bytes=58982400 progress=5.90% BPC=0.7484 rate=9.35% top100=96.47%
chunks=28850 bytes=59084800 progress=5.91% BPC=0.7485 rate=9.36% top100=96.46%
chunks=28900 bytes=59187200 progress=5.92% BPC=0.7485 rate=9.36% top100=96.46%
chunks=28950 bytes=59289600 progress=5.93% BPC=0.7485 rate=9.36% top100=96.46%
chunks=29000 bytes=59392000 progress=5.94% BPC=0.7486 rate=9.36% top100=96.46%
chunks=29050 bytes=59494400 progress=5.95% BPC=0.7486 rate=9.36% top100=96.46%
chunks=29100 bytes=59596800 progress=5.96% BPC=0.7485 rate=9.36% top100=96.46%
chunks=29150 bytes=59699200 progress=5.97% BPC=0.7486 rate=9.36% top100=96.46%
chunks=29200 bytes=59801600 progress=5.98% BPC=0.7485 rate=9.36% top100=96.46%
chunks=29250 bytes=59904000 progress=5.99% BPC=0.7484 rate=9.35% top100=96.46%
chunks=29300 bytes=60006400 progress=6.00% BPC=0.7484 rate=9.35% top100=96.46%
chunks=29350 bytes=60108800 progress=6.01% BPC=0.7484 rate=9.35% top100=96.46%
chunks=29400 bytes=60211200 progress=6.02% BPC=0.7483 rate=9.35% top100=96.46%
chunks=29450 bytes=60313600 progress=6.03% BPC=0.7483 rate=9.35% top100=96.46%
chunks=29500 bytes=60416000 progress=6.04% BPC=0.7484 rate=9.35% top100=96.46%
chunks=29550 bytes=60518400 progress=6.05% BPC=0.7483 rate=9.35% top100=96.46%
chunks=29600 bytes=60620800 progress=6.06% BPC=0.7483 rate=9.35% top100=96.46%
chunks=29650 bytes=60723200 progress=6.07% BPC=0.7483 rate=9.35% top100=96.46%
chunks=29700 bytes=60825600 progress=6.08% BPC=0.7482 rate=9.35% top100=96.46%
chunks=29750 bytes=60928000 progress=6.09% BPC=0.7482 rate=9.35% top100=96.47%
chunks=29800 bytes=61030400 progress=6.10% BPC=0.7482 rate=9.35% top100=96.47%
chunks=29850 bytes=61132800 progress=6.11% BPC=0.7483 rate=9.35% top100=96.47%
chunks=29900 bytes=61235200 progress=6.12% BPC=0.7483 rate=9.35% top100=96.46%
chunks=29950 bytes=61337600 progress=6.13% BPC=0.7483 rate=9.35% top100=96.46%
chunks=30000 bytes=61440000 progress=6.14% BPC=0.7483 rate=9.35% top100=96.46%
chunks=30050 bytes=61542400 progress=6.15% BPC=0.7484 rate=9.35% top100=96.46%
chunks=30100 bytes=61644800 progress=6.16% BPC=0.7484 rate=9.35% top100=96.46%
chunks=30150 bytes=61747200 progress=6.17% BPC=0.7485 rate=9.36% top100=96.46%
chunks=30200 bytes=61849600 progress=6.18% BPC=0.7484 rate=9.36% top100=96.46%
chunks=30250 bytes=61952000 progress=6.20% BPC=0.7485 rate=9.36% top100=96.46%
chunks=30300 bytes=62054400 progress=6.21% BPC=0.7484 rate=9.35% top100=96.46%
chunks=30350 bytes=62156800 progress=6.22% BPC=0.7484 rate=9.36% top100=96.46%
chunks=30400 bytes=62259200 progress=6.23% BPC=0.7485 rate=9.36% top100=96.46%
chunks=30450 bytes=62361600 progress=6.24% BPC=0.7486 rate=9.36% top100=96.46%
chunks=30500 bytes=62464000 progress=6.25% BPC=0.7486 rate=9.36% top100=96.46%
chunks=30550 bytes=62566400 progress=6.26% BPC=0.7486 rate=9.36% top100=96.46%
chunks=30600 bytes=62668800 progress=6.27% BPC=0.7487 rate=9.36% top100=96.46%
chunks=30650 bytes=62771200 progress=6.28% BPC=0.7487 rate=9.36% top100=96.46%
chunks=30700 bytes=62873600 progress=6.29% BPC=0.7487 rate=9.36% top100=96.46%
chunks=30750 bytes=62976000 progress=6.30% BPC=0.7486 rate=9.36% top100=96.46%
chunks=30800 bytes=63078400 progress=6.31% BPC=0.7486 rate=9.36% top100=96.46%
chunks=30850 bytes=63180800 progress=6.32% BPC=0.7487 rate=9.36% top100=96.46%
chunks=30900 bytes=63283200 progress=6.33% BPC=0.7486 rate=9.36% top100=96.46%
chunks=30950 bytes=63385600 progress=6.34% BPC=0.7487 rate=9.36% top100=96.46%
chunks=31000 bytes=63488000 progress=6.35% BPC=0.7487 rate=9.36% top100=96.46%
chunks=31050 bytes=63590400 progress=6.36% BPC=0.7487 rate=9.36% top100=96.46%
chunks=31100 bytes=63692800 progress=6.37% BPC=0.7487 rate=9.36% top100=96.46%
chunks=31150 bytes=63795200 progress=6.38% BPC=0.7487 rate=9.36% top100=96.46%
chunks=31200 bytes=63897600 progress=6.39% BPC=0.7487 rate=9.36% top100=96.46%
chunks=31250 bytes=64000000 progress=6.40% BPC=0.7487 rate=9.36% top100=96.46%
chunks=31300 bytes=64102400 progress=6.41% BPC=0.7489 rate=9.36% top100=96.46%
chunks=31350 bytes=64204800 progress=6.42% BPC=0.7488 rate=9.36% top100=96.46%
chunks=31400 bytes=64307200 progress=6.43% BPC=0.7488 rate=9.36% top100=96.46%
chunks=31450 bytes=64409600 progress=6.44% BPC=0.7488 rate=9.36% top100=96.46%
chunks=31500 bytes=64512000 progress=6.45% BPC=0.7488 rate=9.36% top100=96.46%
chunks=31550 bytes=64614400 progress=6.46% BPC=0.7488 rate=9.36% top100=96.46%
chunks=31600 bytes=64716800 progress=6.47% BPC=0.7488 rate=9.36% top100=96.46%
chunks=31650 bytes=64819200 progress=6.48% BPC=0.7488 rate=9.36% top100=96.46%
chunks=31700 bytes=64921600 progress=6.49% BPC=0.7488 rate=9.36% top100=96.46%
chunks=31750 bytes=65024000 progress=6.50% BPC=0.7488 rate=9.36% top100=96.46%
chunks=31800 bytes=65126400 progress=6.51% BPC=0.7488 rate=9.36% top100=96.46%
chunks=31850 bytes=65228800 progress=6.52% BPC=0.7489 rate=9.36% top100=96.46%
chunks=31900 bytes=65331200 progress=6.53% BPC=0.7491 rate=9.36% top100=96.46%
chunks=31950 bytes=65433600 progress=6.54% BPC=0.7492 rate=9.36% top100=96.46%
chunks=32000 bytes=65536000 progress=6.55% BPC=0.7492 rate=9.36% top100=96.46%
chunks=32050 bytes=65638400 progress=6.56% BPC=0.7492 rate=9.36% top100=96.45%
chunks=32100 bytes=65740800 progress=6.57% BPC=0.7491 rate=9.36% top100=96.46%
chunks=32150 bytes=65843200 progress=6.58% BPC=0.7490 rate=9.36% top100=96.46%
chunks=32200 bytes=65945600 progress=6.59% BPC=0.7490 rate=9.36% top100=96.46%
chunks=32250 bytes=66048000 progress=6.60% BPC=0.7490 rate=9.36% top100=96.46%
chunks=32300 bytes=66150400 progress=6.62% BPC=0.7490 rate=9.36% top100=96.46%
chunks=32350 bytes=66252800 progress=6.63% BPC=0.7490 rate=9.36% top100=96.46%
chunks=32400 bytes=66355200 progress=6.64% BPC=0.7490 rate=9.36% top100=96.45%
chunks=32450 bytes=66457600 progress=6.65% BPC=0.7490 rate=9.36% top100=96.45%
chunks=32500 bytes=66560000 progress=6.66% BPC=0.7491 rate=9.36% top100=96.45%
chunks=32550 bytes=66662400 progress=6.67% BPC=0.7491 rate=9.36% top100=96.45%
chunks=32600 bytes=66764800 progress=6.68% BPC=0.7489 rate=9.36% top100=96.45%
chunks=32650 bytes=66867200 progress=6.69% BPC=0.7489 rate=9.36% top100=96.45%
chunks=32700 bytes=66969600 progress=6.70% BPC=0.7488 rate=9.36% top100=96.46%
chunks=32750 bytes=67072000 progress=6.71% BPC=0.7488 rate=9.36% top100=96.46%
chunks=32800 bytes=67174400 progress=6.72% BPC=0.7488 rate=9.36% top100=96.46%
chunks=32850 bytes=67276800 progress=6.73% BPC=0.7487 rate=9.36% top100=96.46%
chunks=32900 bytes=67379200 progress=6.74% BPC=0.7489 rate=9.36% top100=96.45%
chunks=32950 bytes=67481600 progress=6.75% BPC=0.7489 rate=9.36% top100=96.45%
chunks=33000 bytes=67584000 progress=6.76% BPC=0.7487 rate=9.36% top100=96.46%
chunks=33050 bytes=67686400 progress=6.77% BPC=0.7487 rate=9.36% top100=96.46%
chunks=33100 bytes=67788800 progress=6.78% BPC=0.7487 rate=9.36% top100=96.46%
chunks=33150 bytes=67891200 progress=6.79% BPC=0.7488 rate=9.36% top100=96.46%
chunks=33200 bytes=67993600 progress=6.80% BPC=0.7487 rate=9.36% top100=96.46%
chunks=33250 bytes=68096000 progress=6.81% BPC=0.7489 rate=9.36% top100=96.45%
chunks=33300 bytes=68198400 progress=6.82% BPC=0.7490 rate=9.36% top100=96.45%
chunks=33350 bytes=68300800 progress=6.83% BPC=0.7490 rate=9.36% top100=96.45%
chunks=33400 bytes=68403200 progress=6.84% BPC=0.7490 rate=9.36% top100=96.45%
chunks=33450 bytes=68505600 progress=6.85% BPC=0.7489 rate=9.36% top100=96.45%
chunks=33500 bytes=68608000 progress=6.86% BPC=0.7489 rate=9.36% top100=96.45%
chunks=33550 bytes=68710400 progress=6.87% BPC=0.7487 rate=9.36% top100=96.45%
chunks=33600 bytes=68812800 progress=6.88% BPC=0.7487 rate=9.36% top100=96.45%
chunks=33650 bytes=68915200 progress=6.89% BPC=0.7486 rate=9.36% top100=96.46%
chunks=33700 bytes=69017600 progress=6.90% BPC=0.7485 rate=9.36% top100=96.46%
chunks=33750 bytes=69120000 progress=6.91% BPC=0.7485 rate=9.36% top100=96.46%
chunks=33800 bytes=69222400 progress=6.92% BPC=0.7487 rate=9.36% top100=96.46%
chunks=33850 bytes=69324800 progress=6.93% BPC=0.7488 rate=9.36% top100=96.45%
chunks=33900 bytes=69427200 progress=6.94% BPC=0.7488 rate=9.36% top100=96.45%
chunks=33950 bytes=69529600 progress=6.95% BPC=0.7488 rate=9.36% top100=96.45%
chunks=34000 bytes=69632000 progress=6.96% BPC=0.7489 rate=9.36% top100=96.45%
chunks=34050 bytes=69734400 progress=6.97% BPC=0.7489 rate=9.36% top100=96.45%
chunks=34100 bytes=69836800 progress=6.98% BPC=0.7491 rate=9.36% top100=96.45%
chunks=34150 bytes=69939200 progress=6.99% BPC=0.7491 rate=9.36% top100=96.45%
chunks=34200 bytes=70041600 progress=7.00% BPC=0.7491 rate=9.36% top100=96.45%
chunks=34250 bytes=70144000 progress=7.01% BPC=0.7491 rate=9.36% top100=96.45%
chunks=34300 bytes=70246400 progress=7.02% BPC=0.7490 rate=9.36% top100=96.45%
chunks=34350 bytes=70348800 progress=7.03% BPC=0.7491 rate=9.36% top100=96.45%
chunks=34400 bytes=70451200 progress=7.05% BPC=0.7492 rate=9.36% top100=96.45%
chunks=34450 bytes=70553600 progress=7.06% BPC=0.7492 rate=9.37% top100=96.45%
chunks=34500 bytes=70656000 progress=7.07% BPC=0.7491 rate=9.36% top100=96.45%
chunks=34550 bytes=70758400 progress=7.08% BPC=0.7491 rate=9.36% top100=96.45%
chunks=34600 bytes=70860800 progress=7.09% BPC=0.7492 rate=9.37% top100=96.45%
chunks=34650 bytes=70963200 progress=7.10% BPC=0.7492 rate=9.36% top100=96.45%
chunks=34700 bytes=71065600 progress=7.11% BPC=0.7493 rate=9.37% top100=96.45%
chunks=34750 bytes=71168000 progress=7.12% BPC=0.7493 rate=9.37% top100=96.45%
chunks=34800 bytes=71270400 progress=7.13% BPC=0.7493 rate=9.37% top100=96.45%
chunks=34850 bytes=71372800 progress=7.14% BPC=0.7492 rate=9.37% top100=96.45%
chunks=34900 bytes=71475200 progress=7.15% BPC=0.7490 rate=9.36% top100=96.45%
chunks=34950 bytes=71577600 progress=7.16% BPC=0.7488 rate=9.36% top100=96.45%
chunks=35000 bytes=71680000 progress=7.17% BPC=0.7485 rate=9.36% top100=96.46%
chunks=35050 bytes=71782400 progress=7.18% BPC=0.7485 rate=9.36% top100=96.46%
chunks=35100 bytes=71884800 progress=7.19% BPC=0.7483 rate=9.35% top100=96.46%
chunks=35150 bytes=71987200 progress=7.20% BPC=0.7483 rate=9.35% top100=96.46%
chunks=35200 bytes=72089600 progress=7.21% BPC=0.7484 rate=9.35% top100=96.46%
chunks=35250 bytes=72192000 progress=7.22% BPC=0.7484 rate=9.35% top100=96.46%
chunks=35300 bytes=72294400 progress=7.23% BPC=0.7484 rate=9.36% top100=96.46%
chunks=35350 bytes=72396800 progress=7.24% BPC=0.7484 rate=9.35% top100=96.46%
chunks=35400 bytes=72499200 progress=7.25% BPC=0.7484 rate=9.35% top100=96.46%
chunks=35450 bytes=72601600 progress=7.26% BPC=0.7485 rate=9.36% top100=96.46%
chunks=35500 bytes=72704000 progress=7.27% BPC=0.7484 rate=9.36% top100=96.46%
chunks=35550 bytes=72806400 progress=7.28% BPC=0.7485 rate=9.36% top100=96.46%
chunks=35600 bytes=72908800 progress=7.29% BPC=0.7485 rate=9.36% top100=96.46%
chunks=35650 bytes=73011200 progress=7.30% BPC=0.7485 rate=9.36% top100=96.46%
chunks=35700 bytes=73113600 progress=7.31% BPC=0.7485 rate=9.36% top100=96.46%
chunks=35750 bytes=73216000 progress=7.32% BPC=0.7485 rate=9.36% top100=96.46%
chunks=35800 bytes=73318400 progress=7.33% BPC=0.7485 rate=9.36% top100=96.46%
chunks=35850 bytes=73420800 progress=7.34% BPC=0.7485 rate=9.36% top100=96.46%
chunks=35900 bytes=73523200 progress=7.35% BPC=0.7486 rate=9.36% top100=96.46%
chunks=35950 bytes=73625600 progress=7.36% BPC=0.7486 rate=9.36% top100=96.46%
chunks=36000 bytes=73728000 progress=7.37% BPC=0.7486 rate=9.36% top100=96.46%
chunks=36050 bytes=73830400 progress=7.38% BPC=0.7486 rate=9.36% top100=96.45%
chunks=36100 bytes=73932800 progress=7.39% BPC=0.7486 rate=9.36% top100=96.46%
chunks=36150 bytes=74035200 progress=7.40% BPC=0.7486 rate=9.36% top100=96.46%
chunks=36200 bytes=74137600 progress=7.41% BPC=0.7486 rate=9.36% top100=96.46%
chunks=36250 bytes=74240000 progress=7.42% BPC=0.7486 rate=9.36% top100=96.46%
chunks=36300 bytes=74342400 progress=7.43% BPC=0.7486 rate=9.36% top100=96.46%
chunks=36350 bytes=74444800 progress=7.44% BPC=0.7486 rate=9.36% top100=96.46%
chunks=36400 bytes=74547200 progress=7.45% BPC=0.7487 rate=9.36% top100=96.46%
chunks=36450 bytes=74649600 progress=7.46% BPC=0.7487 rate=9.36% top100=96.45%
chunks=36500 bytes=74752000 progress=7.48% BPC=0.7488 rate=9.36% top100=96.45%
chunks=36550 bytes=74854400 progress=7.49% BPC=0.7487 rate=9.36% top100=96.45%
chunks=36600 bytes=74956800 progress=7.50% BPC=0.7486 rate=9.36% top100=96.45%
chunks=36650 bytes=75059200 progress=7.51% BPC=0.7488 rate=9.36% top100=96.45%
chunks=36700 bytes=75161600 progress=7.52% BPC=0.7488 rate=9.36% top100=96.45%
chunks=36750 bytes=75264000 progress=7.53% BPC=0.7490 rate=9.36% top100=96.46%
chunks=36800 bytes=75366400 progress=7.54% BPC=0.7490 rate=9.36% top100=96.46%
chunks=36850 bytes=75468800 progress=7.55% BPC=0.7489 rate=9.36% top100=96.46%
chunks=36900 bytes=75571200 progress=7.56% BPC=0.7488 rate=9.36% top100=96.46%
chunks=36950 bytes=75673600 progress=7.57% BPC=0.7488 rate=9.36% top100=96.46%
chunks=37000 bytes=75776000 progress=7.58% BPC=0.7487 rate=9.36% top100=96.46%
chunks=37050 bytes=75878400 progress=7.59% BPC=0.7488 rate=9.36% top100=96.46%
chunks=37100 bytes=75980800 progress=7.60% BPC=0.7489 rate=9.36% top100=96.45%
chunks=37150 bytes=76083200 progress=7.61% BPC=0.7489 rate=9.36% top100=96.45%
chunks=37200 bytes=76185600 progress=7.62% BPC=0.7489 rate=9.36% top100=96.45%
chunks=37250 bytes=76288000 progress=7.63% BPC=0.7488 rate=9.36% top100=96.46%
chunks=37300 bytes=76390400 progress=7.64% BPC=0.7487 rate=9.36% top100=96.46%
chunks=37350 bytes=76492800 progress=7.65% BPC=0.7487 rate=9.36% top100=96.46%
chunks=37400 bytes=76595200 progress=7.66% BPC=0.7488 rate=9.36% top100=96.46%
chunks=37450 bytes=76697600 progress=7.67% BPC=0.7488 rate=9.36% top100=96.46%
chunks=37500 bytes=76800000 progress=7.68% BPC=0.7487 rate=9.36% top100=96.46%
chunks=37550 bytes=76902400 progress=7.69% BPC=0.7486 rate=9.36% top100=96.46%
chunks=37600 bytes=77004800 progress=7.70% BPC=0.7485 rate=9.36% top100=96.46%
chunks=37650 bytes=77107200 progress=7.71% BPC=0.7485 rate=9.36% top100=96.46%
chunks=37700 bytes=77209600 progress=7.72% BPC=0.7485 rate=9.36% top100=96.46%
chunks=37750 bytes=77312000 progress=7.73% BPC=0.7486 rate=9.36% top100=96.46%
chunks=37800 bytes=77414400 progress=7.74% BPC=0.7486 rate=9.36% top100=96.46%
chunks=37850 bytes=77516800 progress=7.75% BPC=0.7487 rate=9.36% top100=96.46%
chunks=37900 bytes=77619200 progress=7.76% BPC=0.7488 rate=9.36% top100=96.46%
chunks=37950 bytes=77721600 progress=7.77% BPC=0.7488 rate=9.36% top100=96.46%
chunks=38000 bytes=77824000 progress=7.78% BPC=0.7488 rate=9.36% top100=96.46%
chunks=38050 bytes=77926400 progress=7.79% BPC=0.7488 rate=9.36% top100=96.46%
chunks=38100 bytes=78028800 progress=7.80% BPC=0.7488 rate=9.36% top100=96.46%
chunks=38150 bytes=78131200 progress=7.81% BPC=0.7489 rate=9.36% top100=96.46%
chunks=38200 bytes=78233600 progress=7.82% BPC=0.7488 rate=9.36% top100=96.46%
chunks=38250 bytes=78336000 progress=7.83% BPC=0.7489 rate=9.36% top100=96.46%
chunks=38300 bytes=78438400 progress=7.84% BPC=0.7489 rate=9.36% top100=96.46%
chunks=38350 bytes=78540800 progress=7.85% BPC=0.7489 rate=9.36% top100=96.46%
chunks=38400 bytes=78643200 progress=7.86% BPC=0.7489 rate=9.36% top100=96.46%
chunks=38450 bytes=78745600 progress=7.87% BPC=0.7490 rate=9.36% top100=96.45%
chunks=38500 bytes=78848000 progress=7.88% BPC=0.7490 rate=9.36% top100=96.45%
chunks=38550 bytes=78950400 progress=7.90% BPC=0.7491 rate=9.36% top100=96.45%
chunks=38600 bytes=79052800 progress=7.91% BPC=0.7491 rate=9.36% top100=96.45%
chunks=38650 bytes=79155200 progress=7.92% BPC=0.7491 rate=9.36% top100=96.45%
chunks=38700 bytes=79257600 progress=7.93% BPC=0.7491 rate=9.36% top100=96.45%
chunks=38750 bytes=79360000 progress=7.94% BPC=0.7491 rate=9.36% top100=96.45%
chunks=38800 bytes=79462400 progress=7.95% BPC=0.7491 rate=9.36% top100=96.45%
chunks=38850 bytes=79564800 progress=7.96% BPC=0.7491 rate=9.36% top100=96.45%
chunks=38900 bytes=79667200 progress=7.97% BPC=0.7491 rate=9.36% top100=96.45%
chunks=38950 bytes=79769600 progress=7.98% BPC=0.7491 rate=9.36% top100=96.45%
chunks=39000 bytes=79872000 progress=7.99% BPC=0.7491 rate=9.36% top100=96.45%
chunks=39050 bytes=79974400 progress=8.00% BPC=0.7492 rate=9.36% top100=96.45%
chunks=39100 bytes=80076800 progress=8.01% BPC=0.7492 rate=9.36% top100=96.45%
chunks=39150 bytes=80179200 progress=8.02% BPC=0.7492 rate=9.37% top100=96.45%
chunks=39200 bytes=80281600 progress=8.03% BPC=0.7492 rate=9.37% top100=96.45%
chunks=39250 bytes=80384000 progress=8.04% BPC=0.7493 rate=9.37% top100=96.45%
chunks=39300 bytes=80486400 progress=8.05% BPC=0.7493 rate=9.37% top100=96.45%
chunks=39350 bytes=80588800 progress=8.06% BPC=0.7493 rate=9.37% top100=96.45%
chunks=39400 bytes=80691200 progress=8.07% BPC=0.7492 rate=9.37% top100=96.45%
chunks=39450 bytes=80793600 progress=8.08% BPC=0.7492 rate=9.37% top100=96.45%
chunks=39500 bytes=80896000 progress=8.09% BPC=0.7492 rate=9.37% top100=96.45%
chunks=39550 bytes=80998400 progress=8.10% BPC=0.7493 rate=9.37% top100=96.45%
chunks=39600 bytes=81100800 progress=8.11% BPC=0.7493 rate=9.37% top100=96.45%
chunks=39650 bytes=81203200 progress=8.12% BPC=0.7493 rate=9.37% top100=96.45%
chunks=39700 bytes=81305600 progress=8.13% BPC=0.7494 rate=9.37% top100=96.45%
chunks=39750 bytes=81408000 progress=8.14% BPC=0.7494 rate=9.37% top100=96.45%
chunks=39800 bytes=81510400 progress=8.15% BPC=0.7494 rate=9.37% top100=96.45%
chunks=39850 bytes=81612800 progress=8.16% BPC=0.7494 rate=9.37% top100=96.45%
chunks=39900 bytes=81715200 progress=8.17% BPC=0.7495 rate=9.37% top100=96.45%
chunks=39950 bytes=81817600 progress=8.18% BPC=0.7495 rate=9.37% top100=96.45%
chunks=40000 bytes=81920000 progress=8.19% BPC=0.7495 rate=9.37% top100=96.45%
chunks=40050 bytes=82022400 progress=8.20% BPC=0.7496 rate=9.37% top100=96.45%
chunks=40100 bytes=82124800 progress=8.21% BPC=0.7496 rate=9.37% top100=96.45%
chunks=40150 bytes=82227200 progress=8.22% BPC=0.7496 rate=9.37% top100=96.45%
chunks=40200 bytes=82329600 progress=8.23% BPC=0.7496 rate=9.37% top100=96.45%
chunks=40250 bytes=82432000 progress=8.24% BPC=0.7496 rate=9.37% top100=96.45%
chunks=40300 bytes=82534400 progress=8.25% BPC=0.7496 rate=9.37% top100=96.45%
chunks=40350 bytes=82636800 progress=8.26% BPC=0.7496 rate=9.37% top100=96.45%
chunks=40400 bytes=82739200 progress=8.27% BPC=0.7496 rate=9.37% top100=96.45%
chunks=40450 bytes=82841600 progress=8.28% BPC=0.7496 rate=9.37% top100=96.45%
chunks=40500 bytes=82944000 progress=8.29% BPC=0.7496 rate=9.37% top100=96.45%
chunks=40550 bytes=83046400 progress=8.30% BPC=0.7496 rate=9.37% top100=96.45%
chunks=40600 bytes=83148800 progress=8.31% BPC=0.7495 rate=9.37% top100=96.45%
chunks=40650 bytes=83251200 progress=8.33% BPC=0.7495 rate=9.37% top100=96.45%
chunks=40700 bytes=83353600 progress=8.34% BPC=0.7495 rate=9.37% top100=96.45%
chunks=40750 bytes=83456000 progress=8.35% BPC=0.7495 rate=9.37% top100=96.45%
chunks=40800 bytes=83558400 progress=8.36% BPC=0.7495 rate=9.37% top100=96.45%
chunks=40850 bytes=83660800 progress=8.37% BPC=0.7495 rate=9.37% top100=96.45%
chunks=40900 bytes=83763200 progress=8.38% BPC=0.7496 rate=9.37% top100=96.45%
chunks=40950 bytes=83865600 progress=8.39% BPC=0.7496 rate=9.37% top100=96.45%
chunks=41000 bytes=83968000 progress=8.40% BPC=0.7495 rate=9.37% top100=96.45%
chunks=41050 bytes=84070400 progress=8.41% BPC=0.7494 rate=9.37% top100=96.45%
chunks=41100 bytes=84172800 progress=8.42% BPC=0.7494 rate=9.37% top100=96.45%
chunks=41150 bytes=84275200 progress=8.43% BPC=0.7493 rate=9.37% top100=96.45%
chunks=41200 bytes=84377600 progress=8.44% BPC=0.7493 rate=9.37% top100=96.45%
chunks=41250 bytes=84480000 progress=8.45% BPC=0.7494 rate=9.37% top100=96.45%
chunks=41300 bytes=84582400 progress=8.46% BPC=0.7494 rate=9.37% top100=96.45%
chunks=41350 bytes=84684800 progress=8.47% BPC=0.7494 rate=9.37% top100=96.45%
chunks=41400 bytes=84787200 progress=8.48% BPC=0.7495 rate=9.37% top100=96.45%
chunks=41450 bytes=84889600 progress=8.49% BPC=0.7495 rate=9.37% top100=96.45%
chunks=41500 bytes=84992000 progress=8.50% BPC=0.7495 rate=9.37% top100=96.45%
chunks=41550 bytes=85094400 progress=8.51% BPC=0.7494 rate=9.37% top100=96.45%
chunks=41600 bytes=85196800 progress=8.52% BPC=0.7495 rate=9.37% top100=96.45%
chunks=41650 bytes=85299200 progress=8.53% BPC=0.7496 rate=9.37% top100=96.44%
chunks=41700 bytes=85401600 progress=8.54% BPC=0.7497 rate=9.37% top100=96.44%
chunks=41750 bytes=85504000 progress=8.55% BPC=0.7497 rate=9.37% top100=96.44%
chunks=41800 bytes=85606400 progress=8.56% BPC=0.7497 rate=9.37% top100=96.44%
chunks=41850 bytes=85708800 progress=8.57% BPC=0.7498 rate=9.37% top100=96.44%
chunks=41900 bytes=85811200 progress=8.58% BPC=0.7498 rate=9.37% top100=96.44%
chunks=41950 bytes=85913600 progress=8.59% BPC=0.7498 rate=9.37% top100=96.44%
chunks=42000 bytes=86016000 progress=8.60% BPC=0.7498 rate=9.37% top100=96.44%
chunks=42050 bytes=86118400 progress=8.61% BPC=0.7499 rate=9.37% top100=96.44%
chunks=42100 bytes=86220800 progress=8.62% BPC=0.7499 rate=9.37% top100=96.44%
chunks=42150 bytes=86323200 progress=8.63% BPC=0.7499 rate=9.37% top100=96.44%
chunks=42200 bytes=86425600 progress=8.64% BPC=0.7500 rate=9.38% top100=96.44%
chunks=42250 bytes=86528000 progress=8.65% BPC=0.7500 rate=9.37% top100=96.44%
chunks=42300 bytes=86630400 progress=8.66% BPC=0.7500 rate=9.38% top100=96.44%
chunks=42350 bytes=86732800 progress=8.67% BPC=0.7500 rate=9.38% top100=96.44%
chunks=42400 bytes=86835200 progress=8.68% BPC=0.7500 rate=9.38% top100=96.44%
chunks=42450 bytes=86937600 progress=8.69% BPC=0.7500 rate=9.38% top100=96.44%
chunks=42500 bytes=87040000 progress=8.70% BPC=0.7500 rate=9.38% top100=96.44%
chunks=42550 bytes=87142400 progress=8.71% BPC=0.7500 rate=9.38% top100=96.44%
chunks=42600 bytes=87244800 progress=8.72% BPC=0.7499 rate=9.37% top100=96.44%
chunks=42650 bytes=87347200 progress=8.73% BPC=0.7500 rate=9.37% top100=96.44%
chunks=42700 bytes=87449600 progress=8.74% BPC=0.7500 rate=9.38% top100=96.44%
chunks=42750 bytes=87552000 progress=8.76% BPC=0.7500 rate=9.37% top100=96.44%
chunks=42800 bytes=87654400 progress=8.77% BPC=0.7500 rate=9.37% top100=96.44%
chunks=42850 bytes=87756800 progress=8.78% BPC=0.7500 rate=9.37% top100=96.44%
chunks=42900 bytes=87859200 progress=8.79% BPC=0.7499 rate=9.37% top100=96.44%
chunks=42950 bytes=87961600 progress=8.80% BPC=0.7499 rate=9.37% top100=96.44%
chunks=43000 bytes=88064000 progress=8.81% BPC=0.7500 rate=9.37% top100=96.44%
chunks=43050 bytes=88166400 progress=8.82% BPC=0.7499 rate=9.37% top100=96.44%
chunks=43100 bytes=88268800 progress=8.83% BPC=0.7500 rate=9.37% top100=96.44%
chunks=43150 bytes=88371200 progress=8.84% BPC=0.7500 rate=9.37% top100=96.44%
chunks=43200 bytes=88473600 progress=8.85% BPC=0.7499 rate=9.37% top100=96.44%
chunks=43250 bytes=88576000 progress=8.86% BPC=0.7500 rate=9.37% top100=96.44%
chunks=43300 bytes=88678400 progress=8.87% BPC=0.7500 rate=9.37% top100=96.44%
chunks=43350 bytes=88780800 progress=8.88% BPC=0.7500 rate=9.37% top100=96.44%
chunks=43400 bytes=88883200 progress=8.89% BPC=0.7500 rate=9.37% top100=96.44%
chunks=43450 bytes=88985600 progress=8.90% BPC=0.7500 rate=9.37% top100=96.44%
chunks=43500 bytes=89088000 progress=8.91% BPC=0.7500 rate=9.37% top100=96.44%
chunks=43550 bytes=89190400 progress=8.92% BPC=0.7500 rate=9.37% top100=96.44%
chunks=43600 bytes=89292800 progress=8.93% BPC=0.7500 rate=9.37% top100=96.44%
chunks=43650 bytes=89395200 progress=8.94% BPC=0.7500 rate=9.38% top100=96.44%
chunks=43700 bytes=89497600 progress=8.95% BPC=0.7501 rate=9.38% top100=96.44%
chunks=43750 bytes=89600000 progress=8.96% BPC=0.7500 rate=9.38% top100=96.44%
chunks=43800 bytes=89702400 progress=8.97% BPC=0.7501 rate=9.38% top100=96.44%
chunks=43850 bytes=89804800 progress=8.98% BPC=0.7500 rate=9.38% top100=96.44%
chunks=43900 bytes=89907200 progress=8.99% BPC=0.7501 rate=9.38% top100=96.44%
chunks=43950 bytes=90009600 progress=9.00% BPC=0.7501 rate=9.38% top100=96.44%
chunks=44000 bytes=90112000 progress=9.01% BPC=0.7500 rate=9.38% top100=96.44%
chunks=44050 bytes=90214400 progress=9.02% BPC=0.7500 rate=9.37% top100=96.44%
chunks=44100 bytes=90316800 progress=9.03% BPC=0.7501 rate=9.38% top100=96.43%
chunks=44150 bytes=90419200 progress=9.04% BPC=0.7502 rate=9.38% top100=96.43%
chunks=44200 bytes=90521600 progress=9.05% BPC=0.7501 rate=9.38% top100=96.43%
chunks=44250 bytes=90624000 progress=9.06% BPC=0.7501 rate=9.38% top100=96.43%
chunks=44300 bytes=90726400 progress=9.07% BPC=0.7501 rate=9.38% top100=96.43%
chunks=44350 bytes=90828800 progress=9.08% BPC=0.7501 rate=9.38% top100=96.43%
chunks=44400 bytes=90931200 progress=9.09% BPC=0.7501 rate=9.38% top100=96.43%
chunks=44450 bytes=91033600 progress=9.10% BPC=0.7501 rate=9.38% top100=96.43%
chunks=44500 bytes=91136000 progress=9.11% BPC=0.7501 rate=9.38% top100=96.43%
chunks=44550 bytes=91238400 progress=9.12% BPC=0.7501 rate=9.38% top100=96.43%
chunks=44600 bytes=91340800 progress=9.13% BPC=0.7502 rate=9.38% top100=96.43%
chunks=44650 bytes=91443200 progress=9.14% BPC=0.7502 rate=9.38% top100=96.43%
chunks=44700 bytes=91545600 progress=9.15% BPC=0.7500 rate=9.38% top100=96.44%
chunks=44750 bytes=91648000 progress=9.16% BPC=0.7499 rate=9.37% top100=96.44%
chunks=44800 bytes=91750400 progress=9.18% BPC=0.7499 rate=9.37% top100=96.44%
chunks=44850 bytes=91852800 progress=9.19% BPC=0.7500 rate=9.37% top100=96.44%
chunks=44900 bytes=91955200 progress=9.20% BPC=0.7500 rate=9.38% top100=96.44%
chunks=44950 bytes=92057600 progress=9.21% BPC=0.7501 rate=9.38% top100=96.44%
chunks=45000 bytes=92160000 progress=9.22% BPC=0.7501 rate=9.38% top100=96.44%
chunks=45050 bytes=92262400 progress=9.23% BPC=0.7501 rate=9.38% top100=96.44%
chunks=45100 bytes=92364800 progress=9.24% BPC=0.7501 rate=9.38% top100=96.44%
chunks=45150 bytes=92467200 progress=9.25% BPC=0.7502 rate=9.38% top100=96.43%
chunks=45200 bytes=92569600 progress=9.26% BPC=0.7503 rate=9.38% top100=96.43%
chunks=45250 bytes=92672000 progress=9.27% BPC=0.7502 rate=9.38% top100=96.43%
chunks=45300 bytes=92774400 progress=9.28% BPC=0.7502 rate=9.38% top100=96.43%
chunks=45350 bytes=92876800 progress=9.29% BPC=0.7502 rate=9.38% top100=96.43%
chunks=45400 bytes=92979200 progress=9.30% BPC=0.7502 rate=9.38% top100=96.43%
chunks=45450 bytes=93081600 progress=9.31% BPC=0.7502 rate=9.38% top100=96.44%
chunks=45500 bytes=93184000 progress=9.32% BPC=0.7502 rate=9.38% top100=96.44%
chunks=45550 bytes=93286400 progress=9.33% BPC=0.7502 rate=9.38% top100=96.43%
chunks=45600 bytes=93388800 progress=9.34% BPC=0.7501 rate=9.38% top100=96.44%
chunks=45650 bytes=93491200 progress=9.35% BPC=0.7501 rate=9.38% top100=96.44%
chunks=45700 bytes=93593600 progress=9.36% BPC=0.7501 rate=9.38% top100=96.44%
chunks=45750 bytes=93696000 progress=9.37% BPC=0.7500 rate=9.38% top100=96.44%
chunks=45800 bytes=93798400 progress=9.38% BPC=0.7499 rate=9.37% top100=96.44%
chunks=45850 bytes=93900800 progress=9.39% BPC=0.7499 rate=9.37% top100=96.44%
chunks=45900 bytes=94003200 progress=9.40% BPC=0.7499 rate=9.37% top100=96.44%
chunks=45950 bytes=94105600 progress=9.41% BPC=0.7498 rate=9.37% top100=96.44%
chunks=46000 bytes=94208000 progress=9.42% BPC=0.7499 rate=9.37% top100=96.44%
chunks=46050 bytes=94310400 progress=9.43% BPC=0.7499 rate=9.37% top100=96.44%
chunks=46100 bytes=94412800 progress=9.44% BPC=0.7500 rate=9.37% top100=96.44%
chunks=46150 bytes=94515200 progress=9.45% BPC=0.7500 rate=9.37% top100=96.44%
chunks=46200 bytes=94617600 progress=9.46% BPC=0.7500 rate=9.37% top100=96.44%
chunks=46250 bytes=94720000 progress=9.47% BPC=0.7500 rate=9.37% top100=96.44%
chunks=46300 bytes=94822400 progress=9.48% BPC=0.7500 rate=9.37% top100=96.44%
chunks=46350 bytes=94924800 progress=9.49% BPC=0.7500 rate=9.37% top100=96.44%
chunks=46400 bytes=95027200 progress=9.50% BPC=0.7500 rate=9.37% top100=96.44%
chunks=46450 bytes=95129600 progress=9.51% BPC=0.7499 rate=9.37% top100=96.44%
chunks=46500 bytes=95232000 progress=9.52% BPC=0.7499 rate=9.37% top100=96.44%
chunks=46550 bytes=95334400 progress=9.53% BPC=0.7498 rate=9.37% top100=96.44%
chunks=46600 bytes=95436800 progress=9.54% BPC=0.7497 rate=9.37% top100=96.44%
chunks=46650 bytes=95539200 progress=9.55% BPC=0.7498 rate=9.37% top100=96.44%
chunks=46700 bytes=95641600 progress=9.56% BPC=0.7498 rate=9.37% top100=96.44%
chunks=46750 bytes=95744000 progress=9.57% BPC=0.7498 rate=9.37% top100=96.44%
chunks=46800 bytes=95846400 progress=9.58% BPC=0.7498 rate=9.37% top100=96.44%
chunks=46850 bytes=95948800 progress=9.59% BPC=0.7498 rate=9.37% top100=96.44%
chunks=46900 bytes=96051200 progress=9.61% BPC=0.7498 rate=9.37% top100=96.44%
chunks=46950 bytes=96153600 progress=9.62% BPC=0.7498 rate=9.37% top100=96.44%
chunks=47000 bytes=96256000 progress=9.63% BPC=0.7498 rate=9.37% top100=96.44%
chunks=47050 bytes=96358400 progress=9.64% BPC=0.7498 rate=9.37% top100=96.44%
chunks=47100 bytes=96460800 progress=9.65% BPC=0.7498 rate=9.37% top100=96.44%
chunks=47150 bytes=96563200 progress=9.66% BPC=0.7497 rate=9.37% top100=96.44%
chunks=47200 bytes=96665600 progress=9.67% BPC=0.7498 rate=9.37% top100=96.44%
chunks=47250 bytes=96768000 progress=9.68% BPC=0.7497 rate=9.37% top100=96.44%
chunks=47300 bytes=96870400 progress=9.69% BPC=0.7492 rate=9.36% top100=96.44%
chunks=47350 bytes=96972800 progress=9.70% BPC=0.7490 rate=9.36% top100=96.45%
chunks=47400 bytes=97075200 progress=9.71% BPC=0.7490 rate=9.36% top100=96.45%
chunks=47450 bytes=97177600 progress=9.72% BPC=0.7490 rate=9.36% top100=96.45%
chunks=47500 bytes=97280000 progress=9.73% BPC=0.7491 rate=9.36% top100=96.45%
chunks=47550 bytes=97382400 progress=9.74% BPC=0.7491 rate=9.36% top100=96.45%
chunks=47600 bytes=97484800 progress=9.75% BPC=0.7491 rate=9.36% top100=96.45%
chunks=47650 bytes=97587200 progress=9.76% BPC=0.7491 rate=9.36% top100=96.44%
chunks=47700 bytes=97689600 progress=9.77% BPC=0.7491 rate=9.36% top100=96.44%
chunks=47750 bytes=97792000 progress=9.78% BPC=0.7491 rate=9.36% top100=96.44%
chunks=47800 bytes=97894400 progress=9.79% BPC=0.7491 rate=9.36% top100=96.44%
chunks=47850 bytes=97996800 progress=9.80% BPC=0.7492 rate=9.36% top100=96.44%
chunks=47900 bytes=98099200 progress=9.81% BPC=0.7492 rate=9.36% top100=96.44%
chunks=47950 bytes=98201600 progress=9.82% BPC=0.7491 rate=9.36% top100=96.44%
chunks=48000 bytes=98304000 progress=9.83% BPC=0.7491 rate=9.36% top100=96.44%
chunks=48050 bytes=98406400 progress=9.84% BPC=0.7491 rate=9.36% top100=96.44%
chunks=48100 bytes=98508800 progress=9.85% BPC=0.7491 rate=9.36% top100=96.44%
chunks=48150 bytes=98611200 progress=9.86% BPC=0.7491 rate=9.36% top100=96.44%
chunks=48200 bytes=98713600 progress=9.87% BPC=0.7491 rate=9.36% top100=96.44%
chunks=48250 bytes=98816000 progress=9.88% BPC=0.7490 rate=9.36% top100=96.44%
chunks=48300 bytes=98918400 progress=9.89% BPC=0.7490 rate=9.36% top100=96.44%
chunks=48350 bytes=99020800 progress=9.90% BPC=0.7489 rate=9.36% top100=96.45%
chunks=48400 bytes=99123200 progress=9.91% BPC=0.7489 rate=9.36% top100=96.45%
chunks=48450 bytes=99225600 progress=9.92% BPC=0.7489 rate=9.36% top100=96.45%
chunks=48500 bytes=99328000 progress=9.93% BPC=0.7488 rate=9.36% top100=96.45%
chunks=48550 bytes=99430400 progress=9.94% BPC=0.7488 rate=9.36% top100=96.45%
chunks=48600 bytes=99532800 progress=9.95% BPC=0.7488 rate=9.36% top100=96.45%
chunks=48650 bytes=99635200 progress=9.96% BPC=0.7487 rate=9.36% top100=96.45%
chunks=48700 bytes=99737600 progress=9.97% BPC=0.7487 rate=9.36% top100=96.45%
chunks=48750 bytes=99840000 progress=9.98% BPC=0.7486 rate=9.36% top100=96.45%
chunks=48800 bytes=99942400 progress=9.99% BPC=0.7486 rate=9.36% top100=96.45%
chunks=48850 bytes=100044800 progress=10.00% BPC=0.7486 rate=9.36% top100=96.45%
chunks=48900 bytes=100147200 progress=10.01% BPC=0.7486 rate=9.36% top100=96.45%
chunks=48950 bytes=100249600 progress=10.02% BPC=0.7486 rate=9.36% top100=96.45%
chunks=49000 bytes=100352000 progress=10.04% BPC=0.7486 rate=9.36% top100=96.45%
chunks=49050 bytes=100454400 progress=10.05% BPC=0.7486 rate=9.36% top100=96.45%
chunks=49100 bytes=100556800 progress=10.06% BPC=0.7486 rate=9.36% top100=96.45%
chunks=49150 bytes=100659200 progress=10.07% BPC=0.7485 rate=9.36% top100=96.45%
chunks=49200 bytes=100761600 progress=10.08% BPC=0.7485 rate=9.36% top100=96.45%
chunks=49250 bytes=100864000 progress=10.09% BPC=0.7484 rate=9.35% top100=96.45%
chunks=49300 bytes=100966400 progress=10.10% BPC=0.7484 rate=9.35% top100=96.45%
chunks=49350 bytes=101068800 progress=10.11% BPC=0.7484 rate=9.35% top100=96.45%
chunks=49400 bytes=101171200 progress=10.12% BPC=0.7484 rate=9.35% top100=96.45%
chunks=49450 bytes=101273600 progress=10.13% BPC=0.7483 rate=9.35% top100=96.45%
chunks=49500 bytes=101376000 progress=10.14% BPC=0.7483 rate=9.35% top100=96.45%
chunks=49550 bytes=101478400 progress=10.15% BPC=0.7483 rate=9.35% top100=96.45%
chunks=49600 bytes=101580800 progress=10.16% BPC=0.7483 rate=9.35% top100=96.45%
chunks=49650 bytes=101683200 progress=10.17% BPC=0.7482 rate=9.35% top100=96.45%
chunks=49700 bytes=101785600 progress=10.18% BPC=0.7482 rate=9.35% top100=96.45%
chunks=49750 bytes=101888000 progress=10.19% BPC=0.7481 rate=9.35% top100=96.46%
chunks=49800 bytes=101990400 progress=10.20% BPC=0.7481 rate=9.35% top100=96.46%
chunks=49850 bytes=102092800 progress=10.21% BPC=0.7481 rate=9.35% top100=96.46%
chunks=49900 bytes=102195200 progress=10.22% BPC=0.7480 rate=9.35% top100=96.46%
chunks=49950 bytes=102297600 progress=10.23% BPC=0.7480 rate=9.35% top100=96.46%
chunks=50000 bytes=102400000 progress=10.24% BPC=0.7479 rate=9.35% top100=96.46%
chunks=50050 bytes=102502400 progress=10.25% BPC=0.7478 rate=9.35% top100=96.46%
chunks=50100 bytes=102604800 progress=10.26% BPC=0.7478 rate=9.35% top100=96.46%
chunks=50150 bytes=102707200 progress=10.27% BPC=0.7478 rate=9.35% top100=96.46%
chunks=50200 bytes=102809600 progress=10.28% BPC=0.7478 rate=9.35% top100=96.46%
chunks=50250 bytes=102912000 progress=10.29% BPC=0.7478 rate=9.35% top100=96.46%
chunks=50300 bytes=103014400 progress=10.30% BPC=0.7478 rate=9.35% top100=96.46%
chunks=50350 bytes=103116800 progress=10.31% BPC=0.7478 rate=9.35% top100=96.46%
chunks=50400 bytes=103219200 progress=10.32% BPC=0.7477 rate=9.35% top100=96.46%
chunks=50450 bytes=103321600 progress=10.33% BPC=0.7477 rate=9.35% top100=96.46%
chunks=50500 bytes=103424000 progress=10.34% BPC=0.7476 rate=9.34% top100=96.46%
chunks=50550 bytes=103526400 progress=10.35% BPC=0.7475 rate=9.34% top100=96.46%
chunks=50600 bytes=103628800 progress=10.36% BPC=0.7475 rate=9.34% top100=96.46%
chunks=50650 bytes=103731200 progress=10.37% BPC=0.7475 rate=9.34% top100=96.46%
chunks=50700 bytes=103833600 progress=10.38% BPC=0.7475 rate=9.34% top100=96.46%
chunks=50750 bytes=103936000 progress=10.39% BPC=0.7475 rate=9.34% top100=96.46%
chunks=50800 bytes=104038400 progress=10.40% BPC=0.7475 rate=9.34% top100=96.46%
chunks=50850 bytes=104140800 progress=10.41% BPC=0.7474 rate=9.34% top100=96.46%
chunks=50900 bytes=104243200 progress=10.42% BPC=0.7474 rate=9.34% top100=96.47%
chunks=50950 bytes=104345600 progress=10.43% BPC=0.7474 rate=9.34% top100=96.47%
chunks=51000 bytes=104448000 progress=10.44% BPC=0.7474 rate=9.34% top100=96.47%
chunks=51050 bytes=104550400 progress=10.46% BPC=0.7473 rate=9.34% top100=96.47%
chunks=51100 bytes=104652800 progress=10.47% BPC=0.7473 rate=9.34% top100=96.47%
chunks=51150 bytes=104755200 progress=10.48% BPC=0.7473 rate=9.34% top100=96.47%
chunks=51200 bytes=104857600 progress=10.49% BPC=0.7472 rate=9.34% top100=96.47%
chunks=51250 bytes=104960000 progress=10.50% BPC=0.7472 rate=9.34% top100=96.47%
chunks=51300 bytes=105062400 progress=10.51% BPC=0.7472 rate=9.34% top100=96.47%
chunks=51350 bytes=105164800 progress=10.52% BPC=0.7472 rate=9.34% top100=96.47%
chunks=51400 bytes=105267200 progress=10.53% BPC=0.7472 rate=9.34% top100=96.47%
chunks=51450 bytes=105369600 progress=10.54% BPC=0.7472 rate=9.34% top100=96.47%
chunks=51500 bytes=105472000 progress=10.55% BPC=0.7471 rate=9.34% top100=96.47%
chunks=51550 bytes=105574400 progress=10.56% BPC=0.7472 rate=9.34% top100=96.47%
chunks=51600 bytes=105676800 progress=10.57% BPC=0.7472 rate=9.34% top100=96.47%
chunks=51650 bytes=105779200 progress=10.58% BPC=0.7472 rate=9.34% top100=96.47%
chunks=51700 bytes=105881600 progress=10.59% BPC=0.7472 rate=9.34% top100=96.47%
chunks=51750 bytes=105984000 progress=10.60% BPC=0.7471 rate=9.34% top100=96.47%
chunks=51800 bytes=106086400 progress=10.61% BPC=0.7471 rate=9.34% top100=96.47%
chunks=51850 bytes=106188800 progress=10.62% BPC=0.7471 rate=9.34% top100=96.47%
chunks=51900 bytes=106291200 progress=10.63% BPC=0.7471 rate=9.34% top100=96.47%
chunks=51950 bytes=106393600 progress=10.64% BPC=0.7471 rate=9.34% top100=96.47%
chunks=52000 bytes=106496000 progress=10.65% BPC=0.7471 rate=9.34% top100=96.47%
chunks=52050 bytes=106598400 progress=10.66% BPC=0.7472 rate=9.34% top100=96.47%
chunks=52100 bytes=106700800 progress=10.67% BPC=0.7472 rate=9.34% top100=96.47%
chunks=52150 bytes=106803200 progress=10.68% BPC=0.7473 rate=9.34% top100=96.46%
chunks=52200 bytes=106905600 progress=10.69% BPC=0.7472 rate=9.34% top100=96.46%
chunks=52250 bytes=107008000 progress=10.70% BPC=0.7472 rate=9.34% top100=96.47%
chunks=52300 bytes=107110400 progress=10.71% BPC=0.7473 rate=9.34% top100=96.46%
chunks=52350 bytes=107212800 progress=10.72% BPC=0.7472 rate=9.34% top100=96.46%
chunks=52400 bytes=107315200 progress=10.73% BPC=0.7472 rate=9.34% top100=96.46%
chunks=52450 bytes=107417600 progress=10.74% BPC=0.7473 rate=9.34% top100=96.46%
chunks=52500 bytes=107520000 progress=10.75% BPC=0.7473 rate=9.34% top100=96.46%
chunks=52550 bytes=107622400 progress=10.76% BPC=0.7472 rate=9.34% top100=96.47%
chunks=52600 bytes=107724800 progress=10.77% BPC=0.7472 rate=9.34% top100=96.47%
chunks=52650 bytes=107827200 progress=10.78% BPC=0.7471 rate=9.34% top100=96.47%
chunks=52700 bytes=107929600 progress=10.79% BPC=0.7471 rate=9.34% top100=96.47%
chunks=52750 bytes=108032000 progress=10.80% BPC=0.7470 rate=9.34% top100=96.47%
chunks=52800 bytes=108134400 progress=10.81% BPC=0.7471 rate=9.34% top100=96.47%
chunks=52850 bytes=108236800 progress=10.82% BPC=0.7472 rate=9.34% top100=96.47%
chunks=52900 bytes=108339200 progress=10.83% BPC=0.7471 rate=9.34% top100=96.47%
chunks=52950 bytes=108441600 progress=10.84% BPC=0.7471 rate=9.34% top100=96.47%
chunks=53000 bytes=108544000 progress=10.85% BPC=0.7472 rate=9.34% top100=96.47%
chunks=53050 bytes=108646400 progress=10.86% BPC=0.7473 rate=9.34% top100=96.47%
chunks=53100 bytes=108748800 progress=10.87% BPC=0.7474 rate=9.34% top100=96.47%
chunks=53150 bytes=108851200 progress=10.89% BPC=0.7474 rate=9.34% top100=96.47%
chunks=53200 bytes=108953600 progress=10.90% BPC=0.7474 rate=9.34% top100=96.47%
chunks=53250 bytes=109056000 progress=10.91% BPC=0.7474 rate=9.34% top100=96.47%
chunks=53300 bytes=109158400 progress=10.92% BPC=0.7474 rate=9.34% top100=96.47%
chunks=53350 bytes=109260800 progress=10.93% BPC=0.7475 rate=9.34% top100=96.46%
chunks=53400 bytes=109363200 progress=10.94% BPC=0.7475 rate=9.34% top100=96.46%
chunks=53450 bytes=109465600 progress=10.95% BPC=0.7475 rate=9.34% top100=96.46%
chunks=53500 bytes=109568000 progress=10.96% BPC=0.7475 rate=9.34% top100=96.47%
chunks=53550 bytes=109670400 progress=10.97% BPC=0.7475 rate=9.34% top100=96.46%
chunks=53600 bytes=109772800 progress=10.98% BPC=0.7476 rate=9.35% top100=96.46%
chunks=53650 bytes=109875200 progress=10.99% BPC=0.7476 rate=9.35% top100=96.46%
chunks=53700 bytes=109977600 progress=11.00% BPC=0.7477 rate=9.35% top100=96.46%
chunks=53750 bytes=110080000 progress=11.01% BPC=0.7477 rate=9.35% top100=96.46%
chunks=53800 bytes=110182400 progress=11.02% BPC=0.7477 rate=9.35% top100=96.46%
chunks=53850 bytes=110284800 progress=11.03% BPC=0.7478 rate=9.35% top100=96.46%
chunks=53900 bytes=110387200 progress=11.04% BPC=0.7478 rate=9.35% top100=96.46%
chunks=53950 bytes=110489600 progress=11.05% BPC=0.7478 rate=9.35% top100=96.46%
chunks=54000 bytes=110592000 progress=11.06% BPC=0.7479 rate=9.35% top100=96.46%
chunks=54050 bytes=110694400 progress=11.07% BPC=0.7479 rate=9.35% top100=96.46%
chunks=54100 bytes=110796800 progress=11.08% BPC=0.7479 rate=9.35% top100=96.46%
chunks=54150 bytes=110899200 progress=11.09% BPC=0.7480 rate=9.35% top100=96.46%
chunks=54200 bytes=111001600 progress=11.10% BPC=0.7480 rate=9.35% top100=96.46%
chunks=54250 bytes=111104000 progress=11.11% BPC=0.7481 rate=9.35% top100=96.46%
chunks=54300 bytes=111206400 progress=11.12% BPC=0.7481 rate=9.35% top100=96.46%
chunks=54350 bytes=111308800 progress=11.13% BPC=0.7482 rate=9.35% top100=96.46%
chunks=54400 bytes=111411200 progress=11.14% BPC=0.7483 rate=9.35% top100=96.46%
chunks=54450 bytes=111513600 progress=11.15% BPC=0.7483 rate=9.35% top100=96.46%
chunks=54500 bytes=111616000 progress=11.16% BPC=0.7483 rate=9.35% top100=96.46%
chunks=54550 bytes=111718400 progress=11.17% BPC=0.7483 rate=9.35% top100=96.46%
chunks=54600 bytes=111820800 progress=11.18% BPC=0.7482 rate=9.35% top100=96.46%
chunks=54650 bytes=111923200 progress=11.19% BPC=0.7482 rate=9.35% top100=96.46%
chunks=54700 bytes=112025600 progress=11.20% BPC=0.7482 rate=9.35% top100=96.46%
chunks=54750 bytes=112128000 progress=11.21% BPC=0.7482 rate=9.35% top100=96.46%
chunks=54800 bytes=112230400 progress=11.22% BPC=0.7483 rate=9.35% top100=96.46%
chunks=54850 bytes=112332800 progress=11.23% BPC=0.7483 rate=9.35% top100=96.46%
chunks=54900 bytes=112435200 progress=11.24% BPC=0.7483 rate=9.35% top100=96.46%
chunks=54950 bytes=112537600 progress=11.25% BPC=0.7483 rate=9.35% top100=96.46%
chunks=55000 bytes=112640000 progress=11.26% BPC=0.7484 rate=9.36% top100=96.46%
chunks=55050 bytes=112742400 progress=11.27% BPC=0.7484 rate=9.35% top100=96.46%
chunks=55100 bytes=112844800 progress=11.28% BPC=0.7484 rate=9.36% top100=96.46%
chunks=55150 bytes=112947200 progress=11.29% BPC=0.7485 rate=9.36% top100=96.46%
chunks=55200 bytes=113049600 progress=11.30% BPC=0.7485 rate=9.36% top100=96.46%
chunks=55250 bytes=113152000 progress=11.32% BPC=0.7485 rate=9.36% top100=96.46%
chunks=55300 bytes=113254400 progress=11.33% BPC=0.7486 rate=9.36% top100=96.46%
chunks=55350 bytes=113356800 progress=11.34% BPC=0.7485 rate=9.36% top100=96.46%
chunks=55400 bytes=113459200 progress=11.35% BPC=0.7485 rate=9.36% top100=96.46%
chunks=55450 bytes=113561600 progress=11.36% BPC=0.7484 rate=9.36% top100=96.46%
chunks=55500 bytes=113664000 progress=11.37% BPC=0.7484 rate=9.35% top100=96.46%
chunks=55550 bytes=113766400 progress=11.38% BPC=0.7483 rate=9.35% top100=96.46%
chunks=55600 bytes=113868800 progress=11.39% BPC=0.7483 rate=9.35% top100=96.46%
chunks=55650 bytes=113971200 progress=11.40% BPC=0.7482 rate=9.35% top100=96.46%
chunks=55700 bytes=114073600 progress=11.41% BPC=0.7482 rate=9.35% top100=96.46%
chunks=55750 bytes=114176000 progress=11.42% BPC=0.7482 rate=9.35% top100=96.46%
chunks=55800 bytes=114278400 progress=11.43% BPC=0.7482 rate=9.35% top100=96.46%
chunks=55850 bytes=114380800 progress=11.44% BPC=0.7482 rate=9.35% top100=96.46%
chunks=55900 bytes=114483200 progress=11.45% BPC=0.7482 rate=9.35% top100=96.46%
chunks=55950 bytes=114585600 progress=11.46% BPC=0.7482 rate=9.35% top100=96.46%
chunks=56000 bytes=114688000 progress=11.47% BPC=0.7481 rate=9.35% top100=96.46%
chunks=56050 bytes=114790400 progress=11.48% BPC=0.7481 rate=9.35% top100=96.46%
chunks=56100 bytes=114892800 progress=11.49% BPC=0.7481 rate=9.35% top100=96.46%
chunks=56150 bytes=114995200 progress=11.50% BPC=0.7481 rate=9.35% top100=96.46%
chunks=56200 bytes=115097600 progress=11.51% BPC=0.7481 rate=9.35% top100=96.46%
chunks=56250 bytes=115200000 progress=11.52% BPC=0.7482 rate=9.35% top100=96.46%
chunks=56300 bytes=115302400 progress=11.53% BPC=0.7481 rate=9.35% top100=96.46%
chunks=56350 bytes=115404800 progress=11.54% BPC=0.7481 rate=9.35% top100=96.46%
chunks=56400 bytes=115507200 progress=11.55% BPC=0.7481 rate=9.35% top100=96.46%
chunks=56450 bytes=115609600 progress=11.56% BPC=0.7481 rate=9.35% top100=96.46%
chunks=56500 bytes=115712000 progress=11.57% BPC=0.7481 rate=9.35% top100=96.46%
chunks=56550 bytes=115814400 progress=11.58% BPC=0.7482 rate=9.35% top100=96.46%
chunks=56600 bytes=115916800 progress=11.59% BPC=0.7482 rate=9.35% top100=96.46%
chunks=56650 bytes=116019200 progress=11.60% BPC=0.7481 rate=9.35% top100=96.47%
chunks=56700 bytes=116121600 progress=11.61% BPC=0.7481 rate=9.35% top100=96.47%
chunks=56750 bytes=116224000 progress=11.62% BPC=0.7481 rate=9.35% top100=96.47%
chunks=56800 bytes=116326400 progress=11.63% BPC=0.7481 rate=9.35% top100=96.47%
chunks=56850 bytes=116428800 progress=11.64% BPC=0.7480 rate=9.35% top100=96.47%
chunks=56900 bytes=116531200 progress=11.65% BPC=0.7480 rate=9.35% top100=96.47%
chunks=56950 bytes=116633600 progress=11.66% BPC=0.7480 rate=9.35% top100=96.47%
chunks=57000 bytes=116736000 progress=11.67% BPC=0.7479 rate=9.35% top100=96.47%
chunks=57050 bytes=116838400 progress=11.68% BPC=0.7479 rate=9.35% top100=96.47%
chunks=57100 bytes=116940800 progress=11.69% BPC=0.7479 rate=9.35% top100=96.47%
chunks=57150 bytes=117043200 progress=11.70% BPC=0.7477 rate=9.35% top100=96.47%
chunks=57200 bytes=117145600 progress=11.71% BPC=0.7477 rate=9.35% top100=96.47%
chunks=57250 bytes=117248000 progress=11.72% BPC=0.7477 rate=9.35% top100=96.47%
chunks=57300 bytes=117350400 progress=11.74% BPC=0.7478 rate=9.35% top100=96.47%
chunks=57350 bytes=117452800 progress=11.75% BPC=0.7478 rate=9.35% top100=96.47%
chunks=57400 bytes=117555200 progress=11.76% BPC=0.7478 rate=9.35% top100=96.47%
chunks=57450 bytes=117657600 progress=11.77% BPC=0.7479 rate=9.35% top100=96.47%
chunks=57500 bytes=117760000 progress=11.78% BPC=0.7479 rate=9.35% top100=96.47%
chunks=57550 bytes=117862400 progress=11.79% BPC=0.7480 rate=9.35% top100=96.47%
chunks=57600 bytes=117964800 progress=11.80% BPC=0.7480 rate=9.35% top100=96.47%
chunks=57650 bytes=118067200 progress=11.81% BPC=0.7480 rate=9.35% top100=96.47%
chunks=57700 bytes=118169600 progress=11.82% BPC=0.7477 rate=9.35% top100=96.47%
chunks=57750 bytes=118272000 progress=11.83% BPC=0.7477 rate=9.35% top100=96.47%
chunks=57800 bytes=118374400 progress=11.84% BPC=0.7478 rate=9.35% top100=96.47%
chunks=57850 bytes=118476800 progress=11.85% BPC=0.7477 rate=9.35% top100=96.47%
chunks=57900 bytes=118579200 progress=11.86% BPC=0.7477 rate=9.35% top100=96.47%
chunks=57950 bytes=118681600 progress=11.87% BPC=0.7477 rate=9.35% top100=96.47%
chunks=58000 bytes=118784000 progress=11.88% BPC=0.7478 rate=9.35% top100=96.47%
chunks=58050 bytes=118886400 progress=11.89% BPC=0.7479 rate=9.35% top100=96.47%
chunks=58100 bytes=118988800 progress=11.90% BPC=0.7479 rate=9.35% top100=96.47%
chunks=58150 bytes=119091200 progress=11.91% BPC=0.7478 rate=9.35% top100=96.47%
chunks=58200 bytes=119193600 progress=11.92% BPC=0.7478 rate=9.35% top100=96.47%
chunks=58250 bytes=119296000 progress=11.93% BPC=0.7479 rate=9.35% top100=96.47%
chunks=58300 bytes=119398400 progress=11.94% BPC=0.7479 rate=9.35% top100=96.47%
chunks=58350 bytes=119500800 progress=11.95% BPC=0.7479 rate=9.35% top100=96.47%
chunks=58400 bytes=119603200 progress=11.96% BPC=0.7480 rate=9.35% top100=96.47%
chunks=58450 bytes=119705600 progress=11.97% BPC=0.7480 rate=9.35% top100=96.47%
chunks=58500 bytes=119808000 progress=11.98% BPC=0.7479 rate=9.35% top100=96.47%
chunks=58550 bytes=119910400 progress=11.99% BPC=0.7478 rate=9.35% top100=96.47%
chunks=58600 bytes=120012800 progress=12.00% BPC=0.7478 rate=9.35% top100=96.47%
chunks=58650 bytes=120115200 progress=12.01% BPC=0.7478 rate=9.35% top100=96.47%
chunks=58700 bytes=120217600 progress=12.02% BPC=0.7478 rate=9.35% top100=96.47%
chunks=58750 bytes=120320000 progress=12.03% BPC=0.7477 rate=9.35% top100=96.47%
chunks=58800 bytes=120422400 progress=12.04% BPC=0.7477 rate=9.35% top100=96.47%
chunks=58850 bytes=120524800 progress=12.05% BPC=0.7477 rate=9.35% top100=96.47%
chunks=58900 bytes=120627200 progress=12.06% BPC=0.7477 rate=9.35% top100=96.47%
chunks=58950 bytes=120729600 progress=12.07% BPC=0.7477 rate=9.35% top100=96.47%
chunks=59000 bytes=120832000 progress=12.08% BPC=0.7478 rate=9.35% top100=96.47%
chunks=59050 bytes=120934400 progress=12.09% BPC=0.7478 rate=9.35% top100=96.47%
chunks=59100 bytes=121036800 progress=12.10% BPC=0.7478 rate=9.35% top100=96.47%
chunks=59150 bytes=121139200 progress=12.11% BPC=0.7477 rate=9.35% top100=96.47%
chunks=59200 bytes=121241600 progress=12.12% BPC=0.7477 rate=9.35% top100=96.47%
chunks=59250 bytes=121344000 progress=12.13% BPC=0.7477 rate=9.35% top100=96.47%
chunks=59300 bytes=121446400 progress=12.14% BPC=0.7477 rate=9.35% top100=96.47%
chunks=59350 bytes=121548800 progress=12.15% BPC=0.7477 rate=9.35% top100=96.47%
chunks=59400 bytes=121651200 progress=12.17% BPC=0.7477 rate=9.35% top100=96.47%
chunks=59450 bytes=121753600 progress=12.18% BPC=0.7477 rate=9.35% top100=96.47%
chunks=59500 bytes=121856000 progress=12.19% BPC=0.7478 rate=9.35% top100=96.47%
chunks=59550 bytes=121958400 progress=12.20% BPC=0.7477 rate=9.35% top100=96.47%
chunks=59600 bytes=122060800 progress=12.21% BPC=0.7477 rate=9.35% top100=96.47%
chunks=59650 bytes=122163200 progress=12.22% BPC=0.7478 rate=9.35% top100=96.47%
chunks=59700 bytes=122265600 progress=12.23% BPC=0.7477 rate=9.35% top100=96.47%
chunks=59750 bytes=122368000 progress=12.24% BPC=0.7476 rate=9.35% top100=96.47%
chunks=59800 bytes=122470400 progress=12.25% BPC=0.7476 rate=9.34% top100=96.47%
chunks=59850 bytes=122572800 progress=12.26% BPC=0.7475 rate=9.34% top100=96.47%
chunks=59900 bytes=122675200 progress=12.27% BPC=0.7475 rate=9.34% top100=96.47%
chunks=59950 bytes=122777600 progress=12.28% BPC=0.7475 rate=9.34% top100=96.47%
chunks=60000 bytes=122880000 progress=12.29% BPC=0.7475 rate=9.34% top100=96.47%
chunks=60050 bytes=122982400 progress=12.30% BPC=0.7475 rate=9.34% top100=96.47%
chunks=60100 bytes=123084800 progress=12.31% BPC=0.7474 rate=9.34% top100=96.47%
chunks=60150 bytes=123187200 progress=12.32% BPC=0.7474 rate=9.34% top100=96.47%
chunks=60200 bytes=123289600 progress=12.33% BPC=0.7474 rate=9.34% top100=96.47%
chunks=60250 bytes=123392000 progress=12.34% BPC=0.7473 rate=9.34% top100=96.47%
chunks=60300 bytes=123494400 progress=12.35% BPC=0.7473 rate=9.34% top100=96.47%
chunks=60350 bytes=123596800 progress=12.36% BPC=0.7473 rate=9.34% top100=96.47%
chunks=60400 bytes=123699200 progress=12.37% BPC=0.7474 rate=9.34% top100=96.47%
chunks=60450 bytes=123801600 progress=12.38% BPC=0.7473 rate=9.34% top100=96.47%
chunks=60500 bytes=123904000 progress=12.39% BPC=0.7473 rate=9.34% top100=96.47%
chunks=60550 bytes=124006400 progress=12.40% BPC=0.7473 rate=9.34% top100=96.47%
chunks=60600 bytes=124108800 progress=12.41% BPC=0.7473 rate=9.34% top100=96.47%
chunks=60650 bytes=124211200 progress=12.42% BPC=0.7473 rate=9.34% top100=96.47%
chunks=60700 bytes=124313600 progress=12.43% BPC=0.7473 rate=9.34% top100=96.47%
chunks=60750 bytes=124416000 progress=12.44% BPC=0.7473 rate=9.34% top100=96.47%
chunks=60800 bytes=124518400 progress=12.45% BPC=0.7473 rate=9.34% top100=96.47%
chunks=60850 bytes=124620800 progress=12.46% BPC=0.7473 rate=9.34% top100=96.47%
chunks=60900 bytes=124723200 progress=12.47% BPC=0.7472 rate=9.34% top100=96.47%
chunks=60950 bytes=124825600 progress=12.48% BPC=0.7472 rate=9.34% top100=96.47%
chunks=61000 bytes=124928000 progress=12.49% BPC=0.7473 rate=9.34% top100=96.47%
chunks=61050 bytes=125030400 progress=12.50% BPC=0.7474 rate=9.34% top100=96.47%
chunks=61100 bytes=125132800 progress=12.51% BPC=0.7474 rate=9.34% top100=96.47%
chunks=61150 bytes=125235200 progress=12.52% BPC=0.7474 rate=9.34% top100=96.47%
chunks=61200 bytes=125337600 progress=12.53% BPC=0.7474 rate=9.34% top100=96.47%
chunks=61250 bytes=125440000 progress=12.54% BPC=0.7474 rate=9.34% top100=96.47%
chunks=61300 bytes=125542400 progress=12.55% BPC=0.7474 rate=9.34% top100=96.47%
chunks=61350 bytes=125644800 progress=12.56% BPC=0.7474 rate=9.34% top100=96.47%
chunks=61400 bytes=125747200 progress=12.57% BPC=0.7474 rate=9.34% top100=96.47%
chunks=61450 bytes=125849600 progress=12.58% BPC=0.7473 rate=9.34% top100=96.47%
chunks=61500 bytes=125952000 progress=12.60% BPC=0.7473 rate=9.34% top100=96.47%
chunks=61550 bytes=126054400 progress=12.61% BPC=0.7473 rate=9.34% top100=96.47%
chunks=61600 bytes=126156800 progress=12.62% BPC=0.7473 rate=9.34% top100=96.47%
chunks=61650 bytes=126259200 progress=12.63% BPC=0.7473 rate=9.34% top100=96.47%
chunks=61700 bytes=126361600 progress=12.64% BPC=0.7472 rate=9.34% top100=96.47%
chunks=61750 bytes=126464000 progress=12.65% BPC=0.7472 rate=9.34% top100=96.47%
chunks=61800 bytes=126566400 progress=12.66% BPC=0.7473 rate=9.34% top100=96.47%
chunks=61850 bytes=126668800 progress=12.67% BPC=0.7473 rate=9.34% top100=96.47%
chunks=61900 bytes=126771200 progress=12.68% BPC=0.7473 rate=9.34% top100=96.47%
chunks=61950 bytes=126873600 progress=12.69% BPC=0.7473 rate=9.34% top100=96.47%
chunks=62000 bytes=126976000 progress=12.70% BPC=0.7473 rate=9.34% top100=96.47%
chunks=62050 bytes=127078400 progress=12.71% BPC=0.7472 rate=9.34% top100=96.47%
chunks=62100 bytes=127180800 progress=12.72% BPC=0.7471 rate=9.34% top100=96.47%
chunks=62150 bytes=127283200 progress=12.73% BPC=0.7471 rate=9.34% top100=96.47%
chunks=62200 bytes=127385600 progress=12.74% BPC=0.7471 rate=9.34% top100=96.47%
chunks=62250 bytes=127488000 progress=12.75% BPC=0.7471 rate=9.34% top100=96.47%
chunks=62300 bytes=127590400 progress=12.76% BPC=0.7471 rate=9.34% top100=96.47%
chunks=62350 bytes=127692800 progress=12.77% BPC=0.7471 rate=9.34% top100=96.47%
chunks=62400 bytes=127795200 progress=12.78% BPC=0.7471 rate=9.34% top100=96.47%
chunks=62450 bytes=127897600 progress=12.79% BPC=0.7472 rate=9.34% top100=96.47%
chunks=62500 bytes=128000000 progress=12.80% BPC=0.7472 rate=9.34% top100=96.47%
chunks=62550 bytes=128102400 progress=12.81% BPC=0.7473 rate=9.34% top100=96.47%
chunks=62600 bytes=128204800 progress=12.82% BPC=0.7473 rate=9.34% top100=96.47%
chunks=62650 bytes=128307200 progress=12.83% BPC=0.7473 rate=9.34% top100=96.47%
chunks=62700 bytes=128409600 progress=12.84% BPC=0.7472 rate=9.34% top100=96.47%
chunks=62750 bytes=128512000 progress=12.85% BPC=0.7473 rate=9.34% top100=96.47%
chunks=62800 bytes=128614400 progress=12.86% BPC=0.7473 rate=9.34% top100=96.47%
chunks=62850 bytes=128716800 progress=12.87% BPC=0.7473 rate=9.34% top100=96.47%
chunks=62900 bytes=128819200 progress=12.88% BPC=0.7473 rate=9.34% top100=96.47%
chunks=62950 bytes=128921600 progress=12.89% BPC=0.7473 rate=9.34% top100=96.47%
chunks=63000 bytes=129024000 progress=12.90% BPC=0.7473 rate=9.34% top100=96.47%
chunks=63050 bytes=129126400 progress=12.91% BPC=0.7473 rate=9.34% top100=96.47%
chunks=63100 bytes=129228800 progress=12.92% BPC=0.7473 rate=9.34% top100=96.47%
chunks=63150 bytes=129331200 progress=12.93% BPC=0.7473 rate=9.34% top100=96.47%
chunks=63200 bytes=129433600 progress=12.94% BPC=0.7473 rate=9.34% top100=96.47%
chunks=63250 bytes=129536000 progress=12.95% BPC=0.7473 rate=9.34% top100=96.47%
chunks=63300 bytes=129638400 progress=12.96% BPC=0.7474 rate=9.34% top100=96.47%
chunks=63350 bytes=129740800 progress=12.97% BPC=0.7474 rate=9.34% top100=96.47%
chunks=63400 bytes=129843200 progress=12.98% BPC=0.7474 rate=9.34% top100=96.47%
chunks=63450 bytes=129945600 progress=12.99% BPC=0.7474 rate=9.34% top100=96.47%
chunks=63500 bytes=130048000 progress=13.00% BPC=0.7474 rate=9.34% top100=96.47%
chunks=63550 bytes=130150400 progress=13.02% BPC=0.7473 rate=9.34% top100=96.47%
chunks=63600 bytes=130252800 progress=13.03% BPC=0.7474 rate=9.34% top100=96.47%
chunks=63650 bytes=130355200 progress=13.04% BPC=0.7474 rate=9.34% top100=96.47%
chunks=63700 bytes=130457600 progress=13.05% BPC=0.7474 rate=9.34% top100=96.47%
chunks=63750 bytes=130560000 progress=13.06% BPC=0.7474 rate=9.34% top100=96.47%
chunks=63800 bytes=130662400 progress=13.07% BPC=0.7474 rate=9.34% top100=96.47%
chunks=63850 bytes=130764800 progress=13.08% BPC=0.7475 rate=9.34% top100=96.47%
chunks=63900 bytes=130867200 progress=13.09% BPC=0.7475 rate=9.34% top100=96.47%
chunks=63950 bytes=130969600 progress=13.10% BPC=0.7475 rate=9.34% top100=96.47%
chunks=64000 bytes=131072000 progress=13.11% BPC=0.7475 rate=9.34% top100=96.47%
chunks=64050 bytes=131174400 progress=13.12% BPC=0.7475 rate=9.34% top100=96.47%
chunks=64100 bytes=131276800 progress=13.13% BPC=0.7474 rate=9.34% top100=96.47%
chunks=64150 bytes=131379200 progress=13.14% BPC=0.7474 rate=9.34% top100=96.47%
chunks=64200 bytes=131481600 progress=13.15% BPC=0.7474 rate=9.34% top100=96.47%
chunks=64250 bytes=131584000 progress=13.16% BPC=0.7474 rate=9.34% top100=96.47%
chunks=64300 bytes=131686400 progress=13.17% BPC=0.7474 rate=9.34% top100=96.47%
chunks=64350 bytes=131788800 progress=13.18% BPC=0.7475 rate=9.34% top100=96.47%
chunks=64400 bytes=131891200 progress=13.19% BPC=0.7475 rate=9.34% top100=96.47%
chunks=64450 bytes=131993600 progress=13.20% BPC=0.7476 rate=9.34% top100=96.47%
chunks=64500 bytes=132096000 progress=13.21% BPC=0.7476 rate=9.34% top100=96.47%
chunks=64550 bytes=132198400 progress=13.22% BPC=0.7476 rate=9.35% top100=96.47%
chunks=64600 bytes=132300800 progress=13.23% BPC=0.7477 rate=9.35% top100=96.47%
chunks=64650 bytes=132403200 progress=13.24% BPC=0.7477 rate=9.35% top100=96.47%
chunks=64700 bytes=132505600 progress=13.25% BPC=0.7478 rate=9.35% top100=96.47%
chunks=64750 bytes=132608000 progress=13.26% BPC=0.7478 rate=9.35% top100=96.47%
chunks=64800 bytes=132710400 progress=13.27% BPC=0.7478 rate=9.35% top100=96.47%
chunks=64850 bytes=132812800 progress=13.28% BPC=0.7478 rate=9.35% top100=96.47%
chunks=64900 bytes=132915200 progress=13.29% BPC=0.7478 rate=9.35% top100=96.47%
chunks=64950 bytes=133017600 progress=13.30% BPC=0.7478 rate=9.35% top100=96.47%
chunks=65000 bytes=133120000 progress=13.31% BPC=0.7478 rate=9.35% top100=96.47%
chunks=65050 bytes=133222400 progress=13.32% BPC=0.7478 rate=9.35% top100=96.47%
chunks=65100 bytes=133324800 progress=13.33% BPC=0.7479 rate=9.35% top100=96.47%
chunks=65150 bytes=133427200 progress=13.34% BPC=0.7479 rate=9.35% top100=96.47%
chunks=65200 bytes=133529600 progress=13.35% BPC=0.7479 rate=9.35% top100=96.47%
chunks=65250 bytes=133632000 progress=13.36% BPC=0.7480 rate=9.35% top100=96.47%
chunks=65300 bytes=133734400 progress=13.37% BPC=0.7480 rate=9.35% top100=96.47%
chunks=65350 bytes=133836800 progress=13.38% BPC=0.7480 rate=9.35% top100=96.47%
chunks=65400 bytes=133939200 progress=13.39% BPC=0.7481 rate=9.35% top100=96.47%
chunks=65450 bytes=134041600 progress=13.40% BPC=0.7480 rate=9.35% top100=96.47%
chunks=65500 bytes=134144000 progress=13.41% BPC=0.7480 rate=9.35% top100=96.47%
chunks=65550 bytes=134246400 progress=13.42% BPC=0.7480 rate=9.35% top100=96.47%
chunks=65600 bytes=134348800 progress=13.43% BPC=0.7480 rate=9.35% top100=96.47%
chunks=65650 bytes=134451200 progress=13.45% BPC=0.7480 rate=9.35% top100=96.47%
chunks=65700 bytes=134553600 progress=13.46% BPC=0.7480 rate=9.35% top100=96.47%
chunks=65750 bytes=134656000 progress=13.47% BPC=0.7480 rate=9.35% top100=96.47%
chunks=65800 bytes=134758400 progress=13.48% BPC=0.7480 rate=9.35% top100=96.47%
chunks=65850 bytes=134860800 progress=13.49% BPC=0.7481 rate=9.35% top100=96.47%
chunks=65900 bytes=134963200 progress=13.50% BPC=0.7481 rate=9.35% top100=96.47%
chunks=65950 bytes=135065600 progress=13.51% BPC=0.7481 rate=9.35% top100=96.47%
chunks=66000 bytes=135168000 progress=13.52% BPC=0.7481 rate=9.35% top100=96.47%
chunks=66050 bytes=135270400 progress=13.53% BPC=0.7480 rate=9.35% top100=96.47%
chunks=66100 bytes=135372800 progress=13.54% BPC=0.7480 rate=9.35% top100=96.47%
chunks=66150 bytes=135475200 progress=13.55% BPC=0.7480 rate=9.35% top100=96.47%
chunks=66200 bytes=135577600 progress=13.56% BPC=0.7480 rate=9.35% top100=96.47%
chunks=66250 bytes=135680000 progress=13.57% BPC=0.7480 rate=9.35% top100=96.47%
chunks=66300 bytes=135782400 progress=13.58% BPC=0.7480 rate=9.35% top100=96.47%
chunks=66350 bytes=135884800 progress=13.59% BPC=0.7480 rate=9.35% top100=96.47%
chunks=66400 bytes=135987200 progress=13.60% BPC=0.7479 rate=9.35% top100=96.47%
chunks=66450 bytes=136089600 progress=13.61% BPC=0.7479 rate=9.35% top100=96.47%
chunks=66500 bytes=136192000 progress=13.62% BPC=0.7479 rate=9.35% top100=96.47%
chunks=66550 bytes=136294400 progress=13.63% BPC=0.7479 rate=9.35% top100=96.47%
chunks=66600 bytes=136396800 progress=13.64% BPC=0.7479 rate=9.35% top100=96.47%
chunks=66650 bytes=136499200 progress=13.65% BPC=0.7479 rate=9.35% top100=96.47%
chunks=66700 bytes=136601600 progress=13.66% BPC=0.7479 rate=9.35% top100=96.47%
chunks=66750 bytes=136704000 progress=13.67% BPC=0.7479 rate=9.35% top100=96.47%
chunks=66800 bytes=136806400 progress=13.68% BPC=0.7478 rate=9.35% top100=96.47%
chunks=66850 bytes=136908800 progress=13.69% BPC=0.7477 rate=9.35% top100=96.47%
chunks=66900 bytes=137011200 progress=13.70% BPC=0.7477 rate=9.35% top100=96.47%
chunks=66950 bytes=137113600 progress=13.71% BPC=0.7477 rate=9.35% top100=96.47%
chunks=67000 bytes=137216000 progress=13.72% BPC=0.7476 rate=9.35% top100=96.47%
chunks=67050 bytes=137318400 progress=13.73% BPC=0.7476 rate=9.34% top100=96.47%
chunks=67100 bytes=137420800 progress=13.74% BPC=0.7476 rate=9.34% top100=96.47%
chunks=67150 bytes=137523200 progress=13.75% BPC=0.7475 rate=9.34% top100=96.47%
chunks=67200 bytes=137625600 progress=13.76% BPC=0.7475 rate=9.34% top100=96.47%
chunks=67250 bytes=137728000 progress=13.77% BPC=0.7475 rate=9.34% top100=96.47%
chunks=67300 bytes=137830400 progress=13.78% BPC=0.7475 rate=9.34% top100=96.47%
chunks=67350 bytes=137932800 progress=13.79% BPC=0.7475 rate=9.34% top100=96.47%
chunks=67400 bytes=138035200 progress=13.80% BPC=0.7475 rate=9.34% top100=96.47%
chunks=67450 bytes=138137600 progress=13.81% BPC=0.7474 rate=9.34% top100=96.47%
chunks=67500 bytes=138240000 progress=13.82% BPC=0.7474 rate=9.34% top100=96.47%
chunks=67550 bytes=138342400 progress=13.83% BPC=0.7474 rate=9.34% top100=96.47%
chunks=67600 bytes=138444800 progress=13.84% BPC=0.7474 rate=9.34% top100=96.47%
chunks=67650 bytes=138547200 progress=13.85% BPC=0.7474 rate=9.34% top100=96.48%
chunks=67700 bytes=138649600 progress=13.86% BPC=0.7474 rate=9.34% top100=96.48%
chunks=67750 bytes=138752000 progress=13.88% BPC=0.7474 rate=9.34% top100=96.47%
chunks=67800 bytes=138854400 progress=13.89% BPC=0.7475 rate=9.34% top100=96.47%
chunks=67850 bytes=138956800 progress=13.90% BPC=0.7474 rate=9.34% top100=96.47%
chunks=67900 bytes=139059200 progress=13.91% BPC=0.7473 rate=9.34% top100=96.48%
chunks=67950 bytes=139161600 progress=13.92% BPC=0.7472 rate=9.34% top100=96.48%
chunks=68000 bytes=139264000 progress=13.93% BPC=0.7472 rate=9.34% top100=96.48%
chunks=68050 bytes=139366400 progress=13.94% BPC=0.7473 rate=9.34% top100=96.48%
chunks=68100 bytes=139468800 progress=13.95% BPC=0.7473 rate=9.34% top100=96.48%
chunks=68150 bytes=139571200 progress=13.96% BPC=0.7474 rate=9.34% top100=96.48%
chunks=68200 bytes=139673600 progress=13.97% BPC=0.7474 rate=9.34% top100=96.47%
chunks=68250 bytes=139776000 progress=13.98% BPC=0.7474 rate=9.34% top100=96.48%
chunks=68300 bytes=139878400 progress=13.99% BPC=0.7473 rate=9.34% top100=96.48%
chunks=68350 bytes=139980800 progress=14.00% BPC=0.7473 rate=9.34% top100=96.48%
chunks=68400 bytes=140083200 progress=14.01% BPC=0.7473 rate=9.34% top100=96.48%
chunks=68450 bytes=140185600 progress=14.02% BPC=0.7473 rate=9.34% top100=96.48%
chunks=68500 bytes=140288000 progress=14.03% BPC=0.7474 rate=9.34% top100=96.47%
chunks=68550 bytes=140390400 progress=14.04% BPC=0.7473 rate=9.34% top100=96.48%
chunks=68600 bytes=140492800 progress=14.05% BPC=0.7473 rate=9.34% top100=96.48%
chunks=68650 bytes=140595200 progress=14.06% BPC=0.7473 rate=9.34% top100=96.48%
chunks=68700 bytes=140697600 progress=14.07% BPC=0.7473 rate=9.34% top100=96.48%
chunks=68750 bytes=140800000 progress=14.08% BPC=0.7473 rate=9.34% top100=96.48%
chunks=68800 bytes=140902400 progress=14.09% BPC=0.7473 rate=9.34% top100=96.48%
chunks=68850 bytes=141004800 progress=14.10% BPC=0.7473 rate=9.34% top100=96.48%
chunks=68900 bytes=141107200 progress=14.11% BPC=0.7473 rate=9.34% top100=96.48%
chunks=68950 bytes=141209600 progress=14.12% BPC=0.7474 rate=9.34% top100=96.47%
chunks=69000 bytes=141312000 progress=14.13% BPC=0.7473 rate=9.34% top100=96.48%
chunks=69050 bytes=141414400 progress=14.14% BPC=0.7474 rate=9.34% top100=96.47%
chunks=69100 bytes=141516800 progress=14.15% BPC=0.7473 rate=9.34% top100=96.47%
chunks=69150 bytes=141619200 progress=14.16% BPC=0.7473 rate=9.34% top100=96.47%
chunks=69200 bytes=141721600 progress=14.17% BPC=0.7474 rate=9.34% top100=96.47%
chunks=69250 bytes=141824000 progress=14.18% BPC=0.7474 rate=9.34% top100=96.47%
chunks=69300 bytes=141926400 progress=14.19% BPC=0.7474 rate=9.34% top100=96.47%
chunks=69350 bytes=142028800 progress=14.20% BPC=0.7473 rate=9.34% top100=96.47%
chunks=69400 bytes=142131200 progress=14.21% BPC=0.7473 rate=9.34% top100=96.47%
chunks=69450 bytes=142233600 progress=14.22% BPC=0.7473 rate=9.34% top100=96.48%
chunks=69500 bytes=142336000 progress=14.23% BPC=0.7472 rate=9.34% top100=96.48%
chunks=69550 bytes=142438400 progress=14.24% BPC=0.7473 rate=9.34% top100=96.48%
chunks=69600 bytes=142540800 progress=14.25% BPC=0.7473 rate=9.34% top100=96.47%
chunks=69650 bytes=142643200 progress=14.26% BPC=0.7473 rate=9.34% top100=96.47%
chunks=69700 bytes=142745600 progress=14.27% BPC=0.7474 rate=9.34% top100=96.47%
chunks=69750 bytes=142848000 progress=14.28% BPC=0.7474 rate=9.34% top100=96.47%
chunks=69800 bytes=142950400 progress=14.30% BPC=0.7474 rate=9.34% top100=96.47%
chunks=69850 bytes=143052800 progress=14.31% BPC=0.7473 rate=9.34% top100=96.47%
chunks=69900 bytes=143155200 progress=14.32% BPC=0.7474 rate=9.34% top100=96.47%
chunks=69950 bytes=143257600 progress=14.33% BPC=0.7473 rate=9.34% top100=96.47%
chunks=70000 bytes=143360000 progress=14.34% BPC=0.7473 rate=9.34% top100=96.47%
chunks=70050 bytes=143462400 progress=14.35% BPC=0.7473 rate=9.34% top100=96.47%
chunks=70100 bytes=143564800 progress=14.36% BPC=0.7474 rate=9.34% top100=96.47%
chunks=70150 bytes=143667200 progress=14.37% BPC=0.7474 rate=9.34% top100=96.47%
chunks=70200 bytes=143769600 progress=14.38% BPC=0.7473 rate=9.34% top100=96.47%
chunks=70250 bytes=143872000 progress=14.39% BPC=0.7473 rate=9.34% top100=96.47%
chunks=70300 bytes=143974400 progress=14.40% BPC=0.7473 rate=9.34% top100=96.47%
chunks=70350 bytes=144076800 progress=14.41% BPC=0.7473 rate=9.34% top100=96.48%
chunks=70400 bytes=144179200 progress=14.42% BPC=0.7472 rate=9.34% top100=96.48%
chunks=70450 bytes=144281600 progress=14.43% BPC=0.7472 rate=9.34% top100=96.48%
chunks=70500 bytes=144384000 progress=14.44% BPC=0.7472 rate=9.34% top100=96.48%
chunks=70550 bytes=144486400 progress=14.45% BPC=0.7472 rate=9.34% top100=96.48%
chunks=70600 bytes=144588800 progress=14.46% BPC=0.7473 rate=9.34% top100=96.48%
chunks=70650 bytes=144691200 progress=14.47% BPC=0.7472 rate=9.34% top100=96.48%
chunks=70700 bytes=144793600 progress=14.48% BPC=0.7472 rate=9.34% top100=96.48%
chunks=70750 bytes=144896000 progress=14.49% BPC=0.7472 rate=9.34% top100=96.48%
chunks=70800 bytes=144998400 progress=14.50% BPC=0.7472 rate=9.34% top100=96.48%
chunks=70850 bytes=145100800 progress=14.51% BPC=0.7473 rate=9.34% top100=96.48%
chunks=70900 bytes=145203200 progress=14.52% BPC=0.7473 rate=9.34% top100=96.48%
chunks=70950 bytes=145305600 progress=14.53% BPC=0.7473 rate=9.34% top100=96.48%
chunks=71000 bytes=145408000 progress=14.54% BPC=0.7472 rate=9.34% top100=96.48%
chunks=71050 bytes=145510400 progress=14.55% BPC=0.7472 rate=9.34% top100=96.48%
chunks=71100 bytes=145612800 progress=14.56% BPC=0.7473 rate=9.34% top100=96.48%
chunks=71150 bytes=145715200 progress=14.57% BPC=0.7473 rate=9.34% top100=96.48%
chunks=71200 bytes=145817600 progress=14.58% BPC=0.7473 rate=9.34% top100=96.48%
chunks=71250 bytes=145920000 progress=14.59% BPC=0.7473 rate=9.34% top100=96.48%
chunks=71300 bytes=146022400 progress=14.60% BPC=0.7474 rate=9.34% top100=96.48%
chunks=71350 bytes=146124800 progress=14.61% BPC=0.7474 rate=9.34% top100=96.48%
chunks=71400 bytes=146227200 progress=14.62% BPC=0.7474 rate=9.34% top100=96.48%
chunks=71450 bytes=146329600 progress=14.63% BPC=0.7475 rate=9.34% top100=96.48%
chunks=71500 bytes=146432000 progress=14.64% BPC=0.7475 rate=9.34% top100=96.47%
chunks=71550 bytes=146534400 progress=14.65% BPC=0.7475 rate=9.34% top100=96.48%
chunks=71600 bytes=146636800 progress=14.66% BPC=0.7475 rate=9.34% top100=96.48%
chunks=71650 bytes=146739200 progress=14.67% BPC=0.7476 rate=9.34% top100=96.47%
chunks=71700 bytes=146841600 progress=14.68% BPC=0.7476 rate=9.34% top100=96.47%
chunks=71750 bytes=146944000 progress=14.69% BPC=0.7476 rate=9.35% top100=96.47%
chunks=71800 bytes=147046400 progress=14.70% BPC=0.7476 rate=9.34% top100=96.47%
chunks=71850 bytes=147148800 progress=14.71% BPC=0.7476 rate=9.34% top100=96.47%
chunks=71900 bytes=147251200 progress=14.73% BPC=0.7476 rate=9.34% top100=96.47%
chunks=71950 bytes=147353600 progress=14.74% BPC=0.7476 rate=9.34% top100=96.47%
chunks=72000 bytes=147456000 progress=14.75% BPC=0.7475 rate=9.34% top100=96.47%
chunks=72050 bytes=147558400 progress=14.76% BPC=0.7475 rate=9.34% top100=96.47%
chunks=72100 bytes=147660800 progress=14.77% BPC=0.7474 rate=9.34% top100=96.48%
chunks=72150 bytes=147763200 progress=14.78% BPC=0.7474 rate=9.34% top100=96.48%
chunks=72200 bytes=147865600 progress=14.79% BPC=0.7474 rate=9.34% top100=96.48%
chunks=72250 bytes=147968000 progress=14.80% BPC=0.7474 rate=9.34% top100=96.48%
chunks=72300 bytes=148070400 progress=14.81% BPC=0.7474 rate=9.34% top100=96.48%
chunks=72350 bytes=148172800 progress=14.82% BPC=0.7474 rate=9.34% top100=96.48%
chunks=72400 bytes=148275200 progress=14.83% BPC=0.7474 rate=9.34% top100=96.47%
chunks=72450 bytes=148377600 progress=14.84% BPC=0.7475 rate=9.34% top100=96.47%
chunks=72500 bytes=148480000 progress=14.85% BPC=0.7474 rate=9.34% top100=96.47%
chunks=72550 bytes=148582400 progress=14.86% BPC=0.7475 rate=9.34% top100=96.47%
chunks=72600 bytes=148684800 progress=14.87% BPC=0.7475 rate=9.34% top100=96.47%
chunks=72650 bytes=148787200 progress=14.88% BPC=0.7475 rate=9.34% top100=96.47%
chunks=72700 bytes=148889600 progress=14.89% BPC=0.7474 rate=9.34% top100=96.47%
chunks=72750 bytes=148992000 progress=14.90% BPC=0.7474 rate=9.34% top100=96.47%
chunks=72800 bytes=149094400 progress=14.91% BPC=0.7474 rate=9.34% top100=96.47%
chunks=72850 bytes=149196800 progress=14.92% BPC=0.7474 rate=9.34% top100=96.47%
chunks=72900 bytes=149299200 progress=14.93% BPC=0.7474 rate=9.34% top100=96.47%
chunks=72950 bytes=149401600 progress=14.94% BPC=0.7475 rate=9.34% top100=96.47%
chunks=73000 bytes=149504000 progress=14.95% BPC=0.7474 rate=9.34% top100=96.48%
chunks=73050 bytes=149606400 progress=14.96% BPC=0.7474 rate=9.34% top100=96.48%
chunks=73100 bytes=149708800 progress=14.97% BPC=0.7474 rate=9.34% top100=96.48%
chunks=73150 bytes=149811200 progress=14.98% BPC=0.7474 rate=9.34% top100=96.48%
chunks=73200 bytes=149913600 progress=14.99% BPC=0.7474 rate=9.34% top100=96.47%
chunks=73250 bytes=150016000 progress=15.00% BPC=0.7474 rate=9.34% top100=96.47%
chunks=73300 bytes=150118400 progress=15.01% BPC=0.7474 rate=9.34% top100=96.47%
chunks=73350 bytes=150220800 progress=15.02% BPC=0.7474 rate=9.34% top100=96.47%
chunks=73400 bytes=150323200 progress=15.03% BPC=0.7474 rate=9.34% top100=96.47%
chunks=73450 bytes=150425600 progress=15.04% BPC=0.7474 rate=9.34% top100=96.47%
chunks=73500 bytes=150528000 progress=15.05% BPC=0.7474 rate=9.34% top100=96.48%
chunks=73550 bytes=150630400 progress=15.06% BPC=0.7474 rate=9.34% top100=96.48%
chunks=73600 bytes=150732800 progress=15.07% BPC=0.7473 rate=9.34% top100=96.48%
chunks=73650 bytes=150835200 progress=15.08% BPC=0.7473 rate=9.34% top100=96.48%
chunks=73700 bytes=150937600 progress=15.09% BPC=0.7472 rate=9.34% top100=96.48%
chunks=73750 bytes=151040000 progress=15.10% BPC=0.7472 rate=9.34% top100=96.48%
chunks=73800 bytes=151142400 progress=15.11% BPC=0.7472 rate=9.34% top100=96.48%
chunks=73850 bytes=151244800 progress=15.12% BPC=0.7472 rate=9.34% top100=96.48%
chunks=73900 bytes=151347200 progress=15.13% BPC=0.7471 rate=9.34% top100=96.48%
chunks=73950 bytes=151449600 progress=15.14% BPC=0.7471 rate=9.34% top100=96.48%
chunks=74000 bytes=151552000 progress=15.16% BPC=0.7471 rate=9.34% top100=96.48%
chunks=74050 bytes=151654400 progress=15.17% BPC=0.7471 rate=9.34% top100=96.48%
chunks=74100 bytes=151756800 progress=15.18% BPC=0.7471 rate=9.34% top100=96.48%
chunks=74150 bytes=151859200 progress=15.19% BPC=0.7470 rate=9.34% top100=96.48%
chunks=74200 bytes=151961600 progress=15.20% BPC=0.7471 rate=9.34% top100=96.48%
chunks=74250 bytes=152064000 progress=15.21% BPC=0.7471 rate=9.34% top100=96.48%
chunks=74300 bytes=152166400 progress=15.22% BPC=0.7471 rate=9.34% top100=96.48%
chunks=74350 bytes=152268800 progress=15.23% BPC=0.7471 rate=9.34% top100=96.48%
chunks=74400 bytes=152371200 progress=15.24% BPC=0.7471 rate=9.34% top100=96.48%
chunks=74450 bytes=152473600 progress=15.25% BPC=0.7472 rate=9.34% top100=96.48%
chunks=74500 bytes=152576000 progress=15.26% BPC=0.7472 rate=9.34% top100=96.48%
chunks=74550 bytes=152678400 progress=15.27% BPC=0.7472 rate=9.34% top100=96.48%
chunks=74600 bytes=152780800 progress=15.28% BPC=0.7472 rate=9.34% top100=96.48%
chunks=74650 bytes=152883200 progress=15.29% BPC=0.7472 rate=9.34% top100=96.48%
chunks=74700 bytes=152985600 progress=15.30% BPC=0.7472 rate=9.34% top100=96.48%
chunks=74750 bytes=153088000 progress=15.31% BPC=0.7472 rate=9.34% top100=96.48%
chunks=74800 bytes=153190400 progress=15.32% BPC=0.7472 rate=9.34% top100=96.48%
chunks=74850 bytes=153292800 progress=15.33% BPC=0.7472 rate=9.34% top100=96.48%
chunks=74900 bytes=153395200 progress=15.34% BPC=0.7472 rate=9.34% top100=96.48%
chunks=74950 bytes=153497600 progress=15.35% BPC=0.7472 rate=9.34% top100=96.48%
chunks=75000 bytes=153600000 progress=15.36% BPC=0.7472 rate=9.34% top100=96.48%
chunks=75050 bytes=153702400 progress=15.37% BPC=0.7472 rate=9.34% top100=96.48%
chunks=75100 bytes=153804800 progress=15.38% BPC=0.7472 rate=9.34% top100=96.48%
chunks=75150 bytes=153907200 progress=15.39% BPC=0.7473 rate=9.34% top100=96.48%
chunks=75200 bytes=154009600 progress=15.40% BPC=0.7473 rate=9.34% top100=96.48%
chunks=75250 bytes=154112000 progress=15.41% BPC=0.7473 rate=9.34% top100=96.47%
chunks=75300 bytes=154214400 progress=15.42% BPC=0.7474 rate=9.34% top100=96.47%
chunks=75350 bytes=154316800 progress=15.43% BPC=0.7475 rate=9.34% top100=96.47%
chunks=75400 bytes=154419200 progress=15.44% BPC=0.7474 rate=9.34% top100=96.47%
chunks=75450 bytes=154521600 progress=15.45% BPC=0.7475 rate=9.34% top100=96.47%
chunks=75500 bytes=154624000 progress=15.46% BPC=0.7475 rate=9.34% top100=96.47%
chunks=75550 bytes=154726400 progress=15.47% BPC=0.7475 rate=9.34% top100=96.47%
chunks=75600 bytes=154828800 progress=15.48% BPC=0.7475 rate=9.34% top100=96.47%
chunks=75650 bytes=154931200 progress=15.49% BPC=0.7476 rate=9.34% top100=96.47%
chunks=75700 bytes=155033600 progress=15.50% BPC=0.7476 rate=9.34% top100=96.47%
chunks=75750 bytes=155136000 progress=15.51% BPC=0.7476 rate=9.34% top100=96.47%
chunks=75800 bytes=155238400 progress=15.52% BPC=0.7476 rate=9.35% top100=96.47%
chunks=75850 bytes=155340800 progress=15.53% BPC=0.7476 rate=9.34% top100=96.47%
chunks=75900 bytes=155443200 progress=15.54% BPC=0.7474 rate=9.34% top100=96.47%
chunks=75950 bytes=155545600 progress=15.55% BPC=0.7474 rate=9.34% top100=96.47%
chunks=76000 bytes=155648000 progress=15.56% BPC=0.7475 rate=9.34% top100=96.47%
chunks=76050 bytes=155750400 progress=15.58% BPC=0.7475 rate=9.34% top100=96.47%
chunks=76100 bytes=155852800 progress=15.59% BPC=0.7475 rate=9.34% top100=96.47%
chunks=76150 bytes=155955200 progress=15.60% BPC=0.7475 rate=9.34% top100=96.47%
chunks=76200 bytes=156057600 progress=15.61% BPC=0.7475 rate=9.34% top100=96.47%
chunks=76250 bytes=156160000 progress=15.62% BPC=0.7476 rate=9.34% top100=96.47%
chunks=76300 bytes=156262400 progress=15.63% BPC=0.7475 rate=9.34% top100=96.47%
chunks=76350 bytes=156364800 progress=15.64% BPC=0.7474 rate=9.34% top100=96.47%
chunks=76400 bytes=156467200 progress=15.65% BPC=0.7474 rate=9.34% top100=96.47%
chunks=76450 bytes=156569600 progress=15.66% BPC=0.7475 rate=9.34% top100=96.47%
chunks=76500 bytes=156672000 progress=15.67% BPC=0.7475 rate=9.34% top100=96.47%
chunks=76550 bytes=156774400 progress=15.68% BPC=0.7475 rate=9.34% top100=96.47%
chunks=76600 bytes=156876800 progress=15.69% BPC=0.7475 rate=9.34% top100=96.47%
chunks=76650 bytes=156979200 progress=15.70% BPC=0.7475 rate=9.34% top100=96.47%
chunks=76700 bytes=157081600 progress=15.71% BPC=0.7475 rate=9.34% top100=96.47%
chunks=76750 bytes=157184000 progress=15.72% BPC=0.7475 rate=9.34% top100=96.47%
chunks=76800 bytes=157286400 progress=15.73% BPC=0.7476 rate=9.34% top100=96.47%
chunks=76850 bytes=157388800 progress=15.74% BPC=0.7476 rate=9.34% top100=96.47%
chunks=76900 bytes=157491200 progress=15.75% BPC=0.7476 rate=9.34% top100=96.47%
chunks=76950 bytes=157593600 progress=15.76% BPC=0.7476 rate=9.35% top100=96.47%
chunks=77000 bytes=157696000 progress=15.77% BPC=0.7477 rate=9.35% top100=96.47%
chunks=77050 bytes=157798400 progress=15.78% BPC=0.7477 rate=9.35% top100=96.47%
chunks=77100 bytes=157900800 progress=15.79% BPC=0.7477 rate=9.35% top100=96.47%
chunks=77150 bytes=158003200 progress=15.80% BPC=0.7476 rate=9.35% top100=96.47%
chunks=77200 bytes=158105600 progress=15.81% BPC=0.7476 rate=9.34% top100=96.47%
chunks=77250 bytes=158208000 progress=15.82% BPC=0.7476 rate=9.34% top100=96.47%
chunks=77300 bytes=158310400 progress=15.83% BPC=0.7476 rate=9.34% top100=96.47%
chunks=77350 bytes=158412800 progress=15.84% BPC=0.7476 rate=9.34% top100=96.47%
chunks=77400 bytes=158515200 progress=15.85% BPC=0.7476 rate=9.34% top100=96.47%
chunks=77450 bytes=158617600 progress=15.86% BPC=0.7476 rate=9.35% top100=96.47%
chunks=77500 bytes=158720000 progress=15.87% BPC=0.7476 rate=9.35% top100=96.47%
chunks=77550 bytes=158822400 progress=15.88% BPC=0.7476 rate=9.35% top100=96.47%
chunks=77600 bytes=158924800 progress=15.89% BPC=0.7476 rate=9.35% top100=96.47%
chunks=77650 bytes=159027200 progress=15.90% BPC=0.7476 rate=9.35% top100=96.47%
chunks=77700 bytes=159129600 progress=15.91% BPC=0.7477 rate=9.35% top100=96.47%
chunks=77750 bytes=159232000 progress=15.92% BPC=0.7477 rate=9.35% top100=96.47%
chunks=77800 bytes=159334400 progress=15.93% BPC=0.7477 rate=9.35% top100=96.47%
chunks=77850 bytes=159436800 progress=15.94% BPC=0.7477 rate=9.35% top100=96.47%
chunks=77900 bytes=159539200 progress=15.95% BPC=0.7477 rate=9.35% top100=96.47%
chunks=77950 bytes=159641600 progress=15.96% BPC=0.7477 rate=9.35% top100=96.47%
chunks=78000 bytes=159744000 progress=15.97% BPC=0.7477 rate=9.35% top100=96.47%
chunks=78050 bytes=159846400 progress=15.98% BPC=0.7477 rate=9.35% top100=96.47%
chunks=78100 bytes=159948800 progress=15.99% BPC=0.7477 rate=9.35% top100=96.47%
chunks=78150 bytes=160051200 progress=16.01% BPC=0.7477 rate=9.35% top100=96.47%
chunks=78200 bytes=160153600 progress=16.02% BPC=0.7477 rate=9.35% top100=96.47%
chunks=78250 bytes=160256000 progress=16.03% BPC=0.7477 rate=9.35% top100=96.47%
chunks=78300 bytes=160358400 progress=16.04% BPC=0.7477 rate=9.35% top100=96.47%
chunks=78350 bytes=160460800 progress=16.05% BPC=0.7478 rate=9.35% top100=96.47%
chunks=78400 bytes=160563200 progress=16.06% BPC=0.7478 rate=9.35% top100=96.47%
chunks=78450 bytes=160665600 progress=16.07% BPC=0.7478 rate=9.35% top100=96.47%
chunks=78500 bytes=160768000 progress=16.08% BPC=0.7478 rate=9.35% top100=96.47%
chunks=78550 bytes=160870400 progress=16.09% BPC=0.7478 rate=9.35% top100=96.47%
chunks=78600 bytes=160972800 progress=16.10% BPC=0.7478 rate=9.35% top100=96.47%
chunks=78650 bytes=161075200 progress=16.11% BPC=0.7479 rate=9.35% top100=96.47%
chunks=78700 bytes=161177600 progress=16.12% BPC=0.7479 rate=9.35% top100=96.47%
chunks=78750 bytes=161280000 progress=16.13% BPC=0.7479 rate=9.35% top100=96.47%
chunks=78800 bytes=161382400 progress=16.14% BPC=0.7479 rate=9.35% top100=96.47%
chunks=78850 bytes=161484800 progress=16.15% BPC=0.7479 rate=9.35% top100=96.47%
chunks=78900 bytes=161587200 progress=16.16% BPC=0.7479 rate=9.35% top100=96.47%
chunks=78950 bytes=161689600 progress=16.17% BPC=0.7479 rate=9.35% top100=96.47%
chunks=79000 bytes=161792000 progress=16.18% BPC=0.7479 rate=9.35% top100=96.47%
chunks=79050 bytes=161894400 progress=16.19% BPC=0.7479 rate=9.35% top100=96.47%
chunks=79100 bytes=161996800 progress=16.20% BPC=0.7479 rate=9.35% top100=96.47%
chunks=79150 bytes=162099200 progress=16.21% BPC=0.7479 rate=9.35% top100=96.47%
chunks=79200 bytes=162201600 progress=16.22% BPC=0.7479 rate=9.35% top100=96.47%
chunks=79250 bytes=162304000 progress=16.23% BPC=0.7479 rate=9.35% top100=96.47%
chunks=79300 bytes=162406400 progress=16.24% BPC=0.7478 rate=9.35% top100=96.47%
chunks=79350 bytes=162508800 progress=16.25% BPC=0.7479 rate=9.35% top100=96.47%
chunks=79400 bytes=162611200 progress=16.26% BPC=0.7479 rate=9.35% top100=96.47%
chunks=79450 bytes=162713600 progress=16.27% BPC=0.7479 rate=9.35% top100=96.47%
chunks=79500 bytes=162816000 progress=16.28% BPC=0.7479 rate=9.35% top100=96.47%
chunks=79550 bytes=162918400 progress=16.29% BPC=0.7479 rate=9.35% top100=96.47%
chunks=79600 bytes=163020800 progress=16.30% BPC=0.7479 rate=9.35% top100=96.47%
chunks=79650 bytes=163123200 progress=16.31% BPC=0.7480 rate=9.35% top100=96.47%
chunks=79700 bytes=163225600 progress=16.32% BPC=0.7479 rate=9.35% top100=96.47%
chunks=79750 bytes=163328000 progress=16.33% BPC=0.7479 rate=9.35% top100=96.47%
chunks=79800 bytes=163430400 progress=16.34% BPC=0.7479 rate=9.35% top100=96.47%
chunks=79850 bytes=163532800 progress=16.35% BPC=0.7479 rate=9.35% top100=96.47%
chunks=79900 bytes=163635200 progress=16.36% BPC=0.7479 rate=9.35% top100=96.47%
chunks=79950 bytes=163737600 progress=16.37% BPC=0.7479 rate=9.35% top100=96.47%
chunks=80000 bytes=163840000 progress=16.38% BPC=0.7479 rate=9.35% top100=96.47%
chunks=80050 bytes=163942400 progress=16.39% BPC=0.7479 rate=9.35% top100=96.47%
chunks=80100 bytes=164044800 progress=16.40% BPC=0.7480 rate=9.35% top100=96.47%
chunks=80150 bytes=164147200 progress=16.41% BPC=0.7479 rate=9.35% top100=96.47%
chunks=80200 bytes=164249600 progress=16.42% BPC=0.7479 rate=9.35% top100=96.47%
chunks=80250 bytes=164352000 progress=16.44% BPC=0.7479 rate=9.35% top100=96.47%
chunks=80300 bytes=164454400 progress=16.45% BPC=0.7479 rate=9.35% top100=96.47%
chunks=80350 bytes=164556800 progress=16.46% BPC=0.7479 rate=9.35% top100=96.47%
chunks=80400 bytes=164659200 progress=16.47% BPC=0.7479 rate=9.35% top100=96.47%
chunks=80450 bytes=164761600 progress=16.48% BPC=0.7478 rate=9.35% top100=96.47%
chunks=80500 bytes=164864000 progress=16.49% BPC=0.7479 rate=9.35% top100=96.47%
chunks=80550 bytes=164966400 progress=16.50% BPC=0.7479 rate=9.35% top100=96.47%
chunks=80600 bytes=165068800 progress=16.51% BPC=0.7478 rate=9.35% top100=96.47%
chunks=80650 bytes=165171200 progress=16.52% BPC=0.7479 rate=9.35% top100=96.47%
chunks=80700 bytes=165273600 progress=16.53% BPC=0.7479 rate=9.35% top100=96.47%
chunks=80750 bytes=165376000 progress=16.54% BPC=0.7479 rate=9.35% top100=96.47%
chunks=80800 bytes=165478400 progress=16.55% BPC=0.7479 rate=9.35% top100=96.47%
chunks=80850 bytes=165580800 progress=16.56% BPC=0.7479 rate=9.35% top100=96.47%
chunks=80900 bytes=165683200 progress=16.57% BPC=0.7479 rate=9.35% top100=96.47%
chunks=80950 bytes=165785600 progress=16.58% BPC=0.7479 rate=9.35% top100=96.47%
chunks=81000 bytes=165888000 progress=16.59% BPC=0.7479 rate=9.35% top100=96.47%
chunks=81050 bytes=165990400 progress=16.60% BPC=0.7479 rate=9.35% top100=96.47%
chunks=81100 bytes=166092800 progress=16.61% BPC=0.7479 rate=9.35% top100=96.47%
chunks=81150 bytes=166195200 progress=16.62% BPC=0.7478 rate=9.35% top100=96.47%
chunks=81200 bytes=166297600 progress=16.63% BPC=0.7478 rate=9.35% top100=96.47%
chunks=81250 bytes=166400000 progress=16.64% BPC=0.7478 rate=9.35% top100=96.47%
chunks=81300 bytes=166502400 progress=16.65% BPC=0.7478 rate=9.35% top100=96.47%
chunks=81350 bytes=166604800 progress=16.66% BPC=0.7478 rate=9.35% top100=96.47%
chunks=81400 bytes=166707200 progress=16.67% BPC=0.7478 rate=9.35% top100=96.47%
chunks=81450 bytes=166809600 progress=16.68% BPC=0.7478 rate=9.35% top100=96.47%
chunks=81500 bytes=166912000 progress=16.69% BPC=0.7477 rate=9.35% top100=96.47%
chunks=81550 bytes=167014400 progress=16.70% BPC=0.7478 rate=9.35% top100=96.47%
chunks=81600 bytes=167116800 progress=16.71% BPC=0.7478 rate=9.35% top100=96.47%
chunks=81650 bytes=167219200 progress=16.72% BPC=0.7477 rate=9.35% top100=96.47%
chunks=81700 bytes=167321600 progress=16.73% BPC=0.7478 rate=9.35% top100=96.47%
chunks=81750 bytes=167424000 progress=16.74% BPC=0.7478 rate=9.35% top100=96.47%
chunks=81800 bytes=167526400 progress=16.75% BPC=0.7478 rate=9.35% top100=96.47%
chunks=81850 bytes=167628800 progress=16.76% BPC=0.7478 rate=9.35% top100=96.47%
chunks=81900 bytes=167731200 progress=16.77% BPC=0.7478 rate=9.35% top100=96.47%
chunks=81950 bytes=167833600 progress=16.78% BPC=0.7478 rate=9.35% top100=96.47%
chunks=82000 bytes=167936000 progress=16.79% BPC=0.7478 rate=9.35% top100=96.47%
chunks=82050 bytes=168038400 progress=16.80% BPC=0.7479 rate=9.35% top100=96.46%
chunks=82100 bytes=168140800 progress=16.81% BPC=0.7479 rate=9.35% top100=96.46%
chunks=82150 bytes=168243200 progress=16.82% BPC=0.7479 rate=9.35% top100=96.46%
chunks=82200 bytes=168345600 progress=16.83% BPC=0.7479 rate=9.35% top100=96.46%
chunks=82250 bytes=168448000 progress=16.84% BPC=0.7479 rate=9.35% top100=96.46%
chunks=82300 bytes=168550400 progress=16.86% BPC=0.7479 rate=9.35% top100=96.46%
chunks=82350 bytes=168652800 progress=16.87% BPC=0.7479 rate=9.35% top100=96.46%
chunks=82400 bytes=168755200 progress=16.88% BPC=0.7479 rate=9.35% top100=96.46%
chunks=82450 bytes=168857600 progress=16.89% BPC=0.7479 rate=9.35% top100=96.46%
chunks=82500 bytes=168960000 progress=16.90% BPC=0.7479 rate=9.35% top100=96.46%
chunks=82550 bytes=169062400 progress=16.91% BPC=0.7480 rate=9.35% top100=96.46%
chunks=82600 bytes=169164800 progress=16.92% BPC=0.7480 rate=9.35% top100=96.46%
chunks=82650 bytes=169267200 progress=16.93% BPC=0.7479 rate=9.35% top100=96.46%
chunks=82700 bytes=169369600 progress=16.94% BPC=0.7479 rate=9.35% top100=96.46%
chunks=82750 bytes=169472000 progress=16.95% BPC=0.7479 rate=9.35% top100=96.46%
chunks=82800 bytes=169574400 progress=16.96% BPC=0.7479 rate=9.35% top100=96.46%
chunks=82850 bytes=169676800 progress=16.97% BPC=0.7480 rate=9.35% top100=96.46%
chunks=82900 bytes=169779200 progress=16.98% BPC=0.7479 rate=9.35% top100=96.46%
chunks=82950 bytes=169881600 progress=16.99% BPC=0.7480 rate=9.35% top100=96.46%
chunks=83000 bytes=169984000 progress=17.00% BPC=0.7479 rate=9.35% top100=96.46%
chunks=83050 bytes=170086400 progress=17.01% BPC=0.7480 rate=9.35% top100=96.46%
chunks=83100 bytes=170188800 progress=17.02% BPC=0.7479 rate=9.35% top100=96.46%
chunks=83150 bytes=170291200 progress=17.03% BPC=0.7479 rate=9.35% top100=96.46%
chunks=83200 bytes=170393600 progress=17.04% BPC=0.7479 rate=9.35% top100=96.46%
chunks=83250 bytes=170496000 progress=17.05% BPC=0.7480 rate=9.35% top100=96.46%
chunks=83300 bytes=170598400 progress=17.06% BPC=0.7480 rate=9.35% top100=96.46%
chunks=83350 bytes=170700800 progress=17.07% BPC=0.7480 rate=9.35% top100=96.46%
chunks=83400 bytes=170803200 progress=17.08% BPC=0.7480 rate=9.35% top100=96.46%
chunks=83450 bytes=170905600 progress=17.09% BPC=0.7480 rate=9.35% top100=96.46%
chunks=83500 bytes=171008000 progress=17.10% BPC=0.7480 rate=9.35% top100=96.46%
chunks=83550 bytes=171110400 progress=17.11% BPC=0.7480 rate=9.35% top100=96.46%
chunks=83600 bytes=171212800 progress=17.12% BPC=0.7480 rate=9.35% top100=96.46%
chunks=83650 bytes=171315200 progress=17.13% BPC=0.7480 rate=9.35% top100=96.46%
chunks=83700 bytes=171417600 progress=17.14% BPC=0.7480 rate=9.35% top100=96.46%
chunks=83750 bytes=171520000 progress=17.15% BPC=0.7480 rate=9.35% top100=96.46%
chunks=83800 bytes=171622400 progress=17.16% BPC=0.7480 rate=9.35% top100=96.46%
chunks=83850 bytes=171724800 progress=17.17% BPC=0.7480 rate=9.35% top100=96.46%
chunks=83900 bytes=171827200 progress=17.18% BPC=0.7480 rate=9.35% top100=96.46%
chunks=83950 bytes=171929600 progress=17.19% BPC=0.7480 rate=9.35% top100=96.46%
chunks=84000 bytes=172032000 progress=17.20% BPC=0.7479 rate=9.35% top100=96.46%
chunks=84050 bytes=172134400 progress=17.21% BPC=0.7479 rate=9.35% top100=96.46%
chunks=84100 bytes=172236800 progress=17.22% BPC=0.7478 rate=9.35% top100=96.46%
chunks=84150 bytes=172339200 progress=17.23% BPC=0.7478 rate=9.35% top100=96.46%
chunks=84200 bytes=172441600 progress=17.24% BPC=0.7478 rate=9.35% top100=96.46%
chunks=84250 bytes=172544000 progress=17.25% BPC=0.7478 rate=9.35% top100=96.46%
chunks=84300 bytes=172646400 progress=17.26% BPC=0.7478 rate=9.35% top100=96.46%
chunks=84350 bytes=172748800 progress=17.27% BPC=0.7478 rate=9.35% top100=96.46%
chunks=84400 bytes=172851200 progress=17.29% BPC=0.7478 rate=9.35% top100=96.46%
chunks=84450 bytes=172953600 progress=17.30% BPC=0.7478 rate=9.35% top100=96.46%
chunks=84500 bytes=173056000 progress=17.31% BPC=0.7478 rate=9.35% top100=96.46%
chunks=84550 bytes=173158400 progress=17.32% BPC=0.7478 rate=9.35% top100=96.46%
chunks=84600 bytes=173260800 progress=17.33% BPC=0.7478 rate=9.35% top100=96.46%
chunks=84650 bytes=173363200 progress=17.34% BPC=0.7478 rate=9.35% top100=96.46%
chunks=84700 bytes=173465600 progress=17.35% BPC=0.7478 rate=9.35% top100=96.46%
chunks=84750 bytes=173568000 progress=17.36% BPC=0.7478 rate=9.35% top100=96.46%
chunks=84800 bytes=173670400 progress=17.37% BPC=0.7478 rate=9.35% top100=96.46%
chunks=84850 bytes=173772800 progress=17.38% BPC=0.7478 rate=9.35% top100=96.46%
chunks=84900 bytes=173875200 progress=17.39% BPC=0.7479 rate=9.35% top100=96.46%
chunks=84950 bytes=173977600 progress=17.40% BPC=0.7478 rate=9.35% top100=96.46%
chunks=85000 bytes=174080000 progress=17.41% BPC=0.7478 rate=9.35% top100=96.46%
chunks=85050 bytes=174182400 progress=17.42% BPC=0.7478 rate=9.35% top100=96.46%
chunks=85100 bytes=174284800 progress=17.43% BPC=0.7479 rate=9.35% top100=96.46%
chunks=85150 bytes=174387200 progress=17.44% BPC=0.7479 rate=9.35% top100=96.46%
chunks=85200 bytes=174489600 progress=17.45% BPC=0.7478 rate=9.35% top100=96.46%
chunks=85250 bytes=174592000 progress=17.46% BPC=0.7478 rate=9.35% top100=96.46%
chunks=85300 bytes=174694400 progress=17.47% BPC=0.7478 rate=9.35% top100=96.46%
chunks=85350 bytes=174796800 progress=17.48% BPC=0.7478 rate=9.35% top100=96.46%
chunks=85400 bytes=174899200 progress=17.49% BPC=0.7478 rate=9.35% top100=96.46%
chunks=85450 bytes=175001600 progress=17.50% BPC=0.7478 rate=9.35% top100=96.46%
chunks=85500 bytes=175104000 progress=17.51% BPC=0.7478 rate=9.35% top100=96.46%
chunks=85550 bytes=175206400 progress=17.52% BPC=0.7478 rate=9.35% top100=96.46%
chunks=85600 bytes=175308800 progress=17.53% BPC=0.7478 rate=9.35% top100=96.46%
chunks=85650 bytes=175411200 progress=17.54% BPC=0.7478 rate=9.35% top100=96.46%
chunks=85700 bytes=175513600 progress=17.55% BPC=0.7478 rate=9.35% top100=96.46%
chunks=85750 bytes=175616000 progress=17.56% BPC=0.7478 rate=9.35% top100=96.46%
chunks=85800 bytes=175718400 progress=17.57% BPC=0.7478 rate=9.35% top100=96.46%
chunks=85850 bytes=175820800 progress=17.58% BPC=0.7478 rate=9.35% top100=96.46%
chunks=85900 bytes=175923200 progress=17.59% BPC=0.7477 rate=9.35% top100=96.46%
chunks=85950 bytes=176025600 progress=17.60% BPC=0.7477 rate=9.35% top100=96.46%
chunks=86000 bytes=176128000 progress=17.61% BPC=0.7477 rate=9.35% top100=96.46%
chunks=86050 bytes=176230400 progress=17.62% BPC=0.7477 rate=9.35% top100=96.46%
chunks=86100 bytes=176332800 progress=17.63% BPC=0.7478 rate=9.35% top100=96.46%
chunks=86150 bytes=176435200 progress=17.64% BPC=0.7478 rate=9.35% top100=96.46%
chunks=86200 bytes=176537600 progress=17.65% BPC=0.7477 rate=9.35% top100=96.46%
chunks=86250 bytes=176640000 progress=17.66% BPC=0.7477 rate=9.35% top100=96.46%
chunks=86300 bytes=176742400 progress=17.67% BPC=0.7478 rate=9.35% top100=96.46%
chunks=86350 bytes=176844800 progress=17.68% BPC=0.7477 rate=9.35% top100=96.46%
chunks=86400 bytes=176947200 progress=17.69% BPC=0.7476 rate=9.35% top100=96.46%
chunks=86450 bytes=177049600 progress=17.70% BPC=0.7476 rate=9.35% top100=96.46%
chunks=86500 bytes=177152000 progress=17.72% BPC=0.7476 rate=9.34% top100=96.46%
chunks=86550 bytes=177254400 progress=17.73% BPC=0.7475 rate=9.34% top100=96.46%
chunks=86600 bytes=177356800 progress=17.74% BPC=0.7475 rate=9.34% top100=96.46%
chunks=86650 bytes=177459200 progress=17.75% BPC=0.7475 rate=9.34% top100=96.46%
chunks=86700 bytes=177561600 progress=17.76% BPC=0.7474 rate=9.34% top100=96.47%
chunks=86750 bytes=177664000 progress=17.77% BPC=0.7474 rate=9.34% top100=96.47%
chunks=86800 bytes=177766400 progress=17.78% BPC=0.7474 rate=9.34% top100=96.47%
chunks=86850 bytes=177868800 progress=17.79% BPC=0.7474 rate=9.34% top100=96.47%
chunks=86900 bytes=177971200 progress=17.80% BPC=0.7474 rate=9.34% top100=96.47%
chunks=86950 bytes=178073600 progress=17.81% BPC=0.7473 rate=9.34% top100=96.47%
chunks=87000 bytes=178176000 progress=17.82% BPC=0.7473 rate=9.34% top100=96.47%
chunks=87050 bytes=178278400 progress=17.83% BPC=0.7473 rate=9.34% top100=96.47%
chunks=87100 bytes=178380800 progress=17.84% BPC=0.7473 rate=9.34% top100=96.47%
chunks=87150 bytes=178483200 progress=17.85% BPC=0.7472 rate=9.34% top100=96.47%
chunks=87200 bytes=178585600 progress=17.86% BPC=0.7472 rate=9.34% top100=96.47%
chunks=87250 bytes=178688000 progress=17.87% BPC=0.7472 rate=9.34% top100=96.47%
chunks=87300 bytes=178790400 progress=17.88% BPC=0.7472 rate=9.34% top100=96.47%
chunks=87350 bytes=178892800 progress=17.89% BPC=0.7472 rate=9.34% top100=96.47%
chunks=87400 bytes=178995200 progress=17.90% BPC=0.7472 rate=9.34% top100=96.47%
chunks=87450 bytes=179097600 progress=17.91% BPC=0.7472 rate=9.34% top100=96.47%
chunks=87500 bytes=179200000 progress=17.92% BPC=0.7472 rate=9.34% top100=96.47%
chunks=87550 bytes=179302400 progress=17.93% BPC=0.7472 rate=9.34% top100=96.47%
chunks=87600 bytes=179404800 progress=17.94% BPC=0.7472 rate=9.34% top100=96.47%
chunks=87650 bytes=179507200 progress=17.95% BPC=0.7472 rate=9.34% top100=96.47%
chunks=87700 bytes=179609600 progress=17.96% BPC=0.7472 rate=9.34% top100=96.47%
chunks=87750 bytes=179712000 progress=17.97% BPC=0.7472 rate=9.34% top100=96.47%
chunks=87800 bytes=179814400 progress=17.98% BPC=0.7472 rate=9.34% top100=96.47%
chunks=87850 bytes=179916800 progress=17.99% BPC=0.7473 rate=9.34% top100=96.47%
chunks=87900 bytes=180019200 progress=18.00% BPC=0.7473 rate=9.34% top100=96.47%
chunks=87950 bytes=180121600 progress=18.01% BPC=0.7472 rate=9.34% top100=96.47%
chunks=88000 bytes=180224000 progress=18.02% BPC=0.7472 rate=9.34% top100=96.47%
chunks=88050 bytes=180326400 progress=18.03% BPC=0.7472 rate=9.34% top100=96.47%
chunks=88100 bytes=180428800 progress=18.04% BPC=0.7472 rate=9.34% top100=96.47%
chunks=88150 bytes=180531200 progress=18.05% BPC=0.7473 rate=9.34% top100=96.47%
chunks=88200 bytes=180633600 progress=18.06% BPC=0.7472 rate=9.34% top100=96.47%
chunks=88250 bytes=180736000 progress=18.07% BPC=0.7472 rate=9.34% top100=96.47%
chunks=88300 bytes=180838400 progress=18.08% BPC=0.7473 rate=9.34% top100=96.47%
chunks=88350 bytes=180940800 progress=18.09% BPC=0.7473 rate=9.34% top100=96.47%
chunks=88400 bytes=181043200 progress=18.10% BPC=0.7473 rate=9.34% top100=96.47%
chunks=88450 bytes=181145600 progress=18.11% BPC=0.7473 rate=9.34% top100=96.47%
chunks=88500 bytes=181248000 progress=18.12% BPC=0.7473 rate=9.34% top100=96.47%
chunks=88550 bytes=181350400 progress=18.14% BPC=0.7473 rate=9.34% top100=96.47%
chunks=88600 bytes=181452800 progress=18.15% BPC=0.7473 rate=9.34% top100=96.47%
chunks=88650 bytes=181555200 progress=18.16% BPC=0.7473 rate=9.34% top100=96.47%
chunks=88700 bytes=181657600 progress=18.17% BPC=0.7473 rate=9.34% top100=96.47%
chunks=88750 bytes=181760000 progress=18.18% BPC=0.7473 rate=9.34% top100=96.47%
chunks=88800 bytes=181862400 progress=18.19% BPC=0.7473 rate=9.34% top100=96.47%
chunks=88850 bytes=181964800 progress=18.20% BPC=0.7473 rate=9.34% top100=96.47%
chunks=88900 bytes=182067200 progress=18.21% BPC=0.7473 rate=9.34% top100=96.47%
chunks=88950 bytes=182169600 progress=18.22% BPC=0.7473 rate=9.34% top100=96.47%
chunks=89000 bytes=182272000 progress=18.23% BPC=0.7473 rate=9.34% top100=96.47%
chunks=89050 bytes=182374400 progress=18.24% BPC=0.7473 rate=9.34% top100=96.47%
chunks=89100 bytes=182476800 progress=18.25% BPC=0.7473 rate=9.34% top100=96.47%
chunks=89150 bytes=182579200 progress=18.26% BPC=0.7473 rate=9.34% top100=96.47%
chunks=89200 bytes=182681600 progress=18.27% BPC=0.7473 rate=9.34% top100=96.47%
chunks=89250 bytes=182784000 progress=18.28% BPC=0.7474 rate=9.34% top100=96.47%
chunks=89300 bytes=182886400 progress=18.29% BPC=0.7473 rate=9.34% top100=96.47%
chunks=89350 bytes=182988800 progress=18.30% BPC=0.7473 rate=9.34% top100=96.47%
chunks=89400 bytes=183091200 progress=18.31% BPC=0.7474 rate=9.34% top100=96.47%
chunks=89450 bytes=183193600 progress=18.32% BPC=0.7474 rate=9.34% top100=96.47%
chunks=89500 bytes=183296000 progress=18.33% BPC=0.7474 rate=9.34% top100=96.47%
chunks=89550 bytes=183398400 progress=18.34% BPC=0.7474 rate=9.34% top100=96.47%
chunks=89600 bytes=183500800 progress=18.35% BPC=0.7474 rate=9.34% top100=96.47%
chunks=89650 bytes=183603200 progress=18.36% BPC=0.7475 rate=9.34% top100=96.47%
chunks=89700 bytes=183705600 progress=18.37% BPC=0.7474 rate=9.34% top100=96.47%
chunks=89750 bytes=183808000 progress=18.38% BPC=0.7475 rate=9.34% top100=96.47%
chunks=89800 bytes=183910400 progress=18.39% BPC=0.7475 rate=9.34% top100=96.47%
chunks=89850 bytes=184012800 progress=18.40% BPC=0.7475 rate=9.34% top100=96.47%
chunks=89900 bytes=184115200 progress=18.41% BPC=0.7475 rate=9.34% top100=96.47%
chunks=89950 bytes=184217600 progress=18.42% BPC=0.7475 rate=9.34% top100=96.47%
chunks=90000 bytes=184320000 progress=18.43% BPC=0.7475 rate=9.34% top100=96.46%
chunks=90050 bytes=184422400 progress=18.44% BPC=0.7476 rate=9.34% top100=96.46%
chunks=90100 bytes=184524800 progress=18.45% BPC=0.7476 rate=9.34% top100=96.46%
chunks=90150 bytes=184627200 progress=18.46% BPC=0.7476 rate=9.34% top100=96.46%
chunks=90200 bytes=184729600 progress=18.47% BPC=0.7476 rate=9.34% top100=96.46%
chunks=90250 bytes=184832000 progress=18.48% BPC=0.7476 rate=9.35% top100=96.46%
chunks=90300 bytes=184934400 progress=18.49% BPC=0.7476 rate=9.35% top100=96.46%
chunks=90350 bytes=185036800 progress=18.50% BPC=0.7476 rate=9.35% top100=96.46%
chunks=90400 bytes=185139200 progress=18.51% BPC=0.7476 rate=9.35% top100=96.46%
chunks=90450 bytes=185241600 progress=18.52% BPC=0.7476 rate=9.34% top100=96.46%
chunks=90500 bytes=185344000 progress=18.53% BPC=0.7476 rate=9.35% top100=96.46%
chunks=90550 bytes=185446400 progress=18.54% BPC=0.7476 rate=9.35% top100=96.46%
chunks=90600 bytes=185548800 progress=18.55% BPC=0.7476 rate=9.35% top100=96.46%
chunks=90650 bytes=185651200 progress=18.57% BPC=0.7477 rate=9.35% top100=96.46%
chunks=90700 bytes=185753600 progress=18.58% BPC=0.7477 rate=9.35% top100=96.46%
chunks=90750 bytes=185856000 progress=18.59% BPC=0.7477 rate=9.35% top100=96.46%
chunks=90800 bytes=185958400 progress=18.60% BPC=0.7477 rate=9.35% top100=96.46%
chunks=90850 bytes=186060800 progress=18.61% BPC=0.7477 rate=9.35% top100=96.46%
chunks=90900 bytes=186163200 progress=18.62% BPC=0.7477 rate=9.35% top100=96.46%
chunks=90950 bytes=186265600 progress=18.63% BPC=0.7477 rate=9.35% top100=96.46%
chunks=91000 bytes=186368000 progress=18.64% BPC=0.7478 rate=9.35% top100=96.46%
chunks=91050 bytes=186470400 progress=18.65% BPC=0.7477 rate=9.35% top100=96.46%
chunks=91100 bytes=186572800 progress=18.66% BPC=0.7478 rate=9.35% top100=96.46%
chunks=91150 bytes=186675200 progress=18.67% BPC=0.7478 rate=9.35% top100=96.46%
chunks=91200 bytes=186777600 progress=18.68% BPC=0.7478 rate=9.35% top100=96.46%
chunks=91250 bytes=186880000 progress=18.69% BPC=0.7478 rate=9.35% top100=96.46%
chunks=91300 bytes=186982400 progress=18.70% BPC=0.7478 rate=9.35% top100=96.46%
chunks=91350 bytes=187084800 progress=18.71% BPC=0.7478 rate=9.35% top100=96.46%
chunks=91400 bytes=187187200 progress=18.72% BPC=0.7478 rate=9.35% top100=96.46%
chunks=91450 bytes=187289600 progress=18.73% BPC=0.7479 rate=9.35% top100=96.46%
chunks=91500 bytes=187392000 progress=18.74% BPC=0.7479 rate=9.35% top100=96.46%
chunks=91550 bytes=187494400 progress=18.75% BPC=0.7479 rate=9.35% top100=96.46%
chunks=91600 bytes=187596800 progress=18.76% BPC=0.7479 rate=9.35% top100=96.46%
chunks=91650 bytes=187699200 progress=18.77% BPC=0.7479 rate=9.35% top100=96.46%
chunks=91700 bytes=187801600 progress=18.78% BPC=0.7480 rate=9.35% top100=96.46%
chunks=91750 bytes=187904000 progress=18.79% BPC=0.7480 rate=9.35% top100=96.46%
chunks=91800 bytes=188006400 progress=18.80% BPC=0.7480 rate=9.35% top100=96.46%
chunks=91850 bytes=188108800 progress=18.81% BPC=0.7480 rate=9.35% top100=96.46%
chunks=91900 bytes=188211200 progress=18.82% BPC=0.7480 rate=9.35% top100=96.46%
chunks=91950 bytes=188313600 progress=18.83% BPC=0.7480 rate=9.35% top100=96.46%
chunks=92000 bytes=188416000 progress=18.84% BPC=0.7481 rate=9.35% top100=96.46%
chunks=92050 bytes=188518400 progress=18.85% BPC=0.7481 rate=9.35% top100=96.46%
chunks=92100 bytes=188620800 progress=18.86% BPC=0.7481 rate=9.35% top100=96.46%
chunks=92150 bytes=188723200 progress=18.87% BPC=0.7481 rate=9.35% top100=96.46%
chunks=92200 bytes=188825600 progress=18.88% BPC=0.7481 rate=9.35% top100=96.46%
chunks=92250 bytes=188928000 progress=18.89% BPC=0.7481 rate=9.35% top100=96.46%
chunks=92300 bytes=189030400 progress=18.90% BPC=0.7482 rate=9.35% top100=96.46%
chunks=92350 bytes=189132800 progress=18.91% BPC=0.7482 rate=9.35% top100=96.46%
chunks=92400 bytes=189235200 progress=18.92% BPC=0.7482 rate=9.35% top100=96.46%
chunks=92450 bytes=189337600 progress=18.93% BPC=0.7482 rate=9.35% top100=96.46%
chunks=92500 bytes=189440000 progress=18.94% BPC=0.7481 rate=9.35% top100=96.46%
chunks=92550 bytes=189542400 progress=18.95% BPC=0.7481 rate=9.35% top100=96.46%
chunks=92600 bytes=189644800 progress=18.96% BPC=0.7480 rate=9.35% top100=96.46%
chunks=92650 bytes=189747200 progress=18.97% BPC=0.7479 rate=9.35% top100=96.46%
chunks=92700 bytes=189849600 progress=18.98% BPC=0.7478 rate=9.35% top100=96.46%
chunks=92750 bytes=189952000 progress=19.00% BPC=0.7478 rate=9.35% top100=96.46%
chunks=92800 bytes=190054400 progress=19.01% BPC=0.7478 rate=9.35% top100=96.46%
chunks=92850 bytes=190156800 progress=19.02% BPC=0.7478 rate=9.35% top100=96.46%
chunks=92900 bytes=190259200 progress=19.03% BPC=0.7478 rate=9.35% top100=96.46%
chunks=92950 bytes=190361600 progress=19.04% BPC=0.7478 rate=9.35% top100=96.46%
chunks=93000 bytes=190464000 progress=19.05% BPC=0.7478 rate=9.35% top100=96.46%
chunks=93050 bytes=190566400 progress=19.06% BPC=0.7478 rate=9.35% top100=96.46%
chunks=93100 bytes=190668800 progress=19.07% BPC=0.7478 rate=9.35% top100=96.46%
chunks=93150 bytes=190771200 progress=19.08% BPC=0.7478 rate=9.35% top100=96.46%
chunks=93200 bytes=190873600 progress=19.09% BPC=0.7478 rate=9.35% top100=96.46%
chunks=93250 bytes=190976000 progress=19.10% BPC=0.7478 rate=9.35% top100=96.46%
chunks=93300 bytes=191078400 progress=19.11% BPC=0.7478 rate=9.35% top100=96.46%
chunks=93350 bytes=191180800 progress=19.12% BPC=0.7478 rate=9.35% top100=96.46%
chunks=93400 bytes=191283200 progress=19.13% BPC=0.7478 rate=9.35% top100=96.46%
chunks=93450 bytes=191385600 progress=19.14% BPC=0.7479 rate=9.35% top100=96.46%
chunks=93500 bytes=191488000 progress=19.15% BPC=0.7479 rate=9.35% top100=96.46%
chunks=93550 bytes=191590400 progress=19.16% BPC=0.7479 rate=9.35% top100=96.46%
chunks=93600 bytes=191692800 progress=19.17% BPC=0.7479 rate=9.35% top100=96.46%
chunks=93650 bytes=191795200 progress=19.18% BPC=0.7479 rate=9.35% top100=96.46%
chunks=93700 bytes=191897600 progress=19.19% BPC=0.7479 rate=9.35% top100=96.46%
chunks=93750 bytes=192000000 progress=19.20% BPC=0.7478 rate=9.35% top100=96.46%
chunks=93800 bytes=192102400 progress=19.21% BPC=0.7478 rate=9.35% top100=96.46%
chunks=93850 bytes=192204800 progress=19.22% BPC=0.7478 rate=9.35% top100=96.46%
chunks=93900 bytes=192307200 progress=19.23% BPC=0.7478 rate=9.35% top100=96.46%
chunks=93950 bytes=192409600 progress=19.24% BPC=0.7479 rate=9.35% top100=96.46%
chunks=94000 bytes=192512000 progress=19.25% BPC=0.7479 rate=9.35% top100=96.46%
chunks=94050 bytes=192614400 progress=19.26% BPC=0.7479 rate=9.35% top100=96.46%
chunks=94100 bytes=192716800 progress=19.27% BPC=0.7479 rate=9.35% top100=96.46%
chunks=94150 bytes=192819200 progress=19.28% BPC=0.7479 rate=9.35% top100=96.46%
chunks=94200 bytes=192921600 progress=19.29% BPC=0.7478 rate=9.35% top100=96.46%
chunks=94250 bytes=193024000 progress=19.30% BPC=0.7479 rate=9.35% top100=96.46%
chunks=94300 bytes=193126400 progress=19.31% BPC=0.7478 rate=9.35% top100=96.46%
chunks=94350 bytes=193228800 progress=19.32% BPC=0.7478 rate=9.35% top100=96.46%
chunks=94400 bytes=193331200 progress=19.33% BPC=0.7478 rate=9.35% top100=96.46%
chunks=94450 bytes=193433600 progress=19.34% BPC=0.7478 rate=9.35% top100=96.46%
chunks=94500 bytes=193536000 progress=19.35% BPC=0.7478 rate=9.35% top100=96.46%
chunks=94550 bytes=193638400 progress=19.36% BPC=0.7478 rate=9.35% top100=96.46%
chunks=94600 bytes=193740800 progress=19.37% BPC=0.7478 rate=9.35% top100=96.46%
chunks=94650 bytes=193843200 progress=19.38% BPC=0.7478 rate=9.35% top100=96.46%
chunks=94700 bytes=193945600 progress=19.39% BPC=0.7478 rate=9.35% top100=96.46%
chunks=94750 bytes=194048000 progress=19.40% BPC=0.7478 rate=9.35% top100=96.46%
chunks=94800 bytes=194150400 progress=19.42% BPC=0.7478 rate=9.35% top100=96.46%
chunks=94850 bytes=194252800 progress=19.43% BPC=0.7478 rate=9.35% top100=96.46%
chunks=94900 bytes=194355200 progress=19.44% BPC=0.7478 rate=9.35% top100=96.46%
chunks=94950 bytes=194457600 progress=19.45% BPC=0.7479 rate=9.35% top100=96.46%
chunks=95000 bytes=194560000 progress=19.46% BPC=0.7479 rate=9.35% top100=96.46%
chunks=95050 bytes=194662400 progress=19.47% BPC=0.7479 rate=9.35% top100=96.46%
chunks=95100 bytes=194764800 progress=19.48% BPC=0.7479 rate=9.35% top100=96.46%
chunks=95150 bytes=194867200 progress=19.49% BPC=0.7479 rate=9.35% top100=96.46%
chunks=95200 bytes=194969600 progress=19.50% BPC=0.7479 rate=9.35% top100=96.46%
chunks=95250 bytes=195072000 progress=19.51% BPC=0.7480 rate=9.35% top100=96.46%
chunks=95300 bytes=195174400 progress=19.52% BPC=0.7480 rate=9.35% top100=96.46%
chunks=95350 bytes=195276800 progress=19.53% BPC=0.7480 rate=9.35% top100=96.46%
chunks=95400 bytes=195379200 progress=19.54% BPC=0.7480 rate=9.35% top100=96.46%
chunks=95450 bytes=195481600 progress=19.55% BPC=0.7480 rate=9.35% top100=96.46%
chunks=95500 bytes=195584000 progress=19.56% BPC=0.7480 rate=9.35% top100=96.46%
chunks=95550 bytes=195686400 progress=19.57% BPC=0.7480 rate=9.35% top100=96.46%
chunks=95600 bytes=195788800 progress=19.58% BPC=0.7479 rate=9.35% top100=96.46%
chunks=95650 bytes=195891200 progress=19.59% BPC=0.7479 rate=9.35% top100=96.46%
chunks=95700 bytes=195993600 progress=19.60% BPC=0.7479 rate=9.35% top100=96.46%
chunks=95750 bytes=196096000 progress=19.61% BPC=0.7478 rate=9.35% top100=96.46%
chunks=95800 bytes=196198400 progress=19.62% BPC=0.7478 rate=9.35% top100=96.46%
chunks=95850 bytes=196300800 progress=19.63% BPC=0.7478 rate=9.35% top100=96.46%
chunks=95900 bytes=196403200 progress=19.64% BPC=0.7478 rate=9.35% top100=96.46%
chunks=95950 bytes=196505600 progress=19.65% BPC=0.7478 rate=9.35% top100=96.46%
chunks=96000 bytes=196608000 progress=19.66% BPC=0.7478 rate=9.35% top100=96.46%
chunks=96050 bytes=196710400 progress=19.67% BPC=0.7478 rate=9.35% top100=96.46%
chunks=96100 bytes=196812800 progress=19.68% BPC=0.7478 rate=9.35% top100=96.46%
chunks=96150 bytes=196915200 progress=19.69% BPC=0.7478 rate=9.35% top100=96.46%
chunks=96200 bytes=197017600 progress=19.70% BPC=0.7479 rate=9.35% top100=96.46%
chunks=96250 bytes=197120000 progress=19.71% BPC=0.7479 rate=9.35% top100=96.46%
chunks=96300 bytes=197222400 progress=19.72% BPC=0.7478 rate=9.35% top100=96.46%
chunks=96350 bytes=197324800 progress=19.73% BPC=0.7479 rate=9.35% top100=96.46%
chunks=96400 bytes=197427200 progress=19.74% BPC=0.7478 rate=9.35% top100=96.46%
chunks=96450 bytes=197529600 progress=19.75% BPC=0.7478 rate=9.35% top100=96.46%
chunks=96500 bytes=197632000 progress=19.76% BPC=0.7478 rate=9.35% top100=96.46%
chunks=96550 bytes=197734400 progress=19.77% BPC=0.7478 rate=9.35% top100=96.46%
chunks=96600 bytes=197836800 progress=19.78% BPC=0.7478 rate=9.35% top100=96.46%
chunks=96650 bytes=197939200 progress=19.79% BPC=0.7478 rate=9.35% top100=96.46%
chunks=96700 bytes=198041600 progress=19.80% BPC=0.7478 rate=9.35% top100=96.46%
chunks=96750 bytes=198144000 progress=19.81% BPC=0.7478 rate=9.35% top100=96.46%
chunks=96800 bytes=198246400 progress=19.82% BPC=0.7478 rate=9.35% top100=96.46%
chunks=96850 bytes=198348800 progress=19.83% BPC=0.7478 rate=9.35% top100=96.46%
chunks=96900 bytes=198451200 progress=19.85% BPC=0.7478 rate=9.35% top100=96.46%
chunks=96950 bytes=198553600 progress=19.86% BPC=0.7478 rate=9.35% top100=96.46%
chunks=97000 bytes=198656000 progress=19.87% BPC=0.7478 rate=9.35% top100=96.46%
chunks=97050 bytes=198758400 progress=19.88% BPC=0.7478 rate=9.35% top100=96.46%
chunks=97100 bytes=198860800 progress=19.89% BPC=0.7478 rate=9.35% top100=96.46%
chunks=97150 bytes=198963200 progress=19.90% BPC=0.7478 rate=9.35% top100=96.46%
chunks=97200 bytes=199065600 progress=19.91% BPC=0.7479 rate=9.35% top100=96.46%
chunks=97250 bytes=199168000 progress=19.92% BPC=0.7479 rate=9.35% top100=96.46%
chunks=97300 bytes=199270400 progress=19.93% BPC=0.7479 rate=9.35% top100=96.46%
chunks=97350 bytes=199372800 progress=19.94% BPC=0.7479 rate=9.35% top100=96.46%
chunks=97400 bytes=199475200 progress=19.95% BPC=0.7479 rate=9.35% top100=96.46%
chunks=97450 bytes=199577600 progress=19.96% BPC=0.7479 rate=9.35% top100=96.46%
chunks=97500 bytes=199680000 progress=19.97% BPC=0.7479 rate=9.35% top100=96.46%
chunks=97550 bytes=199782400 progress=19.98% BPC=0.7480 rate=9.35% top100=96.46%
chunks=97600 bytes=199884800 progress=19.99% BPC=0.7480 rate=9.35% top100=96.46%
chunks=97650 bytes=199987200 progress=20.00% BPC=0.7480 rate=9.35% top100=96.46%
chunks=97700 bytes=200089600 progress=20.01% BPC=0.7480 rate=9.35% top100=96.45%
chunks=97750 bytes=200192000 progress=20.02% BPC=0.7480 rate=9.35% top100=96.46%
chunks=97800 bytes=200294400 progress=20.03% BPC=0.7479 rate=9.35% top100=96.46%
chunks=97850 bytes=200396800 progress=20.04% BPC=0.7479 rate=9.35% top100=96.46%
chunks=97900 bytes=200499200 progress=20.05% BPC=0.7479 rate=9.35% top100=96.46%
chunks=97950 bytes=200601600 progress=20.06% BPC=0.7479 rate=9.35% top100=96.46%
chunks=98000 bytes=200704000 progress=20.07% BPC=0.7479 rate=9.35% top100=96.46%
chunks=98050 bytes=200806400 progress=20.08% BPC=0.7479 rate=9.35% top100=96.46%
chunks=98100 bytes=200908800 progress=20.09% BPC=0.7479 rate=9.35% top100=96.46%
chunks=98150 bytes=201011200 progress=20.10% BPC=0.7480 rate=9.35% top100=96.46%
chunks=98200 bytes=201113600 progress=20.11% BPC=0.7480 rate=9.35% top100=96.45%
chunks=98250 bytes=201216000 progress=20.12% BPC=0.7480 rate=9.35% top100=96.46%
chunks=98300 bytes=201318400 progress=20.13% BPC=0.7480 rate=9.35% top100=96.46%
chunks=98350 bytes=201420800 progress=20.14% BPC=0.7480 rate=9.35% top100=96.45%
chunks=98400 bytes=201523200 progress=20.15% BPC=0.7480 rate=9.35% top100=96.45%
chunks=98450 bytes=201625600 progress=20.16% BPC=0.7480 rate=9.35% top100=96.45%
chunks=98500 bytes=201728000 progress=20.17% BPC=0.7481 rate=9.35% top100=96.45%
chunks=98550 bytes=201830400 progress=20.18% BPC=0.7480 rate=9.35% top100=96.45%
chunks=98600 bytes=201932800 progress=20.19% BPC=0.7481 rate=9.35% top100=96.45%
chunks=98650 bytes=202035200 progress=20.20% BPC=0.7481 rate=9.35% top100=96.45%
chunks=98700 bytes=202137600 progress=20.21% BPC=0.7481 rate=9.35% top100=96.45%
chunks=98750 bytes=202240000 progress=20.22% BPC=0.7481 rate=9.35% top100=96.45%
chunks=98800 bytes=202342400 progress=20.23% BPC=0.7481 rate=9.35% top100=96.45%
chunks=98850 bytes=202444800 progress=20.24% BPC=0.7482 rate=9.35% top100=96.45%
chunks=98900 bytes=202547200 progress=20.25% BPC=0.7482 rate=9.35% top100=96.45%
chunks=98950 bytes=202649600 progress=20.26% BPC=0.7483 rate=9.35% top100=96.45%
chunks=99000 bytes=202752000 progress=20.28% BPC=0.7483 rate=9.35% top100=96.45%
chunks=99050 bytes=202854400 progress=20.29% BPC=0.7483 rate=9.35% top100=96.45%
chunks=99100 bytes=202956800 progress=20.30% BPC=0.7483 rate=9.35% top100=96.45%
chunks=99150 bytes=203059200 progress=20.31% BPC=0.7483 rate=9.35% top100=96.45%
chunks=99200 bytes=203161600 progress=20.32% BPC=0.7483 rate=9.35% top100=96.45%
chunks=99250 bytes=203264000 progress=20.33% BPC=0.7483 rate=9.35% top100=96.45%
chunks=99300 bytes=203366400 progress=20.34% BPC=0.7483 rate=9.35% top100=96.45%
chunks=99350 bytes=203468800 progress=20.35% BPC=0.7483 rate=9.35% top100=96.45%
chunks=99400 bytes=203571200 progress=20.36% BPC=0.7483 rate=9.35% top100=96.45%
chunks=99450 bytes=203673600 progress=20.37% BPC=0.7483 rate=9.35% top100=96.45%
chunks=99500 bytes=203776000 progress=20.38% BPC=0.7483 rate=9.35% top100=96.45%
chunks=99550 bytes=203878400 progress=20.39% BPC=0.7483 rate=9.35% top100=96.45%
chunks=99600 bytes=203980800 progress=20.40% BPC=0.7484 rate=9.35% top100=96.45%
chunks=99650 bytes=204083200 progress=20.41% BPC=0.7484 rate=9.35% top100=96.45%
chunks=99700 bytes=204185600 progress=20.42% BPC=0.7484 rate=9.35% top100=96.45%
chunks=99750 bytes=204288000 progress=20.43% BPC=0.7483 rate=9.35% top100=96.45%
chunks=99800 bytes=204390400 progress=20.44% BPC=0.7483 rate=9.35% top100=96.45%
chunks=99850 bytes=204492800 progress=20.45% BPC=0.7484 rate=9.35% top100=96.45%
chunks=99900 bytes=204595200 progress=20.46% BPC=0.7484 rate=9.35% top100=96.45%
chunks=99950 bytes=204697600 progress=20.47% BPC=0.7484 rate=9.35% top100=96.45%
chunks=100000 bytes=204800000 progress=20.48% BPC=0.7484 rate=9.35% top100=96.45%
chunks=100050 bytes=204902400 progress=20.49% BPC=0.7484 rate=9.35% top100=96.45%
chunks=100100 bytes=205004800 progress=20.50% BPC=0.7484 rate=9.35% top100=96.45%
chunks=100150 bytes=205107200 progress=20.51% BPC=0.7484 rate=9.36% top100=96.45%
chunks=100200 bytes=205209600 progress=20.52% BPC=0.7484 rate=9.36% top100=96.45%
chunks=100250 bytes=205312000 progress=20.53% BPC=0.7485 rate=9.36% top100=96.45%
chunks=100300 bytes=205414400 progress=20.54% BPC=0.7484 rate=9.36% top100=96.45%
chunks=100350 bytes=205516800 progress=20.55% BPC=0.7484 rate=9.35% top100=96.45%
chunks=100400 bytes=205619200 progress=20.56% BPC=0.7483 rate=9.35% top100=96.45%
chunks=100450 bytes=205721600 progress=20.57% BPC=0.7482 rate=9.35% top100=96.45%
chunks=100500 bytes=205824000 progress=20.58% BPC=0.7481 rate=9.35% top100=96.45%
chunks=100550 bytes=205926400 progress=20.59% BPC=0.7480 rate=9.35% top100=96.45%
chunks=100600 bytes=206028800 progress=20.60% BPC=0.7480 rate=9.35% top100=96.45%
chunks=100650 bytes=206131200 progress=20.61% BPC=0.7480 rate=9.35% top100=96.45%
chunks=100700 bytes=206233600 progress=20.62% BPC=0.7479 rate=9.35% top100=96.45%
chunks=100750 bytes=206336000 progress=20.63% BPC=0.7479 rate=9.35% top100=96.45%
chunks=100800 bytes=206438400 progress=20.64% BPC=0.7478 rate=9.35% top100=96.45%
chunks=100850 bytes=206540800 progress=20.65% BPC=0.7478 rate=9.35% top100=96.45%
chunks=100900 bytes=206643200 progress=20.66% BPC=0.7478 rate=9.35% top100=96.45%
chunks=100950 bytes=206745600 progress=20.67% BPC=0.7477 rate=9.35% top100=96.45%
chunks=101000 bytes=206848000 progress=20.68% BPC=0.7475 rate=9.34% top100=96.45%
chunks=101050 bytes=206950400 progress=20.70% BPC=0.7476 rate=9.34% top100=96.45%
chunks=101100 bytes=207052800 progress=20.71% BPC=0.7476 rate=9.34% top100=96.45%
chunks=101150 bytes=207155200 progress=20.72% BPC=0.7475 rate=9.34% top100=96.45%
chunks=101200 bytes=207257600 progress=20.73% BPC=0.7475 rate=9.34% top100=96.45%
chunks=101250 bytes=207360000 progress=20.74% BPC=0.7475 rate=9.34% top100=96.45%
chunks=101300 bytes=207462400 progress=20.75% BPC=0.7475 rate=9.34% top100=96.46%
chunks=101350 bytes=207564800 progress=20.76% BPC=0.7474 rate=9.34% top100=96.46%
chunks=101400 bytes=207667200 progress=20.77% BPC=0.7474 rate=9.34% top100=96.46%
chunks=101450 bytes=207769600 progress=20.78% BPC=0.7474 rate=9.34% top100=96.46%
chunks=101500 bytes=207872000 progress=20.79% BPC=0.7474 rate=9.34% top100=96.46%
chunks=101550 bytes=207974400 progress=20.80% BPC=0.7473 rate=9.34% top100=96.46%
chunks=101600 bytes=208076800 progress=20.81% BPC=0.7473 rate=9.34% top100=96.46%
chunks=101650 bytes=208179200 progress=20.82% BPC=0.7473 rate=9.34% top100=96.46%
chunks=101700 bytes=208281600 progress=20.83% BPC=0.7472 rate=9.34% top100=96.46%
chunks=101750 bytes=208384000 progress=20.84% BPC=0.7472 rate=9.34% top100=96.46%
chunks=101800 bytes=208486400 progress=20.85% BPC=0.7472 rate=9.34% top100=96.46%
chunks=101850 bytes=208588800 progress=20.86% BPC=0.7471 rate=9.34% top100=96.46%
chunks=101900 bytes=208691200 progress=20.87% BPC=0.7471 rate=9.34% top100=96.46%
chunks=101950 bytes=208793600 progress=20.88% BPC=0.7471 rate=9.34% top100=96.46%
chunks=102000 bytes=208896000 progress=20.89% BPC=0.7470 rate=9.34% top100=96.46%
chunks=102050 bytes=208998400 progress=20.90% BPC=0.7470 rate=9.34% top100=96.46%
chunks=102100 bytes=209100800 progress=20.91% BPC=0.7470 rate=9.34% top100=96.46%
chunks=102150 bytes=209203200 progress=20.92% BPC=0.7470 rate=9.34% top100=96.46%
chunks=102200 bytes=209305600 progress=20.93% BPC=0.7469 rate=9.34% top100=96.46%
chunks=102250 bytes=209408000 progress=20.94% BPC=0.7469 rate=9.34% top100=96.46%
chunks=102300 bytes=209510400 progress=20.95% BPC=0.7468 rate=9.34% top100=96.46%
chunks=102350 bytes=209612800 progress=20.96% BPC=0.7468 rate=9.33% top100=96.46%
chunks=102400 bytes=209715200 progress=20.97% BPC=0.7468 rate=9.33% top100=96.46%
chunks=102450 bytes=209817600 progress=20.98% BPC=0.7467 rate=9.33% top100=96.46%
chunks=102500 bytes=209920000 progress=20.99% BPC=0.7467 rate=9.33% top100=96.46%
chunks=102550 bytes=210022400 progress=21.00% BPC=0.7467 rate=9.33% top100=96.46%
chunks=102600 bytes=210124800 progress=21.01% BPC=0.7467 rate=9.33% top100=96.46%
chunks=102650 bytes=210227200 progress=21.02% BPC=0.7467 rate=9.33% top100=96.46%
chunks=102700 bytes=210329600 progress=21.03% BPC=0.7466 rate=9.33% top100=96.46%
chunks=102750 bytes=210432000 progress=21.04% BPC=0.7466 rate=9.33% top100=96.46%
chunks=102800 bytes=210534400 progress=21.05% BPC=0.7466 rate=9.33% top100=96.46%
chunks=102850 bytes=210636800 progress=21.06% BPC=0.7466 rate=9.33% top100=96.46%
chunks=102900 bytes=210739200 progress=21.07% BPC=0.7465 rate=9.33% top100=96.46%
chunks=102950 bytes=210841600 progress=21.08% BPC=0.7466 rate=9.33% top100=96.46%
chunks=103000 bytes=210944000 progress=21.09% BPC=0.7465 rate=9.33% top100=96.46%
chunks=103050 bytes=211046400 progress=21.10% BPC=0.7465 rate=9.33% top100=96.46%
chunks=103100 bytes=211148800 progress=21.11% BPC=0.7465 rate=9.33% top100=96.46%
chunks=103150 bytes=211251200 progress=21.13% BPC=0.7465 rate=9.33% top100=96.46%
chunks=103200 bytes=211353600 progress=21.14% BPC=0.7465 rate=9.33% top100=96.46%
chunks=103250 bytes=211456000 progress=21.15% BPC=0.7465 rate=9.33% top100=96.46%
chunks=103300 bytes=211558400 progress=21.16% BPC=0.7465 rate=9.33% top100=96.46%
chunks=103350 bytes=211660800 progress=21.17% BPC=0.7465 rate=9.33% top100=96.46%
chunks=103400 bytes=211763200 progress=21.18% BPC=0.7465 rate=9.33% top100=96.46%
chunks=103450 bytes=211865600 progress=21.19% BPC=0.7465 rate=9.33% top100=96.46%
chunks=103500 bytes=211968000 progress=21.20% BPC=0.7465 rate=9.33% top100=96.46%
chunks=103550 bytes=212070400 progress=21.21% BPC=0.7465 rate=9.33% top100=96.46%
chunks=103600 bytes=212172800 progress=21.22% BPC=0.7466 rate=9.33% top100=96.46%
chunks=103650 bytes=212275200 progress=21.23% BPC=0.7466 rate=9.33% top100=96.46%
chunks=103700 bytes=212377600 progress=21.24% BPC=0.7466 rate=9.33% top100=96.46%
chunks=103750 bytes=212480000 progress=21.25% BPC=0.7466 rate=9.33% top100=96.46%
chunks=103800 bytes=212582400 progress=21.26% BPC=0.7465 rate=9.33% top100=96.46%
chunks=103850 bytes=212684800 progress=21.27% BPC=0.7465 rate=9.33% top100=96.46%
chunks=103900 bytes=212787200 progress=21.28% BPC=0.7466 rate=9.33% top100=96.46%
chunks=103950 bytes=212889600 progress=21.29% BPC=0.7466 rate=9.33% top100=96.46%
chunks=104000 bytes=212992000 progress=21.30% BPC=0.7466 rate=9.33% top100=96.46%
chunks=104050 bytes=213094400 progress=21.31% BPC=0.7466 rate=9.33% top100=96.46%
chunks=104100 bytes=213196800 progress=21.32% BPC=0.7467 rate=9.33% top100=96.46%
chunks=104150 bytes=213299200 progress=21.33% BPC=0.7467 rate=9.33% top100=96.46%
chunks=104200 bytes=213401600 progress=21.34% BPC=0.7467 rate=9.33% top100=96.46%
chunks=104250 bytes=213504000 progress=21.35% BPC=0.7467 rate=9.33% top100=96.46%
chunks=104300 bytes=213606400 progress=21.36% BPC=0.7467 rate=9.33% top100=96.46%
chunks=104350 bytes=213708800 progress=21.37% BPC=0.7467 rate=9.33% top100=96.46%
chunks=104400 bytes=213811200 progress=21.38% BPC=0.7467 rate=9.33% top100=96.46%
chunks=104450 bytes=213913600 progress=21.39% BPC=0.7467 rate=9.33% top100=96.46%
chunks=104500 bytes=214016000 progress=21.40% BPC=0.7467 rate=9.33% top100=96.46%
chunks=104550 bytes=214118400 progress=21.41% BPC=0.7467 rate=9.33% top100=96.46%
chunks=104600 bytes=214220800 progress=21.42% BPC=0.7467 rate=9.33% top100=96.46%
chunks=104650 bytes=214323200 progress=21.43% BPC=0.7467 rate=9.33% top100=96.46%
chunks=104700 bytes=214425600 progress=21.44% BPC=0.7467 rate=9.33% top100=96.46%
chunks=104750 bytes=214528000 progress=21.45% BPC=0.7467 rate=9.33% top100=96.46%
chunks=104800 bytes=214630400 progress=21.46% BPC=0.7467 rate=9.33% top100=96.46%
chunks=104850 bytes=214732800 progress=21.47% BPC=0.7467 rate=9.33% top100=96.46%
chunks=104900 bytes=214835200 progress=21.48% BPC=0.7467 rate=9.33% top100=96.46%
chunks=104950 bytes=214937600 progress=21.49% BPC=0.7467 rate=9.33% top100=96.46%
chunks=105000 bytes=215040000 progress=21.50% BPC=0.7466 rate=9.33% top100=96.46%
chunks=105050 bytes=215142400 progress=21.51% BPC=0.7466 rate=9.33% top100=96.46%
chunks=105100 bytes=215244800 progress=21.52% BPC=0.7466 rate=9.33% top100=96.46%
chunks=105150 bytes=215347200 progress=21.53% BPC=0.7466 rate=9.33% top100=96.46%
chunks=105200 bytes=215449600 progress=21.54% BPC=0.7466 rate=9.33% top100=96.46%
chunks=105250 bytes=215552000 progress=21.56% BPC=0.7466 rate=9.33% top100=96.46%
chunks=105300 bytes=215654400 progress=21.57% BPC=0.7466 rate=9.33% top100=96.46%
chunks=105350 bytes=215756800 progress=21.58% BPC=0.7466 rate=9.33% top100=96.46%
chunks=105400 bytes=215859200 progress=21.59% BPC=0.7466 rate=9.33% top100=96.46%
chunks=105450 bytes=215961600 progress=21.60% BPC=0.7466 rate=9.33% top100=96.46%
chunks=105500 bytes=216064000 progress=21.61% BPC=0.7466 rate=9.33% top100=96.46%
chunks=105550 bytes=216166400 progress=21.62% BPC=0.7466 rate=9.33% top100=96.46%
chunks=105600 bytes=216268800 progress=21.63% BPC=0.7466 rate=9.33% top100=96.46%
chunks=105650 bytes=216371200 progress=21.64% BPC=0.7466 rate=9.33% top100=96.46%
chunks=105700 bytes=216473600 progress=21.65% BPC=0.7466 rate=9.33% top100=96.46%
chunks=105750 bytes=216576000 progress=21.66% BPC=0.7466 rate=9.33% top100=96.46%
chunks=105800 bytes=216678400 progress=21.67% BPC=0.7467 rate=9.33% top100=96.46%
chunks=105850 bytes=216780800 progress=21.68% BPC=0.7467 rate=9.33% top100=96.46%
chunks=105900 bytes=216883200 progress=21.69% BPC=0.7467 rate=9.33% top100=96.46%
chunks=105950 bytes=216985600 progress=21.70% BPC=0.7466 rate=9.33% top100=96.46%
chunks=106000 bytes=217088000 progress=21.71% BPC=0.7466 rate=9.33% top100=96.46%
chunks=106050 bytes=217190400 progress=21.72% BPC=0.7466 rate=9.33% top100=96.46%
chunks=106100 bytes=217292800 progress=21.73% BPC=0.7467 rate=9.33% top100=96.46%
chunks=106150 bytes=217395200 progress=21.74% BPC=0.7466 rate=9.33% top100=96.46%
chunks=106200 bytes=217497600 progress=21.75% BPC=0.7467 rate=9.33% top100=96.46%
chunks=106250 bytes=217600000 progress=21.76% BPC=0.7466 rate=9.33% top100=96.46%
chunks=106300 bytes=217702400 progress=21.77% BPC=0.7466 rate=9.33% top100=96.46%
chunks=106350 bytes=217804800 progress=21.78% BPC=0.7467 rate=9.33% top100=96.46%
chunks=106400 bytes=217907200 progress=21.79% BPC=0.7467 rate=9.33% top100=96.46%
chunks=106450 bytes=218009600 progress=21.80% BPC=0.7467 rate=9.33% top100=96.46%
chunks=106500 bytes=218112000 progress=21.81% BPC=0.7467 rate=9.33% top100=96.46%
chunks=106550 bytes=218214400 progress=21.82% BPC=0.7467 rate=9.33% top100=96.46%
chunks=106600 bytes=218316800 progress=21.83% BPC=0.7468 rate=9.33% top100=96.46%
chunks=106650 bytes=218419200 progress=21.84% BPC=0.7468 rate=9.33% top100=96.46%
chunks=106700 bytes=218521600 progress=21.85% BPC=0.7467 rate=9.33% top100=96.46%
chunks=106750 bytes=218624000 progress=21.86% BPC=0.7467 rate=9.33% top100=96.46%
chunks=106800 bytes=218726400 progress=21.87% BPC=0.7467 rate=9.33% top100=96.46%
chunks=106850 bytes=218828800 progress=21.88% BPC=0.7468 rate=9.33% top100=96.46%
chunks=106900 bytes=218931200 progress=21.89% BPC=0.7468 rate=9.33% top100=96.46%
chunks=106950 bytes=219033600 progress=21.90% BPC=0.7467 rate=9.33% top100=96.46%
chunks=107000 bytes=219136000 progress=21.91% BPC=0.7467 rate=9.33% top100=96.46%
chunks=107050 bytes=219238400 progress=21.92% BPC=0.7467 rate=9.33% top100=96.46%
chunks=107100 bytes=219340800 progress=21.93% BPC=0.7467 rate=9.33% top100=96.46%
chunks=107150 bytes=219443200 progress=21.94% BPC=0.7468 rate=9.33% top100=96.46%
chunks=107200 bytes=219545600 progress=21.95% BPC=0.7467 rate=9.33% top100=96.46%
chunks=107250 bytes=219648000 progress=21.96% BPC=0.7468 rate=9.33% top100=96.46%
chunks=107300 bytes=219750400 progress=21.98% BPC=0.7468 rate=9.33% top100=96.46%
chunks=107350 bytes=219852800 progress=21.99% BPC=0.7468 rate=9.33% top100=96.46%
chunks=107400 bytes=219955200 progress=22.00% BPC=0.7467 rate=9.33% top100=96.46%
chunks=107450 bytes=220057600 progress=22.01% BPC=0.7467 rate=9.33% top100=96.46%
chunks=107500 bytes=220160000 progress=22.02% BPC=0.7467 rate=9.33% top100=96.46%
chunks=107550 bytes=220262400 progress=22.03% BPC=0.7467 rate=9.33% top100=96.46%
chunks=107600 bytes=220364800 progress=22.04% BPC=0.7467 rate=9.33% top100=96.46%
chunks=107650 bytes=220467200 progress=22.05% BPC=0.7467 rate=9.33% top100=96.46%
chunks=107700 bytes=220569600 progress=22.06% BPC=0.7467 rate=9.33% top100=96.46%
chunks=107750 bytes=220672000 progress=22.07% BPC=0.7467 rate=9.33% top100=96.46%
chunks=107800 bytes=220774400 progress=22.08% BPC=0.7467 rate=9.33% top100=96.46%
chunks=107850 bytes=220876800 progress=22.09% BPC=0.7467 rate=9.33% top100=96.46%
chunks=107900 bytes=220979200 progress=22.10% BPC=0.7467 rate=9.33% top100=96.46%
chunks=107950 bytes=221081600 progress=22.11% BPC=0.7467 rate=9.33% top100=96.46%
chunks=108000 bytes=221184000 progress=22.12% BPC=0.7468 rate=9.33% top100=96.46%
chunks=108050 bytes=221286400 progress=22.13% BPC=0.7468 rate=9.33% top100=96.46%
chunks=108100 bytes=221388800 progress=22.14% BPC=0.7468 rate=9.33% top100=96.46%
chunks=108150 bytes=221491200 progress=22.15% BPC=0.7468 rate=9.33% top100=96.46%
chunks=108200 bytes=221593600 progress=22.16% BPC=0.7468 rate=9.33% top100=96.46%
chunks=108250 bytes=221696000 progress=22.17% BPC=0.7468 rate=9.33% top100=96.46%
chunks=108300 bytes=221798400 progress=22.18% BPC=0.7467 rate=9.33% top100=96.46%
chunks=108350 bytes=221900800 progress=22.19% BPC=0.7468 rate=9.33% top100=96.46%
chunks=108400 bytes=222003200 progress=22.20% BPC=0.7468 rate=9.33% top100=96.46%
chunks=108450 bytes=222105600 progress=22.21% BPC=0.7468 rate=9.33% top100=96.46%
chunks=108500 bytes=222208000 progress=22.22% BPC=0.7467 rate=9.33% top100=96.46%
chunks=108550 bytes=222310400 progress=22.23% BPC=0.7468 rate=9.33% top100=96.46%
chunks=108600 bytes=222412800 progress=22.24% BPC=0.7468 rate=9.34% top100=96.46%
chunks=108650 bytes=222515200 progress=22.25% BPC=0.7469 rate=9.34% top100=96.46%
chunks=108700 bytes=222617600 progress=22.26% BPC=0.7469 rate=9.34% top100=96.46%
chunks=108750 bytes=222720000 progress=22.27% BPC=0.7469 rate=9.34% top100=96.46%
chunks=108800 bytes=222822400 progress=22.28% BPC=0.7469 rate=9.34% top100=96.46%
chunks=108850 bytes=222924800 progress=22.29% BPC=0.7470 rate=9.34% top100=96.46%
chunks=108900 bytes=223027200 progress=22.30% BPC=0.7469 rate=9.34% top100=96.46%
chunks=108950 bytes=223129600 progress=22.31% BPC=0.7469 rate=9.34% top100=96.46%
chunks=109000 bytes=223232000 progress=22.32% BPC=0.7468 rate=9.34% top100=96.46%
chunks=109050 bytes=223334400 progress=22.33% BPC=0.7468 rate=9.33% top100=96.46%
chunks=109100 bytes=223436800 progress=22.34% BPC=0.7468 rate=9.33% top100=96.46%
chunks=109150 bytes=223539200 progress=22.35% BPC=0.7467 rate=9.33% top100=96.46%
chunks=109200 bytes=223641600 progress=22.36% BPC=0.7467 rate=9.33% top100=96.46%
chunks=109250 bytes=223744000 progress=22.37% BPC=0.7466 rate=9.33% top100=96.46%
chunks=109300 bytes=223846400 progress=22.38% BPC=0.7466 rate=9.33% top100=96.46%
chunks=109350 bytes=223948800 progress=22.39% BPC=0.7465 rate=9.33% top100=96.46%
chunks=109400 bytes=224051200 progress=22.41% BPC=0.7465 rate=9.33% top100=96.46%
chunks=109450 bytes=224153600 progress=22.42% BPC=0.7464 rate=9.33% top100=96.46%
chunks=109500 bytes=224256000 progress=22.43% BPC=0.7464 rate=9.33% top100=96.46%
chunks=109550 bytes=224358400 progress=22.44% BPC=0.7463 rate=9.33% top100=96.46%
chunks=109600 bytes=224460800 progress=22.45% BPC=0.7463 rate=9.33% top100=96.46%
chunks=109650 bytes=224563200 progress=22.46% BPC=0.7462 rate=9.33% top100=96.46%
chunks=109700 bytes=224665600 progress=22.47% BPC=0.7462 rate=9.33% top100=96.46%
chunks=109750 bytes=224768000 progress=22.48% BPC=0.7461 rate=9.33% top100=96.46%
chunks=109800 bytes=224870400 progress=22.49% BPC=0.7461 rate=9.33% top100=96.47%
chunks=109850 bytes=224972800 progress=22.50% BPC=0.7460 rate=9.32% top100=96.47%
chunks=109900 bytes=225075200 progress=22.51% BPC=0.7459 rate=9.32% top100=96.47%
chunks=109950 bytes=225177600 progress=22.52% BPC=0.7459 rate=9.32% top100=96.47%
chunks=110000 bytes=225280000 progress=22.53% BPC=0.7458 rate=9.32% top100=96.47%
chunks=110050 bytes=225382400 progress=22.54% BPC=0.7458 rate=9.32% top100=96.47%
chunks=110100 bytes=225484800 progress=22.55% BPC=0.7458 rate=9.32% top100=96.47%
chunks=110150 bytes=225587200 progress=22.56% BPC=0.7457 rate=9.32% top100=96.47%
chunks=110200 bytes=225689600 progress=22.57% BPC=0.7457 rate=9.32% top100=96.47%
chunks=110250 bytes=225792000 progress=22.58% BPC=0.7456 rate=9.32% top100=96.47%
chunks=110300 bytes=225894400 progress=22.59% BPC=0.7456 rate=9.32% top100=96.47%
chunks=110350 bytes=225996800 progress=22.60% BPC=0.7456 rate=9.32% top100=96.47%
chunks=110400 bytes=226099200 progress=22.61% BPC=0.7455 rate=9.32% top100=96.47%
chunks=110450 bytes=226201600 progress=22.62% BPC=0.7455 rate=9.32% top100=96.47%
chunks=110500 bytes=226304000 progress=22.63% BPC=0.7454 rate=9.32% top100=96.47%
chunks=110550 bytes=226406400 progress=22.64% BPC=0.7453 rate=9.32% top100=96.47%
chunks=110600 bytes=226508800 progress=22.65% BPC=0.7453 rate=9.32% top100=96.47%
chunks=110650 bytes=226611200 progress=22.66% BPC=0.7452 rate=9.32% top100=96.48%
chunks=110700 bytes=226713600 progress=22.67% BPC=0.7453 rate=9.32% top100=96.48%
chunks=110750 bytes=226816000 progress=22.68% BPC=0.7452 rate=9.32% top100=96.48%
chunks=110800 bytes=226918400 progress=22.69% BPC=0.7452 rate=9.31% top100=96.48%
chunks=110850 bytes=227020800 progress=22.70% BPC=0.7451 rate=9.31% top100=96.48%
chunks=110900 bytes=227123200 progress=22.71% BPC=0.7451 rate=9.31% top100=96.48%
chunks=110950 bytes=227225600 progress=22.72% BPC=0.7451 rate=9.31% top100=96.48%
chunks=111000 bytes=227328000 progress=22.73% BPC=0.7450 rate=9.31% top100=96.48%
chunks=111050 bytes=227430400 progress=22.74% BPC=0.7449 rate=9.31% top100=96.48%
chunks=111100 bytes=227532800 progress=22.75% BPC=0.7449 rate=9.31% top100=96.48%
chunks=111150 bytes=227635200 progress=22.76% BPC=0.7448 rate=9.31% top100=96.48%
chunks=111200 bytes=227737600 progress=22.77% BPC=0.7448 rate=9.31% top100=96.48%
chunks=111250 bytes=227840000 progress=22.78% BPC=0.7448 rate=9.31% top100=96.48%
chunks=111300 bytes=227942400 progress=22.79% BPC=0.7448 rate=9.31% top100=96.49%
chunks=111350 bytes=228044800 progress=22.80% BPC=0.7448 rate=9.31% top100=96.49%
chunks=111400 bytes=228147200 progress=22.81% BPC=0.7447 rate=9.31% top100=96.49%
chunks=111450 bytes=228249600 progress=22.82% BPC=0.7447 rate=9.31% top100=96.49%
chunks=111500 bytes=228352000 progress=22.84% BPC=0.7447 rate=9.31% top100=96.49%
chunks=111550 bytes=228454400 progress=22.85% BPC=0.7447 rate=9.31% top100=96.49%
chunks=111600 bytes=228556800 progress=22.86% BPC=0.7447 rate=9.31% top100=96.49%
chunks=111650 bytes=228659200 progress=22.87% BPC=0.7447 rate=9.31% top100=96.49%
chunks=111700 bytes=228761600 progress=22.88% BPC=0.7447 rate=9.31% top100=96.49%
chunks=111750 bytes=228864000 progress=22.89% BPC=0.7446 rate=9.31% top100=96.49%
chunks=111800 bytes=228966400 progress=22.90% BPC=0.7446 rate=9.31% top100=96.50%
chunks=111850 bytes=229068800 progress=22.91% BPC=0.7445 rate=9.31% top100=96.50%
chunks=111900 bytes=229171200 progress=22.92% BPC=0.7445 rate=9.31% top100=96.50%
chunks=111950 bytes=229273600 progress=22.93% BPC=0.7445 rate=9.31% top100=96.50%
chunks=112000 bytes=229376000 progress=22.94% BPC=0.7445 rate=9.31% top100=96.50%
chunks=112050 bytes=229478400 progress=22.95% BPC=0.7444 rate=9.31% top100=96.50%
chunks=112100 bytes=229580800 progress=22.96% BPC=0.7444 rate=9.31% top100=96.50%
chunks=112150 bytes=229683200 progress=22.97% BPC=0.7444 rate=9.30% top100=96.50%
chunks=112200 bytes=229785600 progress=22.98% BPC=0.7444 rate=9.30% top100=96.50%
chunks=112250 bytes=229888000 progress=22.99% BPC=0.7443 rate=9.30% top100=96.50%
chunks=112300 bytes=229990400 progress=23.00% BPC=0.7443 rate=9.30% top100=96.50%
chunks=112350 bytes=230092800 progress=23.01% BPC=0.7442 rate=9.30% top100=96.51%
chunks=112400 bytes=230195200 progress=23.02% BPC=0.7442 rate=9.30% top100=96.51%
chunks=112450 bytes=230297600 progress=23.03% BPC=0.7442 rate=9.30% top100=96.51%
chunks=112500 bytes=230400000 progress=23.04% BPC=0.7442 rate=9.30% top100=96.51%
chunks=112550 bytes=230502400 progress=23.05% BPC=0.7442 rate=9.30% top100=96.51%
chunks=112600 bytes=230604800 progress=23.06% BPC=0.7441 rate=9.30% top100=96.51%
chunks=112650 bytes=230707200 progress=23.07% BPC=0.7441 rate=9.30% top100=96.51%
chunks=112700 bytes=230809600 progress=23.08% BPC=0.7441 rate=9.30% top100=96.51%
chunks=112750 bytes=230912000 progress=23.09% BPC=0.7441 rate=9.30% top100=96.51%
chunks=112800 bytes=231014400 progress=23.10% BPC=0.7441 rate=9.30% top100=96.51%
chunks=112850 bytes=231116800 progress=23.11% BPC=0.7441 rate=9.30% top100=96.51%
chunks=112900 bytes=231219200 progress=23.12% BPC=0.7441 rate=9.30% top100=96.51%
chunks=112950 bytes=231321600 progress=23.13% BPC=0.7441 rate=9.30% top100=96.52%
chunks=113000 bytes=231424000 progress=23.14% BPC=0.7441 rate=9.30% top100=96.52%
chunks=113050 bytes=231526400 progress=23.15% BPC=0.7441 rate=9.30% top100=96.52%
chunks=113100 bytes=231628800 progress=23.16% BPC=0.7441 rate=9.30% top100=96.52%
chunks=113150 bytes=231731200 progress=23.17% BPC=0.7441 rate=9.30% top100=96.52%
chunks=113200 bytes=231833600 progress=23.18% BPC=0.7441 rate=9.30% top100=96.52%
chunks=113250 bytes=231936000 progress=23.19% BPC=0.7441 rate=9.30% top100=96.52%
chunks=113300 bytes=232038400 progress=23.20% BPC=0.7441 rate=9.30% top100=96.52%
chunks=113350 bytes=232140800 progress=23.21% BPC=0.7441 rate=9.30% top100=96.52%
chunks=113400 bytes=232243200 progress=23.22% BPC=0.7441 rate=9.30% top100=96.52%
chunks=113450 bytes=232345600 progress=23.23% BPC=0.7441 rate=9.30% top100=96.52%
chunks=113500 bytes=232448000 progress=23.24% BPC=0.7441 rate=9.30% top100=96.52%
chunks=113550 bytes=232550400 progress=23.26% BPC=0.7441 rate=9.30% top100=96.52%
chunks=113600 bytes=232652800 progress=23.27% BPC=0.7441 rate=9.30% top100=96.52%
chunks=113650 bytes=232755200 progress=23.28% BPC=0.7441 rate=9.30% top100=96.52%
chunks=113700 bytes=232857600 progress=23.29% BPC=0.7441 rate=9.30% top100=96.52%
chunks=113750 bytes=232960000 progress=23.30% BPC=0.7441 rate=9.30% top100=96.52%
chunks=113800 bytes=233062400 progress=23.31% BPC=0.7442 rate=9.30% top100=96.51%
chunks=113850 bytes=233164800 progress=23.32% BPC=0.7442 rate=9.30% top100=96.51%
chunks=113900 bytes=233267200 progress=23.33% BPC=0.7442 rate=9.30% top100=96.51%
chunks=113950 bytes=233369600 progress=23.34% BPC=0.7442 rate=9.30% top100=96.51%
chunks=114000 bytes=233472000 progress=23.35% BPC=0.7443 rate=9.30% top100=96.51%
chunks=114050 bytes=233574400 progress=23.36% BPC=0.7442 rate=9.30% top100=96.51%
chunks=114100 bytes=233676800 progress=23.37% BPC=0.7443 rate=9.30% top100=96.51%
chunks=114150 bytes=233779200 progress=23.38% BPC=0.7443 rate=9.30% top100=96.51%
chunks=114200 bytes=233881600 progress=23.39% BPC=0.7444 rate=9.30% top100=96.51%
chunks=114250 bytes=233984000 progress=23.40% BPC=0.7444 rate=9.30% top100=96.51%
chunks=114300 bytes=234086400 progress=23.41% BPC=0.7444 rate=9.30% top100=96.51%
chunks=114350 bytes=234188800 progress=23.42% BPC=0.7444 rate=9.30% top100=96.51%
chunks=114400 bytes=234291200 progress=23.43% BPC=0.7444 rate=9.30% top100=96.51%
chunks=114450 bytes=234393600 progress=23.44% BPC=0.7444 rate=9.30% top100=96.51%
chunks=114500 bytes=234496000 progress=23.45% BPC=0.7444 rate=9.31% top100=96.51%
chunks=114550 bytes=234598400 progress=23.46% BPC=0.7444 rate=9.30% top100=96.51%
chunks=114600 bytes=234700800 progress=23.47% BPC=0.7444 rate=9.31% top100=96.51%
chunks=114650 bytes=234803200 progress=23.48% BPC=0.7444 rate=9.31% top100=96.51%
chunks=114700 bytes=234905600 progress=23.49% BPC=0.7444 rate=9.31% top100=96.51%
chunks=114750 bytes=235008000 progress=23.50% BPC=0.7444 rate=9.31% top100=96.51%
chunks=114800 bytes=235110400 progress=23.51% BPC=0.7444 rate=9.30% top100=96.51%
chunks=114850 bytes=235212800 progress=23.52% BPC=0.7444 rate=9.31% top100=96.51%
chunks=114900 bytes=235315200 progress=23.53% BPC=0.7444 rate=9.31% top100=96.51%
chunks=114950 bytes=235417600 progress=23.54% BPC=0.7444 rate=9.31% top100=96.51%
chunks=115000 bytes=235520000 progress=23.55% BPC=0.7445 rate=9.31% top100=96.51%
chunks=115050 bytes=235622400 progress=23.56% BPC=0.7445 rate=9.31% top100=96.51%
chunks=115100 bytes=235724800 progress=23.57% BPC=0.7444 rate=9.31% top100=96.51%
chunks=115150 bytes=235827200 progress=23.58% BPC=0.7444 rate=9.31% top100=96.51%
chunks=115200 bytes=235929600 progress=23.59% BPC=0.7445 rate=9.31% top100=96.51%
chunks=115250 bytes=236032000 progress=23.60% BPC=0.7445 rate=9.31% top100=96.51%
chunks=115300 bytes=236134400 progress=23.61% BPC=0.7445 rate=9.31% top100=96.51%
chunks=115350 bytes=236236800 progress=23.62% BPC=0.7445 rate=9.31% top100=96.51%
chunks=115400 bytes=236339200 progress=23.63% BPC=0.7445 rate=9.31% top100=96.51%
chunks=115450 bytes=236441600 progress=23.64% BPC=0.7445 rate=9.31% top100=96.51%
chunks=115500 bytes=236544000 progress=23.65% BPC=0.7445 rate=9.31% top100=96.51%
chunks=115550 bytes=236646400 progress=23.66% BPC=0.7445 rate=9.31% top100=96.51%
chunks=115600 bytes=236748800 progress=23.67% BPC=0.7446 rate=9.31% top100=96.51%
chunks=115650 bytes=236851200 progress=23.69% BPC=0.7446 rate=9.31% top100=96.51%
chunks=115700 bytes=236953600 progress=23.70% BPC=0.7446 rate=9.31% top100=96.51%
chunks=115750 bytes=237056000 progress=23.71% BPC=0.7446 rate=9.31% top100=96.51%
chunks=115800 bytes=237158400 progress=23.72% BPC=0.7446 rate=9.31% top100=96.51%
chunks=115850 bytes=237260800 progress=23.73% BPC=0.7446 rate=9.31% top100=96.51%
chunks=115900 bytes=237363200 progress=23.74% BPC=0.7446 rate=9.31% top100=96.51%
chunks=115950 bytes=237465600 progress=23.75% BPC=0.7446 rate=9.31% top100=96.51%
chunks=116000 bytes=237568000 progress=23.76% BPC=0.7446 rate=9.31% top100=96.51%
chunks=116050 bytes=237670400 progress=23.77% BPC=0.7446 rate=9.31% top100=96.51%
chunks=116100 bytes=237772800 progress=23.78% BPC=0.7446 rate=9.31% top100=96.51%
chunks=116150 bytes=237875200 progress=23.79% BPC=0.7446 rate=9.31% top100=96.51%
chunks=116200 bytes=237977600 progress=23.80% BPC=0.7446 rate=9.31% top100=96.51%
chunks=116250 bytes=238080000 progress=23.81% BPC=0.7446 rate=9.31% top100=96.51%
chunks=116300 bytes=238182400 progress=23.82% BPC=0.7447 rate=9.31% top100=96.51%
chunks=116350 bytes=238284800 progress=23.83% BPC=0.7447 rate=9.31% top100=96.51%
chunks=116400 bytes=238387200 progress=23.84% BPC=0.7447 rate=9.31% top100=96.51%
chunks=116450 bytes=238489600 progress=23.85% BPC=0.7447 rate=9.31% top100=96.51%
chunks=116500 bytes=238592000 progress=23.86% BPC=0.7447 rate=9.31% top100=96.51%
chunks=116550 bytes=238694400 progress=23.87% BPC=0.7448 rate=9.31% top100=96.51%
chunks=116600 bytes=238796800 progress=23.88% BPC=0.7448 rate=9.31% top100=96.51%
chunks=116650 bytes=238899200 progress=23.89% BPC=0.7448 rate=9.31% top100=96.51%
chunks=116700 bytes=239001600 progress=23.90% BPC=0.7448 rate=9.31% top100=96.51%
chunks=116750 bytes=239104000 progress=23.91% BPC=0.7448 rate=9.31% top100=96.51%
chunks=116800 bytes=239206400 progress=23.92% BPC=0.7449 rate=9.31% top100=96.51%
chunks=116850 bytes=239308800 progress=23.93% BPC=0.7449 rate=9.31% top100=96.51%
chunks=116900 bytes=239411200 progress=23.94% BPC=0.7449 rate=9.31% top100=96.51%
chunks=116950 bytes=239513600 progress=23.95% BPC=0.7449 rate=9.31% top100=96.51%
chunks=117000 bytes=239616000 progress=23.96% BPC=0.7450 rate=9.31% top100=96.51%
chunks=117050 bytes=239718400 progress=23.97% BPC=0.7450 rate=9.31% top100=96.51%
chunks=117100 bytes=239820800 progress=23.98% BPC=0.7450 rate=9.31% top100=96.51%
chunks=117150 bytes=239923200 progress=23.99% BPC=0.7450 rate=9.31% top100=96.51%
chunks=117200 bytes=240025600 progress=24.00% BPC=0.7450 rate=9.31% top100=96.51%
chunks=117250 bytes=240128000 progress=24.01% BPC=0.7450 rate=9.31% top100=96.51%
chunks=117300 bytes=240230400 progress=24.02% BPC=0.7450 rate=9.31% top100=96.51%
chunks=117350 bytes=240332800 progress=24.03% BPC=0.7451 rate=9.31% top100=96.51%
chunks=117400 bytes=240435200 progress=24.04% BPC=0.7451 rate=9.31% top100=96.51%
chunks=117450 bytes=240537600 progress=24.05% BPC=0.7451 rate=9.31% top100=96.51%
chunks=117500 bytes=240640000 progress=24.06% BPC=0.7451 rate=9.31% top100=96.51%
chunks=117550 bytes=240742400 progress=24.07% BPC=0.7451 rate=9.31% top100=96.51%
chunks=117600 bytes=240844800 progress=24.08% BPC=0.7452 rate=9.31% top100=96.51%
chunks=117650 bytes=240947200 progress=24.09% BPC=0.7452 rate=9.31% top100=96.51%
chunks=117700 bytes=241049600 progress=24.10% BPC=0.7452 rate=9.31% top100=96.51%
chunks=117750 bytes=241152000 progress=24.12% BPC=0.7452 rate=9.32% top100=96.51%
chunks=117800 bytes=241254400 progress=24.13% BPC=0.7452 rate=9.32% top100=96.51%
chunks=117850 bytes=241356800 progress=24.14% BPC=0.7452 rate=9.31% top100=96.51%
chunks=117900 bytes=241459200 progress=24.15% BPC=0.7452 rate=9.31% top100=96.51%
chunks=117950 bytes=241561600 progress=24.16% BPC=0.7452 rate=9.32% top100=96.51%
chunks=118000 bytes=241664000 progress=24.17% BPC=0.7452 rate=9.32% top100=96.51%
chunks=118050 bytes=241766400 progress=24.18% BPC=0.7452 rate=9.32% top100=96.51%
chunks=118100 bytes=241868800 progress=24.19% BPC=0.7452 rate=9.32% top100=96.51%
chunks=118150 bytes=241971200 progress=24.20% BPC=0.7452 rate=9.32% top100=96.51%
chunks=118200 bytes=242073600 progress=24.21% BPC=0.7452 rate=9.32% top100=96.51%
chunks=118250 bytes=242176000 progress=24.22% BPC=0.7452 rate=9.31% top100=96.51%
chunks=118300 bytes=242278400 progress=24.23% BPC=0.7452 rate=9.31% top100=96.51%
chunks=118350 bytes=242380800 progress=24.24% BPC=0.7451 rate=9.31% top100=96.51%
chunks=118400 bytes=242483200 progress=24.25% BPC=0.7451 rate=9.31% top100=96.51%
chunks=118450 bytes=242585600 progress=24.26% BPC=0.7450 rate=9.31% top100=96.51%
chunks=118500 bytes=242688000 progress=24.27% BPC=0.7450 rate=9.31% top100=96.51%
chunks=118550 bytes=242790400 progress=24.28% BPC=0.7450 rate=9.31% top100=96.51%
chunks=118600 bytes=242892800 progress=24.29% BPC=0.7450 rate=9.31% top100=96.51%
chunks=118650 bytes=242995200 progress=24.30% BPC=0.7450 rate=9.31% top100=96.51%
chunks=118700 bytes=243097600 progress=24.31% BPC=0.7451 rate=9.31% top100=96.51%
chunks=118750 bytes=243200000 progress=24.32% BPC=0.7451 rate=9.31% top100=96.51%
chunks=118800 bytes=243302400 progress=24.33% BPC=0.7451 rate=9.31% top100=96.51%
chunks=118850 bytes=243404800 progress=24.34% BPC=0.7451 rate=9.31% top100=96.51%
chunks=118900 bytes=243507200 progress=24.35% BPC=0.7451 rate=9.31% top100=96.51%
chunks=118950 bytes=243609600 progress=24.36% BPC=0.7451 rate=9.31% top100=96.51%
chunks=119000 bytes=243712000 progress=24.37% BPC=0.7451 rate=9.31% top100=96.51%
chunks=119050 bytes=243814400 progress=24.38% BPC=0.7451 rate=9.31% top100=96.51%
chunks=119100 bytes=243916800 progress=24.39% BPC=0.7451 rate=9.31% top100=96.51%
chunks=119150 bytes=244019200 progress=24.40% BPC=0.7452 rate=9.31% top100=96.51%
chunks=119200 bytes=244121600 progress=24.41% BPC=0.7452 rate=9.31% top100=96.51%
chunks=119250 bytes=244224000 progress=24.42% BPC=0.7452 rate=9.31% top100=96.51%
chunks=119300 bytes=244326400 progress=24.43% BPC=0.7451 rate=9.31% top100=96.51%
chunks=119350 bytes=244428800 progress=24.44% BPC=0.7451 rate=9.31% top100=96.51%
chunks=119400 bytes=244531200 progress=24.45% BPC=0.7452 rate=9.31% top100=96.51%
chunks=119450 bytes=244633600 progress=24.46% BPC=0.7452 rate=9.31% top100=96.51%
chunks=119500 bytes=244736000 progress=24.47% BPC=0.7451 rate=9.31% top100=96.51%
chunks=119550 bytes=244838400 progress=24.48% BPC=0.7452 rate=9.31% top100=96.51%
chunks=119600 bytes=244940800 progress=24.49% BPC=0.7452 rate=9.31% top100=96.51%
chunks=119650 bytes=245043200 progress=24.50% BPC=0.7452 rate=9.31% top100=96.51%
chunks=119700 bytes=245145600 progress=24.51% BPC=0.7452 rate=9.31% top100=96.51%
chunks=119750 bytes=245248000 progress=24.52% BPC=0.7452 rate=9.31% top100=96.51%
chunks=119800 bytes=245350400 progress=24.54% BPC=0.7452 rate=9.31% top100=96.51%
chunks=119850 bytes=245452800 progress=24.55% BPC=0.7452 rate=9.31% top100=96.51%
chunks=119900 bytes=245555200 progress=24.56% BPC=0.7452 rate=9.31% top100=96.51%
chunks=119950 bytes=245657600 progress=24.57% BPC=0.7452 rate=9.31% top100=96.51%
chunks=120000 bytes=245760000 progress=24.58% BPC=0.7452 rate=9.31% top100=96.51%
chunks=120050 bytes=245862400 progress=24.59% BPC=0.7452 rate=9.32% top100=96.51%
chunks=120100 bytes=245964800 progress=24.60% BPC=0.7452 rate=9.32% top100=96.51%
chunks=120150 bytes=246067200 progress=24.61% BPC=0.7452 rate=9.31% top100=96.51%
chunks=120200 bytes=246169600 progress=24.62% BPC=0.7451 rate=9.31% top100=96.51%
chunks=120250 bytes=246272000 progress=24.63% BPC=0.7451 rate=9.31% top100=96.51%
chunks=120300 bytes=246374400 progress=24.64% BPC=0.7451 rate=9.31% top100=96.51%
chunks=120350 bytes=246476800 progress=24.65% BPC=0.7451 rate=9.31% top100=96.51%
chunks=120400 bytes=246579200 progress=24.66% BPC=0.7451 rate=9.31% top100=96.51%
chunks=120450 bytes=246681600 progress=24.67% BPC=0.7451 rate=9.31% top100=96.51%
chunks=120500 bytes=246784000 progress=24.68% BPC=0.7451 rate=9.31% top100=96.51%
chunks=120550 bytes=246886400 progress=24.69% BPC=0.7451 rate=9.31% top100=96.51%
chunks=120600 bytes=246988800 progress=24.70% BPC=0.7451 rate=9.31% top100=96.51%
chunks=120650 bytes=247091200 progress=24.71% BPC=0.7451 rate=9.31% top100=96.51%
chunks=120700 bytes=247193600 progress=24.72% BPC=0.7451 rate=9.31% top100=96.51%
chunks=120750 bytes=247296000 progress=24.73% BPC=0.7451 rate=9.31% top100=96.51%
chunks=120800 bytes=247398400 progress=24.74% BPC=0.7451 rate=9.31% top100=96.51%
chunks=120850 bytes=247500800 progress=24.75% BPC=0.7451 rate=9.31% top100=96.51%
chunks=120900 bytes=247603200 progress=24.76% BPC=0.7451 rate=9.31% top100=96.51%
chunks=120950 bytes=247705600 progress=24.77% BPC=0.7451 rate=9.31% top100=96.51%
chunks=121000 bytes=247808000 progress=24.78% BPC=0.7451 rate=9.31% top100=96.51%
chunks=121050 bytes=247910400 progress=24.79% BPC=0.7452 rate=9.31% top100=96.51%
chunks=121100 bytes=248012800 progress=24.80% BPC=0.7452 rate=9.31% top100=96.51%
chunks=121150 bytes=248115200 progress=24.81% BPC=0.7451 rate=9.31% top100=96.51%
chunks=121200 bytes=248217600 progress=24.82% BPC=0.7451 rate=9.31% top100=96.51%
chunks=121250 bytes=248320000 progress=24.83% BPC=0.7451 rate=9.31% top100=96.51%
chunks=121300 bytes=248422400 progress=24.84% BPC=0.7451 rate=9.31% top100=96.51%
chunks=121350 bytes=248524800 progress=24.85% BPC=0.7451 rate=9.31% top100=96.52%
chunks=121400 bytes=248627200 progress=24.86% BPC=0.7450 rate=9.31% top100=96.52%
chunks=121450 bytes=248729600 progress=24.87% BPC=0.7451 rate=9.31% top100=96.52%
chunks=121500 bytes=248832000 progress=24.88% BPC=0.7450 rate=9.31% top100=96.52%
chunks=121550 bytes=248934400 progress=24.89% BPC=0.7451 rate=9.31% top100=96.52%
chunks=121600 bytes=249036800 progress=24.90% BPC=0.7451 rate=9.31% top100=96.52%
chunks=121650 bytes=249139200 progress=24.91% BPC=0.7451 rate=9.31% top100=96.52%
chunks=121700 bytes=249241600 progress=24.92% BPC=0.7451 rate=9.31% top100=96.52%
chunks=121750 bytes=249344000 progress=24.93% BPC=0.7451 rate=9.31% top100=96.52%
chunks=121800 bytes=249446400 progress=24.94% BPC=0.7451 rate=9.31% top100=96.52%
chunks=121850 bytes=249548800 progress=24.95% BPC=0.7451 rate=9.31% top100=96.52%
chunks=121900 bytes=249651200 progress=24.97% BPC=0.7451 rate=9.31% top100=96.52%
chunks=121950 bytes=249753600 progress=24.98% BPC=0.7452 rate=9.32% top100=96.51%
chunks=122000 bytes=249856000 progress=24.99% BPC=0.7452 rate=9.32% top100=96.51%
chunks=122050 bytes=249958400 progress=25.00% BPC=0.7452 rate=9.31% top100=96.51%
chunks=122100 bytes=250060800 progress=25.01% BPC=0.7452 rate=9.31% top100=96.51%
chunks=122150 bytes=250163200 progress=25.02% BPC=0.7452 rate=9.31% top100=96.51%
chunks=122200 bytes=250265600 progress=25.03% BPC=0.7451 rate=9.31% top100=96.52%
chunks=122250 bytes=250368000 progress=25.04% BPC=0.7452 rate=9.31% top100=96.52%
chunks=122300 bytes=250470400 progress=25.05% BPC=0.7452 rate=9.31% top100=96.51%
chunks=122350 bytes=250572800 progress=25.06% BPC=0.7452 rate=9.31% top100=96.51%
chunks=122400 bytes=250675200 progress=25.07% BPC=0.7452 rate=9.31% top100=96.51%
chunks=122450 bytes=250777600 progress=25.08% BPC=0.7451 rate=9.31% top100=96.52%
chunks=122500 bytes=250880000 progress=25.09% BPC=0.7451 rate=9.31% top100=96.52%
chunks=122550 bytes=250982400 progress=25.10% BPC=0.7451 rate=9.31% top100=96.52%
chunks=122600 bytes=251084800 progress=25.11% BPC=0.7451 rate=9.31% top100=96.52%
chunks=122650 bytes=251187200 progress=25.12% BPC=0.7451 rate=9.31% top100=96.52%
chunks=122700 bytes=251289600 progress=25.13% BPC=0.7450 rate=9.31% top100=96.52%
chunks=122750 bytes=251392000 progress=25.14% BPC=0.7450 rate=9.31% top100=96.52%
chunks=122800 bytes=251494400 progress=25.15% BPC=0.7450 rate=9.31% top100=96.52%
chunks=122850 bytes=251596800 progress=25.16% BPC=0.7450 rate=9.31% top100=96.52%
chunks=122900 bytes=251699200 progress=25.17% BPC=0.7450 rate=9.31% top100=96.52%
chunks=122950 bytes=251801600 progress=25.18% BPC=0.7450 rate=9.31% top100=96.52%
chunks=123000 bytes=251904000 progress=25.19% BPC=0.7450 rate=9.31% top100=96.52%
chunks=123050 bytes=252006400 progress=25.20% BPC=0.7450 rate=9.31% top100=96.52%
chunks=123100 bytes=252108800 progress=25.21% BPC=0.7450 rate=9.31% top100=96.52%
chunks=123150 bytes=252211200 progress=25.22% BPC=0.7450 rate=9.31% top100=96.52%
chunks=123200 bytes=252313600 progress=25.23% BPC=0.7450 rate=9.31% top100=96.52%
chunks=123250 bytes=252416000 progress=25.24% BPC=0.7450 rate=9.31% top100=96.52%
chunks=123300 bytes=252518400 progress=25.25% BPC=0.7450 rate=9.31% top100=96.52%
chunks=123350 bytes=252620800 progress=25.26% BPC=0.7451 rate=9.31% top100=96.52%
chunks=123400 bytes=252723200 progress=25.27% BPC=0.7451 rate=9.31% top100=96.52%
chunks=123450 bytes=252825600 progress=25.28% BPC=0.7451 rate=9.31% top100=96.52%
chunks=123500 bytes=252928000 progress=25.29% BPC=0.7451 rate=9.31% top100=96.52%
chunks=123550 bytes=253030400 progress=25.30% BPC=0.7451 rate=9.31% top100=96.52%
chunks=123600 bytes=253132800 progress=25.31% BPC=0.7451 rate=9.31% top100=96.52%
chunks=123650 bytes=253235200 progress=25.32% BPC=0.7451 rate=9.31% top100=96.52%
chunks=123700 bytes=253337600 progress=25.33% BPC=0.7451 rate=9.31% top100=96.52%
chunks=123750 bytes=253440000 progress=25.34% BPC=0.7451 rate=9.31% top100=96.52%
chunks=123800 bytes=253542400 progress=25.35% BPC=0.7451 rate=9.31% top100=96.52%
chunks=123850 bytes=253644800 progress=25.36% BPC=0.7451 rate=9.31% top100=96.52%
chunks=123900 bytes=253747200 progress=25.37% BPC=0.7451 rate=9.31% top100=96.52%
chunks=123950 bytes=253849600 progress=25.38% BPC=0.7451 rate=9.31% top100=96.52%
chunks=124000 bytes=253952000 progress=25.40% BPC=0.7451 rate=9.31% top100=96.52%
chunks=124050 bytes=254054400 progress=25.41% BPC=0.7451 rate=9.31% top100=96.52%
chunks=124100 bytes=254156800 progress=25.42% BPC=0.7451 rate=9.31% top100=96.52%
chunks=124150 bytes=254259200 progress=25.43% BPC=0.7451 rate=9.31% top100=96.52%
chunks=124200 bytes=254361600 progress=25.44% BPC=0.7451 rate=9.31% top100=96.52%
chunks=124250 bytes=254464000 progress=25.45% BPC=0.7451 rate=9.31% top100=96.52%
chunks=124300 bytes=254566400 progress=25.46% BPC=0.7451 rate=9.31% top100=96.52%
chunks=124350 bytes=254668800 progress=25.47% BPC=0.7451 rate=9.31% top100=96.52%
chunks=124400 bytes=254771200 progress=25.48% BPC=0.7451 rate=9.31% top100=96.52%
chunks=124450 bytes=254873600 progress=25.49% BPC=0.7451 rate=9.31% top100=96.52%
chunks=124500 bytes=254976000 progress=25.50% BPC=0.7451 rate=9.31% top100=96.52%
chunks=124550 bytes=255078400 progress=25.51% BPC=0.7451 rate=9.31% top100=96.52%
chunks=124600 bytes=255180800 progress=25.52% BPC=0.7451 rate=9.31% top100=96.52%
chunks=124650 bytes=255283200 progress=25.53% BPC=0.7451 rate=9.31% top100=96.52%
chunks=124700 bytes=255385600 progress=25.54% BPC=0.7451 rate=9.31% top100=96.52%
chunks=124750 bytes=255488000 progress=25.55% BPC=0.7451 rate=9.31% top100=96.52%
chunks=124800 bytes=255590400 progress=25.56% BPC=0.7451 rate=9.31% top100=96.52%
chunks=124850 bytes=255692800 progress=25.57% BPC=0.7451 rate=9.31% top100=96.52%
chunks=124900 bytes=255795200 progress=25.58% BPC=0.7451 rate=9.31% top100=96.52%
chunks=124950 bytes=255897600 progress=25.59% BPC=0.7451 rate=9.31% top100=96.52%
chunks=125000 bytes=256000000 progress=25.60% BPC=0.7451 rate=9.31% top100=96.52%
chunks=125050 bytes=256102400 progress=25.61% BPC=0.7451 rate=9.31% top100=96.52%
chunks=125100 bytes=256204800 progress=25.62% BPC=0.7451 rate=9.31% top100=96.52%
chunks=125150 bytes=256307200 progress=25.63% BPC=0.7451 rate=9.31% top100=96.52%
chunks=125200 bytes=256409600 progress=25.64% BPC=0.7451 rate=9.31% top100=96.52%
chunks=125250 bytes=256512000 progress=25.65% BPC=0.7451 rate=9.31% top100=96.52%
chunks=125300 bytes=256614400 progress=25.66% BPC=0.7451 rate=9.31% top100=96.52%
chunks=125350 bytes=256716800 progress=25.67% BPC=0.7451 rate=9.31% top100=96.52%
chunks=125400 bytes=256819200 progress=25.68% BPC=0.7451 rate=9.31% top100=96.52%
chunks=125450 bytes=256921600 progress=25.69% BPC=0.7451 rate=9.31% top100=96.51%
chunks=125500 bytes=257024000 progress=25.70% BPC=0.7451 rate=9.31% top100=96.51%
chunks=125550 bytes=257126400 progress=25.71% BPC=0.7451 rate=9.31% top100=96.52%
chunks=125600 bytes=257228800 progress=25.72% BPC=0.7451 rate=9.31% top100=96.52%
chunks=125650 bytes=257331200 progress=25.73% BPC=0.7451 rate=9.31% top100=96.52%
chunks=125700 bytes=257433600 progress=25.74% BPC=0.7452 rate=9.31% top100=96.52%
chunks=125750 bytes=257536000 progress=25.75% BPC=0.7452 rate=9.31% top100=96.52%
chunks=125800 bytes=257638400 progress=25.76% BPC=0.7452 rate=9.31% top100=96.52%
chunks=125850 bytes=257740800 progress=25.77% BPC=0.7452 rate=9.31% top100=96.52%
chunks=125900 bytes=257843200 progress=25.78% BPC=0.7452 rate=9.31% top100=96.52%
chunks=125950 bytes=257945600 progress=25.79% BPC=0.7452 rate=9.32% top100=96.52%
chunks=126000 bytes=258048000 progress=25.80% BPC=0.7452 rate=9.32% top100=96.52%
chunks=126050 bytes=258150400 progress=25.82% BPC=0.7452 rate=9.32% top100=96.51%
chunks=126100 bytes=258252800 progress=25.83% BPC=0.7453 rate=9.32% top100=96.51%
chunks=126150 bytes=258355200 progress=25.84% BPC=0.7453 rate=9.32% top100=96.51%
chunks=126200 bytes=258457600 progress=25.85% BPC=0.7453 rate=9.32% top100=96.51%
chunks=126250 bytes=258560000 progress=25.86% BPC=0.7453 rate=9.32% top100=96.51%
chunks=126300 bytes=258662400 progress=25.87% BPC=0.7453 rate=9.32% top100=96.51%
chunks=126350 bytes=258764800 progress=25.88% BPC=0.7453 rate=9.32% top100=96.51%
chunks=126400 bytes=258867200 progress=25.89% BPC=0.7453 rate=9.32% top100=96.51%
chunks=126450 bytes=258969600 progress=25.90% BPC=0.7453 rate=9.32% top100=96.51%
chunks=126500 bytes=259072000 progress=25.91% BPC=0.7453 rate=9.32% top100=96.51%
chunks=126550 bytes=259174400 progress=25.92% BPC=0.7453 rate=9.32% top100=96.51%
chunks=126600 bytes=259276800 progress=25.93% BPC=0.7453 rate=9.32% top100=96.51%
chunks=126650 bytes=259379200 progress=25.94% BPC=0.7453 rate=9.32% top100=96.51%
chunks=126700 bytes=259481600 progress=25.95% BPC=0.7453 rate=9.32% top100=96.51%
chunks=126750 bytes=259584000 progress=25.96% BPC=0.7453 rate=9.32% top100=96.51%
chunks=126800 bytes=259686400 progress=25.97% BPC=0.7453 rate=9.32% top100=96.52%
chunks=126850 bytes=259788800 progress=25.98% BPC=0.7453 rate=9.32% top100=96.51%
chunks=126900 bytes=259891200 progress=25.99% BPC=0.7453 rate=9.32% top100=96.51%
chunks=126950 bytes=259993600 progress=26.00% BPC=0.7453 rate=9.32% top100=96.51%
chunks=127000 bytes=260096000 progress=26.01% BPC=0.7453 rate=9.32% top100=96.51%
chunks=127050 bytes=260198400 progress=26.02% BPC=0.7453 rate=9.32% top100=96.51%
chunks=127100 bytes=260300800 progress=26.03% BPC=0.7453 rate=9.32% top100=96.51%
chunks=127150 bytes=260403200 progress=26.04% BPC=0.7453 rate=9.32% top100=96.51%
chunks=127200 bytes=260505600 progress=26.05% BPC=0.7453 rate=9.32% top100=96.51%
chunks=127250 bytes=260608000 progress=26.06% BPC=0.7453 rate=9.32% top100=96.51%
chunks=127300 bytes=260710400 progress=26.07% BPC=0.7453 rate=9.32% top100=96.52%
chunks=127350 bytes=260812800 progress=26.08% BPC=0.7453 rate=9.32% top100=96.52%
chunks=127400 bytes=260915200 progress=26.09% BPC=0.7453 rate=9.32% top100=96.52%
chunks=127450 bytes=261017600 progress=26.10% BPC=0.7453 rate=9.32% top100=96.51%
chunks=127500 bytes=261120000 progress=26.11% BPC=0.7453 rate=9.32% top100=96.51%
chunks=127550 bytes=261222400 progress=26.12% BPC=0.7453 rate=9.32% top100=96.51%
chunks=127600 bytes=261324800 progress=26.13% BPC=0.7453 rate=9.32% top100=96.51%
chunks=127650 bytes=261427200 progress=26.14% BPC=0.7453 rate=9.32% top100=96.51%
chunks=127700 bytes=261529600 progress=26.15% BPC=0.7453 rate=9.32% top100=96.51%
chunks=127750 bytes=261632000 progress=26.16% BPC=0.7453 rate=9.32% top100=96.51%
chunks=127800 bytes=261734400 progress=26.17% BPC=0.7453 rate=9.32% top100=96.51%
chunks=127850 bytes=261836800 progress=26.18% BPC=0.7453 rate=9.32% top100=96.51%
chunks=127900 bytes=261939200 progress=26.19% BPC=0.7453 rate=9.32% top100=96.51%
chunks=127950 bytes=262041600 progress=26.20% BPC=0.7453 rate=9.32% top100=96.51%
chunks=128000 bytes=262144000 progress=26.21% BPC=0.7453 rate=9.32% top100=96.51%
chunks=128050 bytes=262246400 progress=26.22% BPC=0.7453 rate=9.32% top100=96.51%
chunks=128100 bytes=262348800 progress=26.23% BPC=0.7453 rate=9.32% top100=96.51%
chunks=128150 bytes=262451200 progress=26.25% BPC=0.7453 rate=9.32% top100=96.51%
chunks=128200 bytes=262553600 progress=26.26% BPC=0.7453 rate=9.32% top100=96.51%
chunks=128250 bytes=262656000 progress=26.27% BPC=0.7454 rate=9.32% top100=96.51%
chunks=128300 bytes=262758400 progress=26.28% BPC=0.7454 rate=9.32% top100=96.51%
chunks=128350 bytes=262860800 progress=26.29% BPC=0.7454 rate=9.32% top100=96.51%
chunks=128400 bytes=262963200 progress=26.30% BPC=0.7454 rate=9.32% top100=96.51%
chunks=128450 bytes=263065600 progress=26.31% BPC=0.7454 rate=9.32% top100=96.51%
chunks=128500 bytes=263168000 progress=26.32% BPC=0.7454 rate=9.32% top100=96.51%
chunks=128550 bytes=263270400 progress=26.33% BPC=0.7454 rate=9.32% top100=96.51%
chunks=128600 bytes=263372800 progress=26.34% BPC=0.7454 rate=9.32% top100=96.51%
chunks=128650 bytes=263475200 progress=26.35% BPC=0.7454 rate=9.32% top100=96.51%
chunks=128700 bytes=263577600 progress=26.36% BPC=0.7454 rate=9.32% top100=96.51%
chunks=128750 bytes=263680000 progress=26.37% BPC=0.7453 rate=9.32% top100=96.51%
chunks=128800 bytes=263782400 progress=26.38% BPC=0.7453 rate=9.32% top100=96.51%
chunks=128850 bytes=263884800 progress=26.39% BPC=0.7453 rate=9.32% top100=96.51%
chunks=128900 bytes=263987200 progress=26.40% BPC=0.7453 rate=9.32% top100=96.51%
chunks=128950 bytes=264089600 progress=26.41% BPC=0.7453 rate=9.32% top100=96.51%
chunks=129000 bytes=264192000 progress=26.42% BPC=0.7453 rate=9.32% top100=96.52%
chunks=129050 bytes=264294400 progress=26.43% BPC=0.7452 rate=9.32% top100=96.52%
chunks=129100 bytes=264396800 progress=26.44% BPC=0.7452 rate=9.32% top100=96.52%
chunks=129150 bytes=264499200 progress=26.45% BPC=0.7452 rate=9.32% top100=96.52%
chunks=129200 bytes=264601600 progress=26.46% BPC=0.7453 rate=9.32% top100=96.52%
chunks=129250 bytes=264704000 progress=26.47% BPC=0.7453 rate=9.32% top100=96.52%
chunks=129300 bytes=264806400 progress=26.48% BPC=0.7453 rate=9.32% top100=96.52%
chunks=129350 bytes=264908800 progress=26.49% BPC=0.7453 rate=9.32% top100=96.52%
chunks=129400 bytes=265011200 progress=26.50% BPC=0.7453 rate=9.32% top100=96.52%
chunks=129450 bytes=265113600 progress=26.51% BPC=0.7453 rate=9.32% top100=96.52%
chunks=129500 bytes=265216000 progress=26.52% BPC=0.7453 rate=9.32% top100=96.51%
chunks=129550 bytes=265318400 progress=26.53% BPC=0.7453 rate=9.32% top100=96.51%
chunks=129600 bytes=265420800 progress=26.54% BPC=0.7453 rate=9.32% top100=96.51%
chunks=129650 bytes=265523200 progress=26.55% BPC=0.7453 rate=9.32% top100=96.51%
chunks=129700 bytes=265625600 progress=26.56% BPC=0.7453 rate=9.32% top100=96.51%
chunks=129750 bytes=265728000 progress=26.57% BPC=0.7453 rate=9.32% top100=96.51%
chunks=129800 bytes=265830400 progress=26.58% BPC=0.7453 rate=9.32% top100=96.51%
chunks=129850 bytes=265932800 progress=26.59% BPC=0.7453 rate=9.32% top100=96.51%
chunks=129900 bytes=266035200 progress=26.60% BPC=0.7454 rate=9.32% top100=96.51%
chunks=129950 bytes=266137600 progress=26.61% BPC=0.7454 rate=9.32% top100=96.51%
chunks=130000 bytes=266240000 progress=26.62% BPC=0.7454 rate=9.32% top100=96.51%
chunks=130050 bytes=266342400 progress=26.63% BPC=0.7454 rate=9.32% top100=96.51%
chunks=130100 bytes=266444800 progress=26.64% BPC=0.7454 rate=9.32% top100=96.51%
chunks=130150 bytes=266547200 progress=26.65% BPC=0.7454 rate=9.32% top100=96.51%
chunks=130200 bytes=266649600 progress=26.66% BPC=0.7454 rate=9.32% top100=96.51%
chunks=130250 bytes=266752000 progress=26.68% BPC=0.7453 rate=9.32% top100=96.51%
chunks=130300 bytes=266854400 progress=26.69% BPC=0.7453 rate=9.32% top100=96.51%
chunks=130350 bytes=266956800 progress=26.70% BPC=0.7453 rate=9.32% top100=96.51%
chunks=130400 bytes=267059200 progress=26.71% BPC=0.7453 rate=9.32% top100=96.51%
chunks=130450 bytes=267161600 progress=26.72% BPC=0.7453 rate=9.32% top100=96.51%
chunks=130500 bytes=267264000 progress=26.73% BPC=0.7453 rate=9.32% top100=96.51%
chunks=130550 bytes=267366400 progress=26.74% BPC=0.7453 rate=9.32% top100=96.51%
chunks=130600 bytes=267468800 progress=26.75% BPC=0.7453 rate=9.32% top100=96.52%
chunks=130650 bytes=267571200 progress=26.76% BPC=0.7453 rate=9.32% top100=96.52%
chunks=130700 bytes=267673600 progress=26.77% BPC=0.7453 rate=9.32% top100=96.52%
chunks=130750 bytes=267776000 progress=26.78% BPC=0.7453 rate=9.32% top100=96.52%
chunks=130800 bytes=267878400 progress=26.79% BPC=0.7453 rate=9.32% top100=96.52%
chunks=130850 bytes=267980800 progress=26.80% BPC=0.7453 rate=9.32% top100=96.52%
chunks=130900 bytes=268083200 progress=26.81% BPC=0.7453 rate=9.32% top100=96.51%
chunks=130950 bytes=268185600 progress=26.82% BPC=0.7453 rate=9.32% top100=96.52%
chunks=131000 bytes=268288000 progress=26.83% BPC=0.7453 rate=9.32% top100=96.51%
chunks=131050 bytes=268390400 progress=26.84% BPC=0.7453 rate=9.32% top100=96.51%
chunks=131100 bytes=268492800 progress=26.85% BPC=0.7453 rate=9.32% top100=96.51%
chunks=131150 bytes=268595200 progress=26.86% BPC=0.7453 rate=9.32% top100=96.51%
chunks=131200 bytes=268697600 progress=26.87% BPC=0.7453 rate=9.32% top100=96.51%
chunks=131250 bytes=268800000 progress=26.88% BPC=0.7454 rate=9.32% top100=96.51%
chunks=131300 bytes=268902400 progress=26.89% BPC=0.7454 rate=9.32% top100=96.51%
chunks=131350 bytes=269004800 progress=26.90% BPC=0.7454 rate=9.32% top100=96.51%
chunks=131400 bytes=269107200 progress=26.91% BPC=0.7454 rate=9.32% top100=96.51%
chunks=131450 bytes=269209600 progress=26.92% BPC=0.7454 rate=9.32% top100=96.51%
chunks=131500 bytes=269312000 progress=26.93% BPC=0.7454 rate=9.32% top100=96.51%
chunks=131550 bytes=269414400 progress=26.94% BPC=0.7454 rate=9.32% top100=96.51%
chunks=131600 bytes=269516800 progress=26.95% BPC=0.7454 rate=9.32% top100=96.51%
chunks=131650 bytes=269619200 progress=26.96% BPC=0.7455 rate=9.32% top100=96.51%
chunks=131700 bytes=269721600 progress=26.97% BPC=0.7455 rate=9.32% top100=96.51%
chunks=131750 bytes=269824000 progress=26.98% BPC=0.7455 rate=9.32% top100=96.51%
chunks=131800 bytes=269926400 progress=26.99% BPC=0.7455 rate=9.32% top100=96.51%
chunks=131850 bytes=270028800 progress=27.00% BPC=0.7454 rate=9.32% top100=96.51%
chunks=131900 bytes=270131200 progress=27.01% BPC=0.7455 rate=9.32% top100=96.51%
chunks=131950 bytes=270233600 progress=27.02% BPC=0.7455 rate=9.32% top100=96.51%
chunks=132000 bytes=270336000 progress=27.03% BPC=0.7454 rate=9.32% top100=96.51%
chunks=132050 bytes=270438400 progress=27.04% BPC=0.7455 rate=9.32% top100=96.51%
chunks=132100 bytes=270540800 progress=27.05% BPC=0.7455 rate=9.32% top100=96.51%
chunks=132150 bytes=270643200 progress=27.06% BPC=0.7455 rate=9.32% top100=96.51%
chunks=132200 bytes=270745600 progress=27.07% BPC=0.7455 rate=9.32% top100=96.51%
chunks=132250 bytes=270848000 progress=27.08% BPC=0.7454 rate=9.32% top100=96.51%
chunks=132300 bytes=270950400 progress=27.10% BPC=0.7454 rate=9.32% top100=96.51%
chunks=132350 bytes=271052800 progress=27.11% BPC=0.7454 rate=9.32% top100=96.51%
chunks=132400 bytes=271155200 progress=27.12% BPC=0.7454 rate=9.32% top100=96.51%
chunks=132450 bytes=271257600 progress=27.13% BPC=0.7454 rate=9.32% top100=96.51%
chunks=132500 bytes=271360000 progress=27.14% BPC=0.7454 rate=9.32% top100=96.51%
chunks=132550 bytes=271462400 progress=27.15% BPC=0.7454 rate=9.32% top100=96.51%
chunks=132600 bytes=271564800 progress=27.16% BPC=0.7453 rate=9.32% top100=96.51%
chunks=132650 bytes=271667200 progress=27.17% BPC=0.7453 rate=9.32% top100=96.51%
chunks=132700 bytes=271769600 progress=27.18% BPC=0.7454 rate=9.32% top100=96.51%
chunks=132750 bytes=271872000 progress=27.19% BPC=0.7454 rate=9.32% top100=96.51%
chunks=132800 bytes=271974400 progress=27.20% BPC=0.7453 rate=9.32% top100=96.51%
chunks=132850 bytes=272076800 progress=27.21% BPC=0.7453 rate=9.32% top100=96.51%
chunks=132900 bytes=272179200 progress=27.22% BPC=0.7454 rate=9.32% top100=96.51%
chunks=132950 bytes=272281600 progress=27.23% BPC=0.7454 rate=9.32% top100=96.51%
chunks=133000 bytes=272384000 progress=27.24% BPC=0.7454 rate=9.32% top100=96.51%
chunks=133050 bytes=272486400 progress=27.25% BPC=0.7454 rate=9.32% top100=96.51%
chunks=133100 bytes=272588800 progress=27.26% BPC=0.7454 rate=9.32% top100=96.51%
chunks=133150 bytes=272691200 progress=27.27% BPC=0.7455 rate=9.32% top100=96.51%
chunks=133200 bytes=272793600 progress=27.28% BPC=0.7454 rate=9.32% top100=96.51%
chunks=133250 bytes=272896000 progress=27.29% BPC=0.7455 rate=9.32% top100=96.51%
chunks=133300 bytes=272998400 progress=27.30% BPC=0.7455 rate=9.32% top100=96.51%
chunks=133350 bytes=273100800 progress=27.31% BPC=0.7455 rate=9.32% top100=96.51%
chunks=133400 bytes=273203200 progress=27.32% BPC=0.7455 rate=9.32% top100=96.51%
chunks=133450 bytes=273305600 progress=27.33% BPC=0.7455 rate=9.32% top100=96.51%
chunks=133500 bytes=273408000 progress=27.34% BPC=0.7455 rate=9.32% top100=96.51%
chunks=133550 bytes=273510400 progress=27.35% BPC=0.7455 rate=9.32% top100=96.51%
chunks=133600 bytes=273612800 progress=27.36% BPC=0.7455 rate=9.32% top100=96.51%
chunks=133650 bytes=273715200 progress=27.37% BPC=0.7455 rate=9.32% top100=96.51%
chunks=133700 bytes=273817600 progress=27.38% BPC=0.7455 rate=9.32% top100=96.51%
chunks=133750 bytes=273920000 progress=27.39% BPC=0.7455 rate=9.32% top100=96.51%
chunks=133800 bytes=274022400 progress=27.40% BPC=0.7455 rate=9.32% top100=96.51%
chunks=133850 bytes=274124800 progress=27.41% BPC=0.7455 rate=9.32% top100=96.51%
chunks=133900 bytes=274227200 progress=27.42% BPC=0.7455 rate=9.32% top100=96.51%
chunks=133950 bytes=274329600 progress=27.43% BPC=0.7455 rate=9.32% top100=96.51%
chunks=134000 bytes=274432000 progress=27.44% BPC=0.7455 rate=9.32% top100=96.51%
chunks=134050 bytes=274534400 progress=27.45% BPC=0.7455 rate=9.32% top100=96.51%
chunks=134100 bytes=274636800 progress=27.46% BPC=0.7455 rate=9.32% top100=96.51%
chunks=134150 bytes=274739200 progress=27.47% BPC=0.7455 rate=9.32% top100=96.51%
chunks=134200 bytes=274841600 progress=27.48% BPC=0.7455 rate=9.32% top100=96.51%
chunks=134250 bytes=274944000 progress=27.49% BPC=0.7455 rate=9.32% top100=96.51%
chunks=134300 bytes=275046400 progress=27.50% BPC=0.7455 rate=9.32% top100=96.51%
chunks=134350 bytes=275148800 progress=27.51% BPC=0.7456 rate=9.32% top100=96.51%
chunks=134400 bytes=275251200 progress=27.53% BPC=0.7456 rate=9.32% top100=96.51%
chunks=134450 bytes=275353600 progress=27.54% BPC=0.7456 rate=9.32% top100=96.51%
chunks=134500 bytes=275456000 progress=27.55% BPC=0.7456 rate=9.32% top100=96.51%
chunks=134550 bytes=275558400 progress=27.56% BPC=0.7456 rate=9.32% top100=96.51%
chunks=134600 bytes=275660800 progress=27.57% BPC=0.7455 rate=9.32% top100=96.51%
chunks=134650 bytes=275763200 progress=27.58% BPC=0.7456 rate=9.32% top100=96.51%
chunks=134700 bytes=275865600 progress=27.59% BPC=0.7456 rate=9.32% top100=96.51%
chunks=134750 bytes=275968000 progress=27.60% BPC=0.7456 rate=9.32% top100=96.51%
chunks=134800 bytes=276070400 progress=27.61% BPC=0.7456 rate=9.32% top100=96.51%
chunks=134850 bytes=276172800 progress=27.62% BPC=0.7456 rate=9.32% top100=96.51%
chunks=134900 bytes=276275200 progress=27.63% BPC=0.7456 rate=9.32% top100=96.51%
chunks=134950 bytes=276377600 progress=27.64% BPC=0.7457 rate=9.32% top100=96.51%
chunks=135000 bytes=276480000 progress=27.65% BPC=0.7457 rate=9.32% top100=96.51%
chunks=135050 bytes=276582400 progress=27.66% BPC=0.7457 rate=9.32% top100=96.51%
chunks=135100 bytes=276684800 progress=27.67% BPC=0.7457 rate=9.32% top100=96.51%
chunks=135150 bytes=276787200 progress=27.68% BPC=0.7457 rate=9.32% top100=96.51%
chunks=135200 bytes=276889600 progress=27.69% BPC=0.7457 rate=9.32% top100=96.51%
chunks=135250 bytes=276992000 progress=27.70% BPC=0.7457 rate=9.32% top100=96.51%
chunks=135300 bytes=277094400 progress=27.71% BPC=0.7457 rate=9.32% top100=96.51%
chunks=135350 bytes=277196800 progress=27.72% BPC=0.7457 rate=9.32% top100=96.51%
chunks=135400 bytes=277299200 progress=27.73% BPC=0.7457 rate=9.32% top100=96.51%
chunks=135450 bytes=277401600 progress=27.74% BPC=0.7457 rate=9.32% top100=96.51%
chunks=135500 bytes=277504000 progress=27.75% BPC=0.7457 rate=9.32% top100=96.51%
chunks=135550 bytes=277606400 progress=27.76% BPC=0.7457 rate=9.32% top100=96.51%
chunks=135600 bytes=277708800 progress=27.77% BPC=0.7457 rate=9.32% top100=96.51%
chunks=135650 bytes=277811200 progress=27.78% BPC=0.7457 rate=9.32% top100=96.51%
chunks=135700 bytes=277913600 progress=27.79% BPC=0.7457 rate=9.32% top100=96.51%
chunks=135750 bytes=278016000 progress=27.80% BPC=0.7457 rate=9.32% top100=96.51%
chunks=135800 bytes=278118400 progress=27.81% BPC=0.7457 rate=9.32% top100=96.51%
chunks=135850 bytes=278220800 progress=27.82% BPC=0.7458 rate=9.32% top100=96.51%
chunks=135900 bytes=278323200 progress=27.83% BPC=0.7458 rate=9.32% top100=96.51%
chunks=135950 bytes=278425600 progress=27.84% BPC=0.7458 rate=9.32% top100=96.51%
chunks=136000 bytes=278528000 progress=27.85% BPC=0.7457 rate=9.32% top100=96.51%
chunks=136050 bytes=278630400 progress=27.86% BPC=0.7457 rate=9.32% top100=96.51%
chunks=136100 bytes=278732800 progress=27.87% BPC=0.7457 rate=9.32% top100=96.51%
chunks=136150 bytes=278835200 progress=27.88% BPC=0.7457 rate=9.32% top100=96.51%
chunks=136200 bytes=278937600 progress=27.89% BPC=0.7458 rate=9.32% top100=96.51%
chunks=136250 bytes=279040000 progress=27.90% BPC=0.7458 rate=9.32% top100=96.51%
chunks=136300 bytes=279142400 progress=27.91% BPC=0.7458 rate=9.32% top100=96.51%
chunks=136350 bytes=279244800 progress=27.92% BPC=0.7458 rate=9.32% top100=96.51%
chunks=136400 bytes=279347200 progress=27.93% BPC=0.7459 rate=9.32% top100=96.51%
chunks=136450 bytes=279449600 progress=27.94% BPC=0.7459 rate=9.32% top100=96.51%
chunks=136500 bytes=279552000 progress=27.96% BPC=0.7458 rate=9.32% top100=96.51%
chunks=136550 bytes=279654400 progress=27.97% BPC=0.7459 rate=9.32% top100=96.51%
chunks=136600 bytes=279756800 progress=27.98% BPC=0.7459 rate=9.32% top100=96.51%
chunks=136650 bytes=279859200 progress=27.99% BPC=0.7459 rate=9.32% top100=96.51%
chunks=136700 bytes=279961600 progress=28.00% BPC=0.7459 rate=9.32% top100=96.51%
chunks=136750 bytes=280064000 progress=28.01% BPC=0.7459 rate=9.32% top100=96.51%
chunks=136800 bytes=280166400 progress=28.02% BPC=0.7459 rate=9.32% top100=96.51%
chunks=136850 bytes=280268800 progress=28.03% BPC=0.7459 rate=9.32% top100=96.51%
chunks=136900 bytes=280371200 progress=28.04% BPC=0.7460 rate=9.32% top100=96.51%
chunks=136950 bytes=280473600 progress=28.05% BPC=0.7460 rate=9.32% top100=96.51%
chunks=137000 bytes=280576000 progress=28.06% BPC=0.7460 rate=9.32% top100=96.51%
chunks=137050 bytes=280678400 progress=28.07% BPC=0.7460 rate=9.32% top100=96.51%
chunks=137100 bytes=280780800 progress=28.08% BPC=0.7460 rate=9.32% top100=96.51%
chunks=137150 bytes=280883200 progress=28.09% BPC=0.7460 rate=9.32% top100=96.51%
chunks=137200 bytes=280985600 progress=28.10% BPC=0.7460 rate=9.32% top100=96.51%
chunks=137250 bytes=281088000 progress=28.11% BPC=0.7460 rate=9.32% top100=96.51%
chunks=137300 bytes=281190400 progress=28.12% BPC=0.7460 rate=9.32% top100=96.51%
chunks=137350 bytes=281292800 progress=28.13% BPC=0.7460 rate=9.32% top100=96.51%
chunks=137400 bytes=281395200 progress=28.14% BPC=0.7460 rate=9.32% top100=96.51%
chunks=137450 bytes=281497600 progress=28.15% BPC=0.7459 rate=9.32% top100=96.51%
chunks=137500 bytes=281600000 progress=28.16% BPC=0.7460 rate=9.32% top100=96.51%
chunks=137550 bytes=281702400 progress=28.17% BPC=0.7460 rate=9.32% top100=96.51%
chunks=137600 bytes=281804800 progress=28.18% BPC=0.7460 rate=9.32% top100=96.51%
chunks=137650 bytes=281907200 progress=28.19% BPC=0.7460 rate=9.32% top100=96.51%
chunks=137700 bytes=282009600 progress=28.20% BPC=0.7459 rate=9.32% top100=96.51%
chunks=137750 bytes=282112000 progress=28.21% BPC=0.7460 rate=9.32% top100=96.51%
chunks=137800 bytes=282214400 progress=28.22% BPC=0.7460 rate=9.32% top100=96.51%
chunks=137850 bytes=282316800 progress=28.23% BPC=0.7460 rate=9.32% top100=96.51%
chunks=137900 bytes=282419200 progress=28.24% BPC=0.7460 rate=9.33% top100=96.51%
chunks=137950 bytes=282521600 progress=28.25% BPC=0.7460 rate=9.33% top100=96.51%
chunks=138000 bytes=282624000 progress=28.26% BPC=0.7460 rate=9.33% top100=96.51%
chunks=138050 bytes=282726400 progress=28.27% BPC=0.7460 rate=9.33% top100=96.51%
chunks=138100 bytes=282828800 progress=28.28% BPC=0.7460 rate=9.33% top100=96.51%
chunks=138150 bytes=282931200 progress=28.29% BPC=0.7461 rate=9.33% top100=96.51%
chunks=138200 bytes=283033600 progress=28.30% BPC=0.7461 rate=9.33% top100=96.51%
chunks=138250 bytes=283136000 progress=28.31% BPC=0.7461 rate=9.33% top100=96.51%
chunks=138300 bytes=283238400 progress=28.32% BPC=0.7461 rate=9.33% top100=96.51%
chunks=138350 bytes=283340800 progress=28.33% BPC=0.7461 rate=9.33% top100=96.51%
chunks=138400 bytes=283443200 progress=28.34% BPC=0.7461 rate=9.33% top100=96.51%
chunks=138450 bytes=283545600 progress=28.35% BPC=0.7461 rate=9.33% top100=96.51%
chunks=138500 bytes=283648000 progress=28.36% BPC=0.7461 rate=9.33% top100=96.51%
chunks=138550 bytes=283750400 progress=28.38% BPC=0.7461 rate=9.33% top100=96.51%
chunks=138600 bytes=283852800 progress=28.39% BPC=0.7461 rate=9.33% top100=96.51%
chunks=138650 bytes=283955200 progress=28.40% BPC=0.7461 rate=9.33% top100=96.51%
chunks=138700 bytes=284057600 progress=28.41% BPC=0.7461 rate=9.33% top100=96.51%
chunks=138750 bytes=284160000 progress=28.42% BPC=0.7461 rate=9.33% top100=96.51%
chunks=138800 bytes=284262400 progress=28.43% BPC=0.7461 rate=9.33% top100=96.51%
chunks=138850 bytes=284364800 progress=28.44% BPC=0.7461 rate=9.33% top100=96.51%
chunks=138900 bytes=284467200 progress=28.45% BPC=0.7461 rate=9.33% top100=96.51%
chunks=138950 bytes=284569600 progress=28.46% BPC=0.7461 rate=9.33% top100=96.51%
chunks=139000 bytes=284672000 progress=28.47% BPC=0.7460 rate=9.33% top100=96.51%
chunks=139050 bytes=284774400 progress=28.48% BPC=0.7460 rate=9.33% top100=96.51%
chunks=139100 bytes=284876800 progress=28.49% BPC=0.7460 rate=9.33% top100=96.51%
chunks=139150 bytes=284979200 progress=28.50% BPC=0.7460 rate=9.33% top100=96.51%
chunks=139200 bytes=285081600 progress=28.51% BPC=0.7460 rate=9.33% top100=96.51%
chunks=139250 bytes=285184000 progress=28.52% BPC=0.7460 rate=9.32% top100=96.51%
chunks=139300 bytes=285286400 progress=28.53% BPC=0.7460 rate=9.32% top100=96.51%
chunks=139350 bytes=285388800 progress=28.54% BPC=0.7460 rate=9.32% top100=96.51%
chunks=139400 bytes=285491200 progress=28.55% BPC=0.7460 rate=9.32% top100=96.51%
chunks=139450 bytes=285593600 progress=28.56% BPC=0.7460 rate=9.32% top100=96.51%
chunks=139500 bytes=285696000 progress=28.57% BPC=0.7460 rate=9.32% top100=96.51%
chunks=139550 bytes=285798400 progress=28.58% BPC=0.7459 rate=9.32% top100=96.51%
chunks=139600 bytes=285900800 progress=28.59% BPC=0.7459 rate=9.32% top100=96.51%
chunks=139650 bytes=286003200 progress=28.60% BPC=0.7460 rate=9.32% top100=96.51%
chunks=139700 bytes=286105600 progress=28.61% BPC=0.7459 rate=9.32% top100=96.51%
chunks=139750 bytes=286208000 progress=28.62% BPC=0.7459 rate=9.32% top100=96.51%
chunks=139800 bytes=286310400 progress=28.63% BPC=0.7459 rate=9.32% top100=96.51%
chunks=139850 bytes=286412800 progress=28.64% BPC=0.7459 rate=9.32% top100=96.51%
chunks=139900 bytes=286515200 progress=28.65% BPC=0.7459 rate=9.32% top100=96.51%
chunks=139950 bytes=286617600 progress=28.66% BPC=0.7459 rate=9.32% top100=96.51%
chunks=140000 bytes=286720000 progress=28.67% BPC=0.7459 rate=9.32% top100=96.51%
chunks=140050 bytes=286822400 progress=28.68% BPC=0.7459 rate=9.32% top100=96.51%
chunks=140100 bytes=286924800 progress=28.69% BPC=0.7459 rate=9.32% top100=96.51%
chunks=140150 bytes=287027200 progress=28.70% BPC=0.7459 rate=9.32% top100=96.51%
chunks=140200 bytes=287129600 progress=28.71% BPC=0.7459 rate=9.32% top100=96.51%
chunks=140250 bytes=287232000 progress=28.72% BPC=0.7459 rate=9.32% top100=96.51%
chunks=140300 bytes=287334400 progress=28.73% BPC=0.7460 rate=9.32% top100=96.51%
chunks=140350 bytes=287436800 progress=28.74% BPC=0.7460 rate=9.32% top100=96.51%
chunks=140400 bytes=287539200 progress=28.75% BPC=0.7460 rate=9.32% top100=96.51%
chunks=140450 bytes=287641600 progress=28.76% BPC=0.7460 rate=9.33% top100=96.51%
chunks=140500 bytes=287744000 progress=28.77% BPC=0.7460 rate=9.33% top100=96.51%
chunks=140550 bytes=287846400 progress=28.78% BPC=0.7460 rate=9.33% top100=96.51%
chunks=140600 bytes=287948800 progress=28.79% BPC=0.7460 rate=9.33% top100=96.51%
chunks=140650 bytes=288051200 progress=28.81% BPC=0.7460 rate=9.33% top100=96.51%
chunks=140700 bytes=288153600 progress=28.82% BPC=0.7460 rate=9.33% top100=96.51%
chunks=140750 bytes=288256000 progress=28.83% BPC=0.7460 rate=9.33% top100=96.51%
chunks=140800 bytes=288358400 progress=28.84% BPC=0.7460 rate=9.33% top100=96.51%
chunks=140850 bytes=288460800 progress=28.85% BPC=0.7461 rate=9.33% top100=96.51%
chunks=140900 bytes=288563200 progress=28.86% BPC=0.7461 rate=9.33% top100=96.51%
chunks=140950 bytes=288665600 progress=28.87% BPC=0.7461 rate=9.33% top100=96.51%
chunks=141000 bytes=288768000 progress=28.88% BPC=0.7461 rate=9.33% top100=96.51%
chunks=141050 bytes=288870400 progress=28.89% BPC=0.7461 rate=9.33% top100=96.51%
chunks=141100 bytes=288972800 progress=28.90% BPC=0.7461 rate=9.33% top100=96.51%
chunks=141150 bytes=289075200 progress=28.91% BPC=0.7461 rate=9.33% top100=96.51%
chunks=141200 bytes=289177600 progress=28.92% BPC=0.7461 rate=9.33% top100=96.51%
chunks=141250 bytes=289280000 progress=28.93% BPC=0.7461 rate=9.33% top100=96.51%
chunks=141300 bytes=289382400 progress=28.94% BPC=0.7461 rate=9.33% top100=96.51%
chunks=141350 bytes=289484800 progress=28.95% BPC=0.7461 rate=9.33% top100=96.51%
chunks=141400 bytes=289587200 progress=28.96% BPC=0.7461 rate=9.33% top100=96.51%
chunks=141450 bytes=289689600 progress=28.97% BPC=0.7461 rate=9.33% top100=96.51%
chunks=141500 bytes=289792000 progress=28.98% BPC=0.7461 rate=9.33% top100=96.51%
chunks=141550 bytes=289894400 progress=28.99% BPC=0.7461 rate=9.33% top100=96.51%
chunks=141600 bytes=289996800 progress=29.00% BPC=0.7461 rate=9.33% top100=96.51%
chunks=141650 bytes=290099200 progress=29.01% BPC=0.7461 rate=9.33% top100=96.51%
chunks=141700 bytes=290201600 progress=29.02% BPC=0.7461 rate=9.33% top100=96.51%
chunks=141750 bytes=290304000 progress=29.03% BPC=0.7461 rate=9.33% top100=96.51%
chunks=141800 bytes=290406400 progress=29.04% BPC=0.7461 rate=9.33% top100=96.51%
chunks=141850 bytes=290508800 progress=29.05% BPC=0.7461 rate=9.33% top100=96.51%
chunks=141900 bytes=290611200 progress=29.06% BPC=0.7461 rate=9.33% top100=96.51%
chunks=141950 bytes=290713600 progress=29.07% BPC=0.7462 rate=9.33% top100=96.50%
chunks=142000 bytes=290816000 progress=29.08% BPC=0.7462 rate=9.33% top100=96.50%
chunks=142050 bytes=290918400 progress=29.09% BPC=0.7462 rate=9.33% top100=96.50%
chunks=142100 bytes=291020800 progress=29.10% BPC=0.7462 rate=9.33% top100=96.50%
chunks=142150 bytes=291123200 progress=29.11% BPC=0.7462 rate=9.33% top100=96.50%
chunks=142200 bytes=291225600 progress=29.12% BPC=0.7462 rate=9.33% top100=96.50%
chunks=142250 bytes=291328000 progress=29.13% BPC=0.7462 rate=9.33% top100=96.50%
chunks=142300 bytes=291430400 progress=29.14% BPC=0.7462 rate=9.33% top100=96.50%
chunks=142350 bytes=291532800 progress=29.15% BPC=0.7463 rate=9.33% top100=96.50%
chunks=142400 bytes=291635200 progress=29.16% BPC=0.7463 rate=9.33% top100=96.50%
chunks=142450 bytes=291737600 progress=29.17% BPC=0.7463 rate=9.33% top100=96.50%
chunks=142500 bytes=291840000 progress=29.18% BPC=0.7463 rate=9.33% top100=96.50%
chunks=142550 bytes=291942400 progress=29.19% BPC=0.7462 rate=9.33% top100=96.51%
chunks=142600 bytes=292044800 progress=29.20% BPC=0.7462 rate=9.33% top100=96.51%
chunks=142650 bytes=292147200 progress=29.21% BPC=0.7462 rate=9.33% top100=96.51%
chunks=142700 bytes=292249600 progress=29.22% BPC=0.7462 rate=9.33% top100=96.50%
chunks=142750 bytes=292352000 progress=29.24% BPC=0.7462 rate=9.33% top100=96.50%
chunks=142800 bytes=292454400 progress=29.25% BPC=0.7462 rate=9.33% top100=96.50%
chunks=142850 bytes=292556800 progress=29.26% BPC=0.7463 rate=9.33% top100=96.50%
chunks=142900 bytes=292659200 progress=29.27% BPC=0.7463 rate=9.33% top100=96.50%
chunks=142950 bytes=292761600 progress=29.28% BPC=0.7463 rate=9.33% top100=96.50%
chunks=143000 bytes=292864000 progress=29.29% BPC=0.7463 rate=9.33% top100=96.50%
chunks=143050 bytes=292966400 progress=29.30% BPC=0.7463 rate=9.33% top100=96.50%
chunks=143100 bytes=293068800 progress=29.31% BPC=0.7463 rate=9.33% top100=96.50%
chunks=143150 bytes=293171200 progress=29.32% BPC=0.7463 rate=9.33% top100=96.50%
chunks=143200 bytes=293273600 progress=29.33% BPC=0.7463 rate=9.33% top100=96.50%
chunks=143250 bytes=293376000 progress=29.34% BPC=0.7463 rate=9.33% top100=96.50%
chunks=143300 bytes=293478400 progress=29.35% BPC=0.7463 rate=9.33% top100=96.50%
chunks=143350 bytes=293580800 progress=29.36% BPC=0.7463 rate=9.33% top100=96.50%
chunks=143400 bytes=293683200 progress=29.37% BPC=0.7463 rate=9.33% top100=96.50%
chunks=143450 bytes=293785600 progress=29.38% BPC=0.7463 rate=9.33% top100=96.50%
chunks=143500 bytes=293888000 progress=29.39% BPC=0.7463 rate=9.33% top100=96.50%
chunks=143550 bytes=293990400 progress=29.40% BPC=0.7463 rate=9.33% top100=96.50%
chunks=143600 bytes=294092800 progress=29.41% BPC=0.7463 rate=9.33% top100=96.50%
chunks=143650 bytes=294195200 progress=29.42% BPC=0.7463 rate=9.33% top100=96.50%
chunks=143700 bytes=294297600 progress=29.43% BPC=0.7463 rate=9.33% top100=96.50%
chunks=143750 bytes=294400000 progress=29.44% BPC=0.7463 rate=9.33% top100=96.50%
chunks=143800 bytes=294502400 progress=29.45% BPC=0.7463 rate=9.33% top100=96.50%
chunks=143850 bytes=294604800 progress=29.46% BPC=0.7463 rate=9.33% top100=96.50%
chunks=143900 bytes=294707200 progress=29.47% BPC=0.7464 rate=9.33% top100=96.50%
chunks=143950 bytes=294809600 progress=29.48% BPC=0.7464 rate=9.33% top100=96.50%
chunks=144000 bytes=294912000 progress=29.49% BPC=0.7464 rate=9.33% top100=96.50%
chunks=144050 bytes=295014400 progress=29.50% BPC=0.7464 rate=9.33% top100=96.50%
chunks=144100 bytes=295116800 progress=29.51% BPC=0.7464 rate=9.33% top100=96.50%
chunks=144150 bytes=295219200 progress=29.52% BPC=0.7464 rate=9.33% top100=96.50%
chunks=144200 bytes=295321600 progress=29.53% BPC=0.7464 rate=9.33% top100=96.50%
chunks=144250 bytes=295424000 progress=29.54% BPC=0.7464 rate=9.33% top100=96.50%
chunks=144300 bytes=295526400 progress=29.55% BPC=0.7464 rate=9.33% top100=96.50%
chunks=144350 bytes=295628800 progress=29.56% BPC=0.7463 rate=9.33% top100=96.50%
chunks=144400 bytes=295731200 progress=29.57% BPC=0.7463 rate=9.33% top100=96.50%
chunks=144450 bytes=295833600 progress=29.58% BPC=0.7463 rate=9.33% top100=96.50%
chunks=144500 bytes=295936000 progress=29.59% BPC=0.7463 rate=9.33% top100=96.50%
chunks=144550 bytes=296038400 progress=29.60% BPC=0.7464 rate=9.33% top100=96.50%
chunks=144600 bytes=296140800 progress=29.61% BPC=0.7464 rate=9.33% top100=96.50%
chunks=144650 bytes=296243200 progress=29.62% BPC=0.7464 rate=9.33% top100=96.50%
chunks=144700 bytes=296345600 progress=29.63% BPC=0.7464 rate=9.33% top100=96.50%
chunks=144750 bytes=296448000 progress=29.64% BPC=0.7464 rate=9.33% top100=96.50%
chunks=144800 bytes=296550400 progress=29.66% BPC=0.7464 rate=9.33% top100=96.50%
chunks=144850 bytes=296652800 progress=29.67% BPC=0.7464 rate=9.33% top100=96.50%
chunks=144900 bytes=296755200 progress=29.68% BPC=0.7464 rate=9.33% top100=96.50%
chunks=144950 bytes=296857600 progress=29.69% BPC=0.7464 rate=9.33% top100=96.50%
chunks=145000 bytes=296960000 progress=29.70% BPC=0.7464 rate=9.33% top100=96.50%
chunks=145050 bytes=297062400 progress=29.71% BPC=0.7464 rate=9.33% top100=96.50%
chunks=145100 bytes=297164800 progress=29.72% BPC=0.7464 rate=9.33% top100=96.50%
chunks=145150 bytes=297267200 progress=29.73% BPC=0.7464 rate=9.33% top100=96.50%
chunks=145200 bytes=297369600 progress=29.74% BPC=0.7464 rate=9.33% top100=96.50%
chunks=145250 bytes=297472000 progress=29.75% BPC=0.7464 rate=9.33% top100=96.50%
chunks=145300 bytes=297574400 progress=29.76% BPC=0.7464 rate=9.33% top100=96.50%
chunks=145350 bytes=297676800 progress=29.77% BPC=0.7464 rate=9.33% top100=96.50%
chunks=145400 bytes=297779200 progress=29.78% BPC=0.7464 rate=9.33% top100=96.50%
chunks=145450 bytes=297881600 progress=29.79% BPC=0.7464 rate=9.33% top100=96.50%
chunks=145500 bytes=297984000 progress=29.80% BPC=0.7464 rate=9.33% top100=96.50%
chunks=145550 bytes=298086400 progress=29.81% BPC=0.7464 rate=9.33% top100=96.50%
chunks=145600 bytes=298188800 progress=29.82% BPC=0.7464 rate=9.33% top100=96.50%
chunks=145650 bytes=298291200 progress=29.83% BPC=0.7465 rate=9.33% top100=96.50%
chunks=145700 bytes=298393600 progress=29.84% BPC=0.7464 rate=9.33% top100=96.50%
chunks=145750 bytes=298496000 progress=29.85% BPC=0.7465 rate=9.33% top100=96.50%
chunks=145800 bytes=298598400 progress=29.86% BPC=0.7464 rate=9.33% top100=96.50%
chunks=145850 bytes=298700800 progress=29.87% BPC=0.7465 rate=9.33% top100=96.50%
chunks=145900 bytes=298803200 progress=29.88% BPC=0.7465 rate=9.33% top100=96.50%
chunks=145950 bytes=298905600 progress=29.89% BPC=0.7465 rate=9.33% top100=96.50%
chunks=146000 bytes=299008000 progress=29.90% BPC=0.7465 rate=9.33% top100=96.50%
chunks=146050 bytes=299110400 progress=29.91% BPC=0.7464 rate=9.33% top100=96.50%
chunks=146100 bytes=299212800 progress=29.92% BPC=0.7464 rate=9.33% top100=96.50%
chunks=146150 bytes=299315200 progress=29.93% BPC=0.7464 rate=9.33% top100=96.50%
chunks=146200 bytes=299417600 progress=29.94% BPC=0.7464 rate=9.33% top100=96.50%
chunks=146250 bytes=299520000 progress=29.95% BPC=0.7464 rate=9.33% top100=96.50%
chunks=146300 bytes=299622400 progress=29.96% BPC=0.7464 rate=9.33% top100=96.50%
chunks=146350 bytes=299724800 progress=29.97% BPC=0.7464 rate=9.33% top100=96.50%
chunks=146400 bytes=299827200 progress=29.98% BPC=0.7464 rate=9.33% top100=96.50%
chunks=146450 bytes=299929600 progress=29.99% BPC=0.7465 rate=9.33% top100=96.50%
chunks=146500 bytes=300032000 progress=30.00% BPC=0.7465 rate=9.33% top100=96.50%
chunks=146550 bytes=300134400 progress=30.01% BPC=0.7465 rate=9.33% top100=96.50%
chunks=146600 bytes=300236800 progress=30.02% BPC=0.7465 rate=9.33% top100=96.50%
chunks=146650 bytes=300339200 progress=30.03% BPC=0.7465 rate=9.33% top100=96.50%
chunks=146700 bytes=300441600 progress=30.04% BPC=0.7465 rate=9.33% top100=96.50%
chunks=146750 bytes=300544000 progress=30.05% BPC=0.7465 rate=9.33% top100=96.50%
chunks=146800 bytes=300646400 progress=30.06% BPC=0.7464 rate=9.33% top100=96.50%
chunks=146850 bytes=300748800 progress=30.07% BPC=0.7465 rate=9.33% top100=96.50%
chunks=146900 bytes=300851200 progress=30.09% BPC=0.7465 rate=9.33% top100=96.50%
chunks=146950 bytes=300953600 progress=30.10% BPC=0.7465 rate=9.33% top100=96.50%
chunks=147000 bytes=301056000 progress=30.11% BPC=0.7465 rate=9.33% top100=96.50%
chunks=147050 bytes=301158400 progress=30.12% BPC=0.7465 rate=9.33% top100=96.50%
chunks=147100 bytes=301260800 progress=30.13% BPC=0.7465 rate=9.33% top100=96.50%
chunks=147150 bytes=301363200 progress=30.14% BPC=0.7464 rate=9.33% top100=96.50%
chunks=147200 bytes=301465600 progress=30.15% BPC=0.7464 rate=9.33% top100=96.50%
chunks=147250 bytes=301568000 progress=30.16% BPC=0.7463 rate=9.33% top100=96.50%
chunks=147300 bytes=301670400 progress=30.17% BPC=0.7463 rate=9.33% top100=96.50%
chunks=147350 bytes=301772800 progress=30.18% BPC=0.7464 rate=9.33% top100=96.50%
chunks=147400 bytes=301875200 progress=30.19% BPC=0.7464 rate=9.33% top100=96.50%
chunks=147450 bytes=301977600 progress=30.20% BPC=0.7464 rate=9.33% top100=96.50%
chunks=147500 bytes=302080000 progress=30.21% BPC=0.7463 rate=9.33% top100=96.50%
chunks=147550 bytes=302182400 progress=30.22% BPC=0.7463 rate=9.33% top100=96.50%
chunks=147600 bytes=302284800 progress=30.23% BPC=0.7463 rate=9.33% top100=96.50%
chunks=147650 bytes=302387200 progress=30.24% BPC=0.7463 rate=9.33% top100=96.50%
chunks=147700 bytes=302489600 progress=30.25% BPC=0.7463 rate=9.33% top100=96.50%
chunks=147750 bytes=302592000 progress=30.26% BPC=0.7463 rate=9.33% top100=96.50%
chunks=147800 bytes=302694400 progress=30.27% BPC=0.7463 rate=9.33% top100=96.50%
chunks=147850 bytes=302796800 progress=30.28% BPC=0.7463 rate=9.33% top100=96.50%
chunks=147900 bytes=302899200 progress=30.29% BPC=0.7463 rate=9.33% top100=96.50%
chunks=147950 bytes=303001600 progress=30.30% BPC=0.7463 rate=9.33% top100=96.50%
chunks=148000 bytes=303104000 progress=30.31% BPC=0.7463 rate=9.33% top100=96.50%
chunks=148050 bytes=303206400 progress=30.32% BPC=0.7463 rate=9.33% top100=96.50%
chunks=148100 bytes=303308800 progress=30.33% BPC=0.7463 rate=9.33% top100=96.50%
chunks=148150 bytes=303411200 progress=30.34% BPC=0.7463 rate=9.33% top100=96.50%
chunks=148200 bytes=303513600 progress=30.35% BPC=0.7463 rate=9.33% top100=96.50%
chunks=148250 bytes=303616000 progress=30.36% BPC=0.7463 rate=9.33% top100=96.50%
chunks=148300 bytes=303718400 progress=30.37% BPC=0.7463 rate=9.33% top100=96.50%
chunks=148350 bytes=303820800 progress=30.38% BPC=0.7463 rate=9.33% top100=96.50%
chunks=148400 bytes=303923200 progress=30.39% BPC=0.7463 rate=9.33% top100=96.50%
chunks=148450 bytes=304025600 progress=30.40% BPC=0.7462 rate=9.33% top100=96.50%
chunks=148500 bytes=304128000 progress=30.41% BPC=0.7462 rate=9.33% top100=96.50%
chunks=148550 bytes=304230400 progress=30.42% BPC=0.7462 rate=9.33% top100=96.50%
chunks=148600 bytes=304332800 progress=30.43% BPC=0.7462 rate=9.33% top100=96.50%
chunks=148650 bytes=304435200 progress=30.44% BPC=0.7463 rate=9.33% top100=96.50%
chunks=148700 bytes=304537600 progress=30.45% BPC=0.7462 rate=9.33% top100=96.50%
chunks=148750 bytes=304640000 progress=30.46% BPC=0.7463 rate=9.33% top100=96.50%
chunks=148800 bytes=304742400 progress=30.47% BPC=0.7463 rate=9.33% top100=96.50%
chunks=148850 bytes=304844800 progress=30.48% BPC=0.7463 rate=9.33% top100=96.50%
chunks=148900 bytes=304947200 progress=30.49% BPC=0.7463 rate=9.33% top100=96.50%
chunks=148950 bytes=305049600 progress=30.50% BPC=0.7463 rate=9.33% top100=96.50%
chunks=149000 bytes=305152000 progress=30.52% BPC=0.7463 rate=9.33% top100=96.50%
chunks=149050 bytes=305254400 progress=30.53% BPC=0.7463 rate=9.33% top100=96.50%
chunks=149100 bytes=305356800 progress=30.54% BPC=0.7463 rate=9.33% top100=96.50%
chunks=149150 bytes=305459200 progress=30.55% BPC=0.7463 rate=9.33% top100=96.50%
chunks=149200 bytes=305561600 progress=30.56% BPC=0.7463 rate=9.33% top100=96.50%
chunks=149250 bytes=305664000 progress=30.57% BPC=0.7464 rate=9.33% top100=96.50%
chunks=149300 bytes=305766400 progress=30.58% BPC=0.7463 rate=9.33% top100=96.50%
chunks=149350 bytes=305868800 progress=30.59% BPC=0.7463 rate=9.33% top100=96.50%
chunks=149400 bytes=305971200 progress=30.60% BPC=0.7463 rate=9.33% top100=96.50%
chunks=149450 bytes=306073600 progress=30.61% BPC=0.7463 rate=9.33% top100=96.50%
chunks=149500 bytes=306176000 progress=30.62% BPC=0.7463 rate=9.33% top100=96.50%
chunks=149550 bytes=306278400 progress=30.63% BPC=0.7463 rate=9.33% top100=96.50%
chunks=149600 bytes=306380800 progress=30.64% BPC=0.7463 rate=9.33% top100=96.50%
chunks=149650 bytes=306483200 progress=30.65% BPC=0.7462 rate=9.33% top100=96.50%
chunks=149700 bytes=306585600 progress=30.66% BPC=0.7462 rate=9.33% top100=96.50%
chunks=149750 bytes=306688000 progress=30.67% BPC=0.7462 rate=9.33% top100=96.50%
chunks=149800 bytes=306790400 progress=30.68% BPC=0.7462 rate=9.33% top100=96.50%
chunks=149850 bytes=306892800 progress=30.69% BPC=0.7463 rate=9.33% top100=96.50%
chunks=149900 bytes=306995200 progress=30.70% BPC=0.7462 rate=9.33% top100=96.50%
chunks=149950 bytes=307097600 progress=30.71% BPC=0.7463 rate=9.33% top100=96.50%
chunks=150000 bytes=307200000 progress=30.72% BPC=0.7463 rate=9.33% top100=96.50%
chunks=150050 bytes=307302400 progress=30.73% BPC=0.7463 rate=9.33% top100=96.50%
chunks=150100 bytes=307404800 progress=30.74% BPC=0.7463 rate=9.33% top100=96.50%
chunks=150150 bytes=307507200 progress=30.75% BPC=0.7463 rate=9.33% top100=96.50%
chunks=150200 bytes=307609600 progress=30.76% BPC=0.7463 rate=9.33% top100=96.50%
chunks=150250 bytes=307712000 progress=30.77% BPC=0.7463 rate=9.33% top100=96.50%
chunks=150300 bytes=307814400 progress=30.78% BPC=0.7463 rate=9.33% top100=96.50%
chunks=150350 bytes=307916800 progress=30.79% BPC=0.7463 rate=9.33% top100=96.50%
chunks=150400 bytes=308019200 progress=30.80% BPC=0.7463 rate=9.33% top100=96.50%
chunks=150450 bytes=308121600 progress=30.81% BPC=0.7463 rate=9.33% top100=96.50%
chunks=150500 bytes=308224000 progress=30.82% BPC=0.7463 rate=9.33% top100=96.50%
chunks=150550 bytes=308326400 progress=30.83% BPC=0.7463 rate=9.33% top100=96.50%
chunks=150600 bytes=308428800 progress=30.84% BPC=0.7463 rate=9.33% top100=96.50%
chunks=150650 bytes=308531200 progress=30.85% BPC=0.7463 rate=9.33% top100=96.50%
chunks=150700 bytes=308633600 progress=30.86% BPC=0.7463 rate=9.33% top100=96.50%
chunks=150750 bytes=308736000 progress=30.87% BPC=0.7462 rate=9.33% top100=96.50%
chunks=150800 bytes=308838400 progress=30.88% BPC=0.7462 rate=9.33% top100=96.50%
chunks=150850 bytes=308940800 progress=30.89% BPC=0.7462 rate=9.33% top100=96.50%
chunks=150900 bytes=309043200 progress=30.90% BPC=0.7462 rate=9.33% top100=96.50%
chunks=150950 bytes=309145600 progress=30.91% BPC=0.7462 rate=9.33% top100=96.50%
chunks=151000 bytes=309248000 progress=30.92% BPC=0.7462 rate=9.33% top100=96.50%
chunks=151050 bytes=309350400 progress=30.94% BPC=0.7462 rate=9.33% top100=96.50%
chunks=151100 bytes=309452800 progress=30.95% BPC=0.7462 rate=9.33% top100=96.50%
chunks=151150 bytes=309555200 progress=30.96% BPC=0.7462 rate=9.33% top100=96.50%
chunks=151200 bytes=309657600 progress=30.97% BPC=0.7462 rate=9.33% top100=96.50%
chunks=151250 bytes=309760000 progress=30.98% BPC=0.7462 rate=9.33% top100=96.50%
chunks=151300 bytes=309862400 progress=30.99% BPC=0.7462 rate=9.33% top100=96.50%
chunks=151350 bytes=309964800 progress=31.00% BPC=0.7462 rate=9.33% top100=96.50%
chunks=151400 bytes=310067200 progress=31.01% BPC=0.7462 rate=9.33% top100=96.50%
chunks=151450 bytes=310169600 progress=31.02% BPC=0.7462 rate=9.33% top100=96.50%
chunks=151500 bytes=310272000 progress=31.03% BPC=0.7462 rate=9.33% top100=96.50%
chunks=151550 bytes=310374400 progress=31.04% BPC=0.7461 rate=9.33% top100=96.50%
chunks=151600 bytes=310476800 progress=31.05% BPC=0.7461 rate=9.33% top100=96.50%
chunks=151650 bytes=310579200 progress=31.06% BPC=0.7461 rate=9.33% top100=96.50%
chunks=151700 bytes=310681600 progress=31.07% BPC=0.7461 rate=9.33% top100=96.50%
chunks=151750 bytes=310784000 progress=31.08% BPC=0.7461 rate=9.33% top100=96.50%
chunks=151800 bytes=310886400 progress=31.09% BPC=0.7462 rate=9.33% top100=96.50%
chunks=151850 bytes=310988800 progress=31.10% BPC=0.7462 rate=9.33% top100=96.50%
chunks=151900 bytes=311091200 progress=31.11% BPC=0.7462 rate=9.33% top100=96.50%
chunks=151950 bytes=311193600 progress=31.12% BPC=0.7461 rate=9.33% top100=96.50%
chunks=152000 bytes=311296000 progress=31.13% BPC=0.7461 rate=9.33% top100=96.50%
chunks=152050 bytes=311398400 progress=31.14% BPC=0.7462 rate=9.33% top100=96.50%
chunks=152100 bytes=311500800 progress=31.15% BPC=0.7462 rate=9.33% top100=96.50%
chunks=152150 bytes=311603200 progress=31.16% BPC=0.7462 rate=9.33% top100=96.50%
chunks=152200 bytes=311705600 progress=31.17% BPC=0.7462 rate=9.33% top100=96.50%
chunks=152250 bytes=311808000 progress=31.18% BPC=0.7462 rate=9.33% top100=96.50%
chunks=152300 bytes=311910400 progress=31.19% BPC=0.7462 rate=9.33% top100=96.50%
chunks=152350 bytes=312012800 progress=31.20% BPC=0.7462 rate=9.33% top100=96.50%
chunks=152400 bytes=312115200 progress=31.21% BPC=0.7461 rate=9.33% top100=96.50%
chunks=152450 bytes=312217600 progress=31.22% BPC=0.7461 rate=9.33% top100=96.50%
chunks=152500 bytes=312320000 progress=31.23% BPC=0.7461 rate=9.33% top100=96.50%
chunks=152550 bytes=312422400 progress=31.24% BPC=0.7462 rate=9.33% top100=96.50%
chunks=152600 bytes=312524800 progress=31.25% BPC=0.7462 rate=9.33% top100=96.50%
chunks=152650 bytes=312627200 progress=31.26% BPC=0.7462 rate=9.33% top100=96.50%
chunks=152700 bytes=312729600 progress=31.27% BPC=0.7462 rate=9.33% top100=96.50%
chunks=152750 bytes=312832000 progress=31.28% BPC=0.7462 rate=9.33% top100=96.50%
chunks=152800 bytes=312934400 progress=31.29% BPC=0.7462 rate=9.33% top100=96.50%
chunks=152850 bytes=313036800 progress=31.30% BPC=0.7462 rate=9.33% top100=96.50%
chunks=152900 bytes=313139200 progress=31.31% BPC=0.7462 rate=9.33% top100=96.50%
chunks=152950 bytes=313241600 progress=31.32% BPC=0.7462 rate=9.33% top100=96.50%
chunks=153000 bytes=313344000 progress=31.33% BPC=0.7462 rate=9.33% top100=96.50%
chunks=153050 bytes=313446400 progress=31.34% BPC=0.7462 rate=9.33% top100=96.50%
chunks=153100 bytes=313548800 progress=31.35% BPC=0.7462 rate=9.33% top100=96.50%
chunks=153150 bytes=313651200 progress=31.37% BPC=0.7462 rate=9.33% top100=96.50%
chunks=153200 bytes=313753600 progress=31.38% BPC=0.7462 rate=9.33% top100=96.50%
chunks=153250 bytes=313856000 progress=31.39% BPC=0.7462 rate=9.33% top100=96.50%
chunks=153300 bytes=313958400 progress=31.40% BPC=0.7462 rate=9.33% top100=96.50%
chunks=153350 bytes=314060800 progress=31.41% BPC=0.7462 rate=9.33% top100=96.50%
chunks=153400 bytes=314163200 progress=31.42% BPC=0.7462 rate=9.33% top100=96.50%
chunks=153450 bytes=314265600 progress=31.43% BPC=0.7461 rate=9.33% top100=96.50%
chunks=153500 bytes=314368000 progress=31.44% BPC=0.7461 rate=9.33% top100=96.51%
chunks=153550 bytes=314470400 progress=31.45% BPC=0.7461 rate=9.33% top100=96.51%
chunks=153600 bytes=314572800 progress=31.46% BPC=0.7461 rate=9.33% top100=96.51%
chunks=153650 bytes=314675200 progress=31.47% BPC=0.7461 rate=9.33% top100=96.51%
chunks=153700 bytes=314777600 progress=31.48% BPC=0.7461 rate=9.33% top100=96.51%
chunks=153750 bytes=314880000 progress=31.49% BPC=0.7461 rate=9.33% top100=96.51%
chunks=153800 bytes=314982400 progress=31.50% BPC=0.7461 rate=9.33% top100=96.51%
chunks=153850 bytes=315084800 progress=31.51% BPC=0.7461 rate=9.33% top100=96.51%
chunks=153900 bytes=315187200 progress=31.52% BPC=0.7461 rate=9.33% top100=96.51%
chunks=153950 bytes=315289600 progress=31.53% BPC=0.7461 rate=9.33% top100=96.51%
chunks=154000 bytes=315392000 progress=31.54% BPC=0.7461 rate=9.33% top100=96.51%
chunks=154050 bytes=315494400 progress=31.55% BPC=0.7461 rate=9.33% top100=96.50%
chunks=154100 bytes=315596800 progress=31.56% BPC=0.7461 rate=9.33% top100=96.50%
chunks=154150 bytes=315699200 progress=31.57% BPC=0.7462 rate=9.33% top100=96.50%
chunks=154200 bytes=315801600 progress=31.58% BPC=0.7461 rate=9.33% top100=96.50%
chunks=154250 bytes=315904000 progress=31.59% BPC=0.7461 rate=9.33% top100=96.51%
chunks=154300 bytes=316006400 progress=31.60% BPC=0.7461 rate=9.33% top100=96.50%
chunks=154350 bytes=316108800 progress=31.61% BPC=0.7461 rate=9.33% top100=96.51%
chunks=154400 bytes=316211200 progress=31.62% BPC=0.7461 rate=9.33% top100=96.51%
chunks=154450 bytes=316313600 progress=31.63% BPC=0.7461 rate=9.33% top100=96.51%
chunks=154500 bytes=316416000 progress=31.64% BPC=0.7461 rate=9.33% top100=96.51%
chunks=154550 bytes=316518400 progress=31.65% BPC=0.7461 rate=9.33% top100=96.51%
chunks=154600 bytes=316620800 progress=31.66% BPC=0.7461 rate=9.33% top100=96.51%
chunks=154650 bytes=316723200 progress=31.67% BPC=0.7461 rate=9.33% top100=96.51%
chunks=154700 bytes=316825600 progress=31.68% BPC=0.7461 rate=9.33% top100=96.51%
chunks=154750 bytes=316928000 progress=31.69% BPC=0.7461 rate=9.33% top100=96.51%
chunks=154800 bytes=317030400 progress=31.70% BPC=0.7461 rate=9.33% top100=96.51%
chunks=154850 bytes=317132800 progress=31.71% BPC=0.7461 rate=9.33% top100=96.50%
chunks=154900 bytes=317235200 progress=31.72% BPC=0.7461 rate=9.33% top100=96.50%
chunks=154950 bytes=317337600 progress=31.73% BPC=0.7461 rate=9.33% top100=96.50%
chunks=155000 bytes=317440000 progress=31.74% BPC=0.7461 rate=9.33% top100=96.50%
chunks=155050 bytes=317542400 progress=31.75% BPC=0.7461 rate=9.33% top100=96.50%
chunks=155100 bytes=317644800 progress=31.76% BPC=0.7461 rate=9.33% top100=96.51%
chunks=155150 bytes=317747200 progress=31.77% BPC=0.7461 rate=9.33% top100=96.50%
chunks=155200 bytes=317849600 progress=31.78% BPC=0.7461 rate=9.33% top100=96.50%
chunks=155250 bytes=317952000 progress=31.80% BPC=0.7461 rate=9.33% top100=96.50%
chunks=155300 bytes=318054400 progress=31.81% BPC=0.7461 rate=9.33% top100=96.50%
chunks=155350 bytes=318156800 progress=31.82% BPC=0.7461 rate=9.33% top100=96.50%
chunks=155400 bytes=318259200 progress=31.83% BPC=0.7461 rate=9.33% top100=96.50%
chunks=155450 bytes=318361600 progress=31.84% BPC=0.7461 rate=9.33% top100=96.50%
chunks=155500 bytes=318464000 progress=31.85% BPC=0.7461 rate=9.33% top100=96.50%
chunks=155550 bytes=318566400 progress=31.86% BPC=0.7462 rate=9.33% top100=96.50%
chunks=155600 bytes=318668800 progress=31.87% BPC=0.7462 rate=9.33% top100=96.50%
chunks=155650 bytes=318771200 progress=31.88% BPC=0.7462 rate=9.33% top100=96.50%
chunks=155700 bytes=318873600 progress=31.89% BPC=0.7462 rate=9.33% top100=96.50%
chunks=155750 bytes=318976000 progress=31.90% BPC=0.7461 rate=9.33% top100=96.50%
chunks=155800 bytes=319078400 progress=31.91% BPC=0.7461 rate=9.33% top100=96.51%
chunks=155850 bytes=319180800 progress=31.92% BPC=0.7461 rate=9.33% top100=96.51%
chunks=155900 bytes=319283200 progress=31.93% BPC=0.7461 rate=9.33% top100=96.51%
chunks=155950 bytes=319385600 progress=31.94% BPC=0.7461 rate=9.33% top100=96.51%
chunks=156000 bytes=319488000 progress=31.95% BPC=0.7461 rate=9.33% top100=96.51%
chunks=156050 bytes=319590400 progress=31.96% BPC=0.7461 rate=9.33% top100=96.51%
chunks=156100 bytes=319692800 progress=31.97% BPC=0.7461 rate=9.33% top100=96.51%
chunks=156150 bytes=319795200 progress=31.98% BPC=0.7461 rate=9.33% top100=96.51%
chunks=156200 bytes=319897600 progress=31.99% BPC=0.7461 rate=9.33% top100=96.51%
chunks=156250 bytes=320000000 progress=32.00% BPC=0.7461 rate=9.33% top100=96.51%
chunks=156300 bytes=320102400 progress=32.01% BPC=0.7461 rate=9.33% top100=96.51%
chunks=156350 bytes=320204800 progress=32.02% BPC=0.7461 rate=9.33% top100=96.51%
chunks=156400 bytes=320307200 progress=32.03% BPC=0.7461 rate=9.33% top100=96.51%
chunks=156450 bytes=320409600 progress=32.04% BPC=0.7461 rate=9.33% top100=96.51%
chunks=156500 bytes=320512000 progress=32.05% BPC=0.7461 rate=9.33% top100=96.51%
chunks=156550 bytes=320614400 progress=32.06% BPC=0.7461 rate=9.33% top100=96.51%
chunks=156600 bytes=320716800 progress=32.07% BPC=0.7461 rate=9.33% top100=96.51%
chunks=156650 bytes=320819200 progress=32.08% BPC=0.7460 rate=9.33% top100=96.51%
chunks=156700 bytes=320921600 progress=32.09% BPC=0.7460 rate=9.32% top100=96.51%
chunks=156750 bytes=321024000 progress=32.10% BPC=0.7460 rate=9.33% top100=96.51%
chunks=156800 bytes=321126400 progress=32.11% BPC=0.7460 rate=9.33% top100=96.51%
chunks=156850 bytes=321228800 progress=32.12% BPC=0.7460 rate=9.33% top100=96.51%
chunks=156900 bytes=321331200 progress=32.13% BPC=0.7460 rate=9.33% top100=96.51%
chunks=156950 bytes=321433600 progress=32.14% BPC=0.7460 rate=9.33% top100=96.51%
chunks=157000 bytes=321536000 progress=32.15% BPC=0.7460 rate=9.33% top100=96.51%
chunks=157050 bytes=321638400 progress=32.16% BPC=0.7460 rate=9.32% top100=96.51%
chunks=157100 bytes=321740800 progress=32.17% BPC=0.7459 rate=9.32% top100=96.51%
chunks=157150 bytes=321843200 progress=32.18% BPC=0.7459 rate=9.32% top100=96.51%
chunks=157200 bytes=321945600 progress=32.19% BPC=0.7459 rate=9.32% top100=96.51%
chunks=157250 bytes=322048000 progress=32.20% BPC=0.7458 rate=9.32% top100=96.51%
chunks=157300 bytes=322150400 progress=32.22% BPC=0.7458 rate=9.32% top100=96.51%
chunks=157350 bytes=322252800 progress=32.23% BPC=0.7457 rate=9.32% top100=96.51%
chunks=157400 bytes=322355200 progress=32.24% BPC=0.7458 rate=9.32% top100=96.51%
chunks=157450 bytes=322457600 progress=32.25% BPC=0.7457 rate=9.32% top100=96.51%
chunks=157500 bytes=322560000 progress=32.26% BPC=0.7457 rate=9.32% top100=96.51%
chunks=157550 bytes=322662400 progress=32.27% BPC=0.7457 rate=9.32% top100=96.51%
chunks=157600 bytes=322764800 progress=32.28% BPC=0.7457 rate=9.32% top100=96.51%
chunks=157650 bytes=322867200 progress=32.29% BPC=0.7457 rate=9.32% top100=96.51%
chunks=157700 bytes=322969600 progress=32.30% BPC=0.7457 rate=9.32% top100=96.51%
chunks=157750 bytes=323072000 progress=32.31% BPC=0.7457 rate=9.32% top100=96.51%
chunks=157800 bytes=323174400 progress=32.32% BPC=0.7457 rate=9.32% top100=96.51%
chunks=157850 bytes=323276800 progress=32.33% BPC=0.7457 rate=9.32% top100=96.51%
chunks=157900 bytes=323379200 progress=32.34% BPC=0.7457 rate=9.32% top100=96.51%
chunks=157950 bytes=323481600 progress=32.35% BPC=0.7457 rate=9.32% top100=96.51%
chunks=158000 bytes=323584000 progress=32.36% BPC=0.7457 rate=9.32% top100=96.51%
chunks=158050 bytes=323686400 progress=32.37% BPC=0.7457 rate=9.32% top100=96.51%
chunks=158100 bytes=323788800 progress=32.38% BPC=0.7457 rate=9.32% top100=96.51%
chunks=158150 bytes=323891200 progress=32.39% BPC=0.7457 rate=9.32% top100=96.51%
chunks=158200 bytes=323993600 progress=32.40% BPC=0.7457 rate=9.32% top100=96.51%
chunks=158250 bytes=324096000 progress=32.41% BPC=0.7457 rate=9.32% top100=96.51%
chunks=158300 bytes=324198400 progress=32.42% BPC=0.7456 rate=9.32% top100=96.51%
chunks=158350 bytes=324300800 progress=32.43% BPC=0.7456 rate=9.32% top100=96.51%
chunks=158400 bytes=324403200 progress=32.44% BPC=0.7456 rate=9.32% top100=96.51%
chunks=158450 bytes=324505600 progress=32.45% BPC=0.7456 rate=9.32% top100=96.51%
chunks=158500 bytes=324608000 progress=32.46% BPC=0.7456 rate=9.32% top100=96.51%
chunks=158550 bytes=324710400 progress=32.47% BPC=0.7456 rate=9.32% top100=96.51%
chunks=158600 bytes=324812800 progress=32.48% BPC=0.7456 rate=9.32% top100=96.51%
chunks=158650 bytes=324915200 progress=32.49% BPC=0.7456 rate=9.32% top100=96.51%
chunks=158700 bytes=325017600 progress=32.50% BPC=0.7456 rate=9.32% top100=96.51%
chunks=158750 bytes=325120000 progress=32.51% BPC=0.7456 rate=9.32% top100=96.51%
chunks=158800 bytes=325222400 progress=32.52% BPC=0.7456 rate=9.32% top100=96.51%
chunks=158850 bytes=325324800 progress=32.53% BPC=0.7456 rate=9.32% top100=96.51%
chunks=158900 bytes=325427200 progress=32.54% BPC=0.7456 rate=9.32% top100=96.51%
chunks=158950 bytes=325529600 progress=32.55% BPC=0.7457 rate=9.32% top100=96.51%
chunks=159000 bytes=325632000 progress=32.56% BPC=0.7457 rate=9.32% top100=96.51%
chunks=159050 bytes=325734400 progress=32.57% BPC=0.7456 rate=9.32% top100=96.51%
chunks=159100 bytes=325836800 progress=32.58% BPC=0.7456 rate=9.32% top100=96.51%
chunks=159150 bytes=325939200 progress=32.59% BPC=0.7457 rate=9.32% top100=96.51%
chunks=159200 bytes=326041600 progress=32.60% BPC=0.7457 rate=9.32% top100=96.51%
chunks=159250 bytes=326144000 progress=32.61% BPC=0.7457 rate=9.32% top100=96.51%
chunks=159300 bytes=326246400 progress=32.62% BPC=0.7457 rate=9.32% top100=96.51%
chunks=159350 bytes=326348800 progress=32.63% BPC=0.7457 rate=9.32% top100=96.51%
chunks=159400 bytes=326451200 progress=32.65% BPC=0.7457 rate=9.32% top100=96.51%
chunks=159450 bytes=326553600 progress=32.66% BPC=0.7457 rate=9.32% top100=96.51%
chunks=159500 bytes=326656000 progress=32.67% BPC=0.7456 rate=9.32% top100=96.51%
chunks=159550 bytes=326758400 progress=32.68% BPC=0.7456 rate=9.32% top100=96.51%
chunks=159600 bytes=326860800 progress=32.69% BPC=0.7456 rate=9.32% top100=96.51%
chunks=159650 bytes=326963200 progress=32.70% BPC=0.7456 rate=9.32% top100=96.51%
chunks=159700 bytes=327065600 progress=32.71% BPC=0.7456 rate=9.32% top100=96.51%
chunks=159750 bytes=327168000 progress=32.72% BPC=0.7456 rate=9.32% top100=96.51%
chunks=159800 bytes=327270400 progress=32.73% BPC=0.7456 rate=9.32% top100=96.51%
chunks=159850 bytes=327372800 progress=32.74% BPC=0.7456 rate=9.32% top100=96.51%
chunks=159900 bytes=327475200 progress=32.75% BPC=0.7456 rate=9.32% top100=96.51%
chunks=159950 bytes=327577600 progress=32.76% BPC=0.7456 rate=9.32% top100=96.51%
chunks=160000 bytes=327680000 progress=32.77% BPC=0.7456 rate=9.32% top100=96.51%
chunks=160050 bytes=327782400 progress=32.78% BPC=0.7456 rate=9.32% top100=96.51%
chunks=160100 bytes=327884800 progress=32.79% BPC=0.7456 rate=9.32% top100=96.51%
chunks=160150 bytes=327987200 progress=32.80% BPC=0.7457 rate=9.32% top100=96.51%
chunks=160200 bytes=328089600 progress=32.81% BPC=0.7456 rate=9.32% top100=96.51%
chunks=160250 bytes=328192000 progress=32.82% BPC=0.7456 rate=9.32% top100=96.51%
chunks=160300 bytes=328294400 progress=32.83% BPC=0.7456 rate=9.32% top100=96.51%
chunks=160350 bytes=328396800 progress=32.84% BPC=0.7456 rate=9.32% top100=96.51%
chunks=160400 bytes=328499200 progress=32.85% BPC=0.7456 rate=9.32% top100=96.51%
chunks=160450 bytes=328601600 progress=32.86% BPC=0.7456 rate=9.32% top100=96.51%
chunks=160500 bytes=328704000 progress=32.87% BPC=0.7456 rate=9.32% top100=96.51%
chunks=160550 bytes=328806400 progress=32.88% BPC=0.7456 rate=9.32% top100=96.51%
chunks=160600 bytes=328908800 progress=32.89% BPC=0.7456 rate=9.32% top100=96.51%
chunks=160650 bytes=329011200 progress=32.90% BPC=0.7456 rate=9.32% top100=96.51%
chunks=160700 bytes=329113600 progress=32.91% BPC=0.7457 rate=9.32% top100=96.51%
chunks=160750 bytes=329216000 progress=32.92% BPC=0.7456 rate=9.32% top100=96.51%
chunks=160800 bytes=329318400 progress=32.93% BPC=0.7456 rate=9.32% top100=96.51%
chunks=160850 bytes=329420800 progress=32.94% BPC=0.7456 rate=9.32% top100=96.51%
chunks=160900 bytes=329523200 progress=32.95% BPC=0.7456 rate=9.32% top100=96.51%
chunks=160950 bytes=329625600 progress=32.96% BPC=0.7455 rate=9.32% top100=96.51%
chunks=161000 bytes=329728000 progress=32.97% BPC=0.7455 rate=9.32% top100=96.51%
chunks=161050 bytes=329830400 progress=32.98% BPC=0.7455 rate=9.32% top100=96.51%
chunks=161100 bytes=329932800 progress=32.99% BPC=0.7455 rate=9.32% top100=96.51%
chunks=161150 bytes=330035200 progress=33.00% BPC=0.7455 rate=9.32% top100=96.51%
chunks=161200 bytes=330137600 progress=33.01% BPC=0.7456 rate=9.32% top100=96.51%
chunks=161250 bytes=330240000 progress=33.02% BPC=0.7456 rate=9.32% top100=96.51%
chunks=161300 bytes=330342400 progress=33.03% BPC=0.7456 rate=9.32% top100=96.51%
chunks=161350 bytes=330444800 progress=33.04% BPC=0.7456 rate=9.32% top100=96.51%
chunks=161400 bytes=330547200 progress=33.05% BPC=0.7456 rate=9.32% top100=96.51%
chunks=161450 bytes=330649600 progress=33.06% BPC=0.7456 rate=9.32% top100=96.51%
chunks=161500 bytes=330752000 progress=33.08% BPC=0.7456 rate=9.32% top100=96.51%
chunks=161550 bytes=330854400 progress=33.09% BPC=0.7456 rate=9.32% top100=96.51%
chunks=161600 bytes=330956800 progress=33.10% BPC=0.7456 rate=9.32% top100=96.51%
chunks=161650 bytes=331059200 progress=33.11% BPC=0.7457 rate=9.32% top100=96.51%
chunks=161700 bytes=331161600 progress=33.12% BPC=0.7457 rate=9.32% top100=96.51%
chunks=161750 bytes=331264000 progress=33.13% BPC=0.7456 rate=9.32% top100=96.51%
chunks=161800 bytes=331366400 progress=33.14% BPC=0.7456 rate=9.32% top100=96.51%
chunks=161850 bytes=331468800 progress=33.15% BPC=0.7456 rate=9.32% top100=96.51%
chunks=161900 bytes=331571200 progress=33.16% BPC=0.7456 rate=9.32% top100=96.51%
chunks=161950 bytes=331673600 progress=33.17% BPC=0.7456 rate=9.32% top100=96.51%
chunks=162000 bytes=331776000 progress=33.18% BPC=0.7456 rate=9.32% top100=96.51%
chunks=162050 bytes=331878400 progress=33.19% BPC=0.7456 rate=9.32% top100=96.51%
chunks=162100 bytes=331980800 progress=33.20% BPC=0.7456 rate=9.32% top100=96.51%
chunks=162150 bytes=332083200 progress=33.21% BPC=0.7456 rate=9.32% top100=96.51%
chunks=162200 bytes=332185600 progress=33.22% BPC=0.7456 rate=9.32% top100=96.51%
chunks=162250 bytes=332288000 progress=33.23% BPC=0.7456 rate=9.32% top100=96.51%
chunks=162300 bytes=332390400 progress=33.24% BPC=0.7456 rate=9.32% top100=96.51%
chunks=162350 bytes=332492800 progress=33.25% BPC=0.7456 rate=9.32% top100=96.51%
chunks=162400 bytes=332595200 progress=33.26% BPC=0.7456 rate=9.32% top100=96.51%
chunks=162450 bytes=332697600 progress=33.27% BPC=0.7456 rate=9.32% top100=96.51%
chunks=162500 bytes=332800000 progress=33.28% BPC=0.7456 rate=9.32% top100=96.51%
chunks=162550 bytes=332902400 progress=33.29% BPC=0.7456 rate=9.32% top100=96.51%
chunks=162600 bytes=333004800 progress=33.30% BPC=0.7456 rate=9.32% top100=96.51%
chunks=162650 bytes=333107200 progress=33.31% BPC=0.7455 rate=9.32% top100=96.51%
chunks=162700 bytes=333209600 progress=33.32% BPC=0.7455 rate=9.32% top100=96.51%
chunks=162750 bytes=333312000 progress=33.33% BPC=0.7455 rate=9.32% top100=96.51%
chunks=162800 bytes=333414400 progress=33.34% BPC=0.7455 rate=9.32% top100=96.51%
chunks=162850 bytes=333516800 progress=33.35% BPC=0.7455 rate=9.32% top100=96.51%
chunks=162900 bytes=333619200 progress=33.36% BPC=0.7455 rate=9.32% top100=96.51%
chunks=162950 bytes=333721600 progress=33.37% BPC=0.7455 rate=9.32% top100=96.51%
chunks=163000 bytes=333824000 progress=33.38% BPC=0.7455 rate=9.32% top100=96.51%
chunks=163050 bytes=333926400 progress=33.39% BPC=0.7455 rate=9.32% top100=96.52%
chunks=163100 bytes=334028800 progress=33.40% BPC=0.7454 rate=9.32% top100=96.52%
chunks=163150 bytes=334131200 progress=33.41% BPC=0.7454 rate=9.32% top100=96.52%
chunks=163200 bytes=334233600 progress=33.42% BPC=0.7454 rate=9.32% top100=96.52%
chunks=163250 bytes=334336000 progress=33.43% BPC=0.7454 rate=9.32% top100=96.52%
chunks=163300 bytes=334438400 progress=33.44% BPC=0.7454 rate=9.32% top100=96.52%
chunks=163350 bytes=334540800 progress=33.45% BPC=0.7454 rate=9.32% top100=96.52%
chunks=163400 bytes=334643200 progress=33.46% BPC=0.7454 rate=9.32% top100=96.52%
chunks=163450 bytes=334745600 progress=33.47% BPC=0.7454 rate=9.32% top100=96.52%
chunks=163500 bytes=334848000 progress=33.48% BPC=0.7454 rate=9.32% top100=96.52%
chunks=163550 bytes=334950400 progress=33.50% BPC=0.7454 rate=9.32% top100=96.52%
chunks=163600 bytes=335052800 progress=33.51% BPC=0.7454 rate=9.32% top100=96.52%
chunks=163650 bytes=335155200 progress=33.52% BPC=0.7454 rate=9.32% top100=96.52%
chunks=163700 bytes=335257600 progress=33.53% BPC=0.7454 rate=9.32% top100=96.52%
chunks=163750 bytes=335360000 progress=33.54% BPC=0.7454 rate=9.32% top100=96.52%
chunks=163800 bytes=335462400 progress=33.55% BPC=0.7454 rate=9.32% top100=96.52%
chunks=163850 bytes=335564800 progress=33.56% BPC=0.7454 rate=9.32% top100=96.52%
chunks=163900 bytes=335667200 progress=33.57% BPC=0.7454 rate=9.32% top100=96.52%
chunks=163950 bytes=335769600 progress=33.58% BPC=0.7454 rate=9.32% top100=96.52%
chunks=164000 bytes=335872000 progress=33.59% BPC=0.7454 rate=9.32% top100=96.52%
chunks=164050 bytes=335974400 progress=33.60% BPC=0.7454 rate=9.32% top100=96.52%
chunks=164100 bytes=336076800 progress=33.61% BPC=0.7454 rate=9.32% top100=96.52%
chunks=164150 bytes=336179200 progress=33.62% BPC=0.7454 rate=9.32% top100=96.52%
chunks=164200 bytes=336281600 progress=33.63% BPC=0.7454 rate=9.32% top100=96.52%
chunks=164250 bytes=336384000 progress=33.64% BPC=0.7454 rate=9.32% top100=96.52%
chunks=164300 bytes=336486400 progress=33.65% BPC=0.7454 rate=9.32% top100=96.52%
chunks=164350 bytes=336588800 progress=33.66% BPC=0.7454 rate=9.32% top100=96.52%
chunks=164400 bytes=336691200 progress=33.67% BPC=0.7454 rate=9.32% top100=96.52%
chunks=164450 bytes=336793600 progress=33.68% BPC=0.7454 rate=9.32% top100=96.52%
chunks=164500 bytes=336896000 progress=33.69% BPC=0.7454 rate=9.32% top100=96.52%
chunks=164550 bytes=336998400 progress=33.70% BPC=0.7454 rate=9.32% top100=96.52%
chunks=164600 bytes=337100800 progress=33.71% BPC=0.7454 rate=9.32% top100=96.52%
chunks=164650 bytes=337203200 progress=33.72% BPC=0.7454 rate=9.32% top100=96.52%
chunks=164700 bytes=337305600 progress=33.73% BPC=0.7454 rate=9.32% top100=96.52%
chunks=164750 bytes=337408000 progress=33.74% BPC=0.7454 rate=9.32% top100=96.52%
chunks=164800 bytes=337510400 progress=33.75% BPC=0.7454 rate=9.32% top100=96.52%
chunks=164850 bytes=337612800 progress=33.76% BPC=0.7454 rate=9.32% top100=96.52%
chunks=164900 bytes=337715200 progress=33.77% BPC=0.7454 rate=9.32% top100=96.52%
chunks=164950 bytes=337817600 progress=33.78% BPC=0.7454 rate=9.32% top100=96.52%
chunks=165000 bytes=337920000 progress=33.79% BPC=0.7454 rate=9.32% top100=96.52%
chunks=165050 bytes=338022400 progress=33.80% BPC=0.7454 rate=9.32% top100=96.52%
chunks=165100 bytes=338124800 progress=33.81% BPC=0.7454 rate=9.32% top100=96.52%
chunks=165150 bytes=338227200 progress=33.82% BPC=0.7454 rate=9.32% top100=96.52%
chunks=165200 bytes=338329600 progress=33.83% BPC=0.7454 rate=9.32% top100=96.52%
chunks=165250 bytes=338432000 progress=33.84% BPC=0.7454 rate=9.32% top100=96.52%
chunks=165300 bytes=338534400 progress=33.85% BPC=0.7454 rate=9.32% top100=96.52%
chunks=165350 bytes=338636800 progress=33.86% BPC=0.7454 rate=9.32% top100=96.52%
chunks=165400 bytes=338739200 progress=33.87% BPC=0.7454 rate=9.32% top100=96.52%
chunks=165450 bytes=338841600 progress=33.88% BPC=0.7454 rate=9.32% top100=96.52%
chunks=165500 bytes=338944000 progress=33.89% BPC=0.7454 rate=9.32% top100=96.52%
chunks=165550 bytes=339046400 progress=33.90% BPC=0.7454 rate=9.32% top100=96.52%
chunks=165600 bytes=339148800 progress=33.91% BPC=0.7454 rate=9.32% top100=96.52%
chunks=165650 bytes=339251200 progress=33.93% BPC=0.7454 rate=9.32% top100=96.52%
chunks=165700 bytes=339353600 progress=33.94% BPC=0.7454 rate=9.32% top100=96.52%
chunks=165750 bytes=339456000 progress=33.95% BPC=0.7454 rate=9.32% top100=96.52%
chunks=165800 bytes=339558400 progress=33.96% BPC=0.7454 rate=9.32% top100=96.52%
chunks=165850 bytes=339660800 progress=33.97% BPC=0.7454 rate=9.32% top100=96.52%
chunks=165900 bytes=339763200 progress=33.98% BPC=0.7454 rate=9.32% top100=96.52%
chunks=165950 bytes=339865600 progress=33.99% BPC=0.7453 rate=9.32% top100=96.52%
chunks=166000 bytes=339968000 progress=34.00% BPC=0.7453 rate=9.32% top100=96.52%
chunks=166050 bytes=340070400 progress=34.01% BPC=0.7452 rate=9.32% top100=96.52%
chunks=166100 bytes=340172800 progress=34.02% BPC=0.7452 rate=9.32% top100=96.52%
chunks=166150 bytes=340275200 progress=34.03% BPC=0.7452 rate=9.32% top100=96.52%
chunks=166200 bytes=340377600 progress=34.04% BPC=0.7452 rate=9.32% top100=96.52%
chunks=166250 bytes=340480000 progress=34.05% BPC=0.7452 rate=9.32% top100=96.52%
chunks=166300 bytes=340582400 progress=34.06% BPC=0.7452 rate=9.31% top100=96.52%
chunks=166350 bytes=340684800 progress=34.07% BPC=0.7452 rate=9.31% top100=96.52%
chunks=166400 bytes=340787200 progress=34.08% BPC=0.7452 rate=9.31% top100=96.52%
chunks=166450 bytes=340889600 progress=34.09% BPC=0.7452 rate=9.31% top100=96.52%
chunks=166500 bytes=340992000 progress=34.10% BPC=0.7451 rate=9.31% top100=96.52%
chunks=166550 bytes=341094400 progress=34.11% BPC=0.7450 rate=9.31% top100=96.52%
chunks=166600 bytes=341196800 progress=34.12% BPC=0.7450 rate=9.31% top100=96.52%
chunks=166650 bytes=341299200 progress=34.13% BPC=0.7449 rate=9.31% top100=96.52%
chunks=166700 bytes=341401600 progress=34.14% BPC=0.7449 rate=9.31% top100=96.52%
chunks=166750 bytes=341504000 progress=34.15% BPC=0.7449 rate=9.31% top100=96.52%
chunks=166800 bytes=341606400 progress=34.16% BPC=0.7449 rate=9.31% top100=96.52%
chunks=166850 bytes=341708800 progress=34.17% BPC=0.7449 rate=9.31% top100=96.52%
chunks=166900 bytes=341811200 progress=34.18% BPC=0.7449 rate=9.31% top100=96.52%
chunks=166950 bytes=341913600 progress=34.19% BPC=0.7449 rate=9.31% top100=96.52%
chunks=167000 bytes=342016000 progress=34.20% BPC=0.7449 rate=9.31% top100=96.52%
chunks=167050 bytes=342118400 progress=34.21% BPC=0.7449 rate=9.31% top100=96.52%
chunks=167100 bytes=342220800 progress=34.22% BPC=0.7449 rate=9.31% top100=96.52%
chunks=167150 bytes=342323200 progress=34.23% BPC=0.7448 rate=9.31% top100=96.52%
chunks=167200 bytes=342425600 progress=34.24% BPC=0.7448 rate=9.31% top100=96.52%
chunks=167250 bytes=342528000 progress=34.25% BPC=0.7449 rate=9.31% top100=96.52%
chunks=167300 bytes=342630400 progress=34.26% BPC=0.7449 rate=9.31% top100=96.52%
chunks=167350 bytes=342732800 progress=34.27% BPC=0.7449 rate=9.31% top100=96.52%
chunks=167400 bytes=342835200 progress=34.28% BPC=0.7449 rate=9.31% top100=96.52%
chunks=167450 bytes=342937600 progress=34.29% BPC=0.7449 rate=9.31% top100=96.52%
chunks=167500 bytes=343040000 progress=34.30% BPC=0.7449 rate=9.31% top100=96.52%
chunks=167550 bytes=343142400 progress=34.31% BPC=0.7449 rate=9.31% top100=96.52%
chunks=167600 bytes=343244800 progress=34.32% BPC=0.7449 rate=9.31% top100=96.52%
chunks=167650 bytes=343347200 progress=34.33% BPC=0.7449 rate=9.31% top100=96.52%
chunks=167700 bytes=343449600 progress=34.34% BPC=0.7449 rate=9.31% top100=96.52%
chunks=167750 bytes=343552000 progress=34.36% BPC=0.7449 rate=9.31% top100=96.52%
chunks=167800 bytes=343654400 progress=34.37% BPC=0.7449 rate=9.31% top100=96.52%
chunks=167850 bytes=343756800 progress=34.38% BPC=0.7450 rate=9.31% top100=96.52%
chunks=167900 bytes=343859200 progress=34.39% BPC=0.7450 rate=9.31% top100=96.52%
chunks=167950 bytes=343961600 progress=34.40% BPC=0.7450 rate=9.31% top100=96.52%
chunks=168000 bytes=344064000 progress=34.41% BPC=0.7450 rate=9.31% top100=96.52%
chunks=168050 bytes=344166400 progress=34.42% BPC=0.7450 rate=9.31% top100=96.52%
chunks=168100 bytes=344268800 progress=34.43% BPC=0.7450 rate=9.31% top100=96.52%
chunks=168150 bytes=344371200 progress=34.44% BPC=0.7450 rate=9.31% top100=96.52%
chunks=168200 bytes=344473600 progress=34.45% BPC=0.7450 rate=9.31% top100=96.52%
chunks=168250 bytes=344576000 progress=34.46% BPC=0.7450 rate=9.31% top100=96.52%
chunks=168300 bytes=344678400 progress=34.47% BPC=0.7450 rate=9.31% top100=96.52%
chunks=168350 bytes=344780800 progress=34.48% BPC=0.7450 rate=9.31% top100=96.52%
chunks=168400 bytes=344883200 progress=34.49% BPC=0.7450 rate=9.31% top100=96.52%
chunks=168450 bytes=344985600 progress=34.50% BPC=0.7450 rate=9.31% top100=96.52%
chunks=168500 bytes=345088000 progress=34.51% BPC=0.7450 rate=9.31% top100=96.52%
chunks=168550 bytes=345190400 progress=34.52% BPC=0.7450 rate=9.31% top100=96.52%
chunks=168600 bytes=345292800 progress=34.53% BPC=0.7450 rate=9.31% top100=96.52%
chunks=168650 bytes=345395200 progress=34.54% BPC=0.7449 rate=9.31% top100=96.52%
chunks=168700 bytes=345497600 progress=34.55% BPC=0.7449 rate=9.31% top100=96.52%
chunks=168750 bytes=345600000 progress=34.56% BPC=0.7448 rate=9.31% top100=96.52%
chunks=168800 bytes=345702400 progress=34.57% BPC=0.7448 rate=9.31% top100=96.52%
chunks=168850 bytes=345804800 progress=34.58% BPC=0.7448 rate=9.31% top100=96.52%
chunks=168900 bytes=345907200 progress=34.59% BPC=0.7448 rate=9.31% top100=96.52%
chunks=168950 bytes=346009600 progress=34.60% BPC=0.7448 rate=9.31% top100=96.52%
chunks=169000 bytes=346112000 progress=34.61% BPC=0.7448 rate=9.31% top100=96.52%
chunks=169050 bytes=346214400 progress=34.62% BPC=0.7448 rate=9.31% top100=96.52%
chunks=169100 bytes=346316800 progress=34.63% BPC=0.7448 rate=9.31% top100=96.52%
chunks=169150 bytes=346419200 progress=34.64% BPC=0.7448 rate=9.31% top100=96.52%
chunks=169200 bytes=346521600 progress=34.65% BPC=0.7448 rate=9.31% top100=96.52%
chunks=169250 bytes=346624000 progress=34.66% BPC=0.7448 rate=9.31% top100=96.52%
chunks=169300 bytes=346726400 progress=34.67% BPC=0.7448 rate=9.31% top100=96.52%
chunks=169350 bytes=346828800 progress=34.68% BPC=0.7448 rate=9.31% top100=96.52%
chunks=169400 bytes=346931200 progress=34.69% BPC=0.7448 rate=9.31% top100=96.52%
chunks=169450 bytes=347033600 progress=34.70% BPC=0.7448 rate=9.31% top100=96.52%
chunks=169500 bytes=347136000 progress=34.71% BPC=0.7448 rate=9.31% top100=96.52%
chunks=169550 bytes=347238400 progress=34.72% BPC=0.7448 rate=9.31% top100=96.52%
chunks=169600 bytes=347340800 progress=34.73% BPC=0.7448 rate=9.31% top100=96.52%
chunks=169650 bytes=347443200 progress=34.74% BPC=0.7448 rate=9.31% top100=96.52%
chunks=169700 bytes=347545600 progress=34.75% BPC=0.7448 rate=9.31% top100=96.52%
chunks=169750 bytes=347648000 progress=34.76% BPC=0.7448 rate=9.31% top100=96.52%
chunks=169800 bytes=347750400 progress=34.78% BPC=0.7448 rate=9.31% top100=96.52%
chunks=169850 bytes=347852800 progress=34.79% BPC=0.7448 rate=9.31% top100=96.52%
chunks=169900 bytes=347955200 progress=34.80% BPC=0.7448 rate=9.31% top100=96.52%
chunks=169950 bytes=348057600 progress=34.81% BPC=0.7448 rate=9.31% top100=96.52%
chunks=170000 bytes=348160000 progress=34.82% BPC=0.7448 rate=9.31% top100=96.52%
chunks=170050 bytes=348262400 progress=34.83% BPC=0.7448 rate=9.31% top100=96.52%
chunks=170100 bytes=348364800 progress=34.84% BPC=0.7448 rate=9.31% top100=96.52%
chunks=170150 bytes=348467200 progress=34.85% BPC=0.7448 rate=9.31% top100=96.52%
chunks=170200 bytes=348569600 progress=34.86% BPC=0.7448 rate=9.31% top100=96.52%
chunks=170250 bytes=348672000 progress=34.87% BPC=0.7449 rate=9.31% top100=96.52%
chunks=170300 bytes=348774400 progress=34.88% BPC=0.7448 rate=9.31% top100=96.52%
chunks=170350 bytes=348876800 progress=34.89% BPC=0.7448 rate=9.31% top100=96.52%
chunks=170400 bytes=348979200 progress=34.90% BPC=0.7449 rate=9.31% top100=96.52%
chunks=170450 bytes=349081600 progress=34.91% BPC=0.7449 rate=9.31% top100=96.52%
chunks=170500 bytes=349184000 progress=34.92% BPC=0.7449 rate=9.31% top100=96.52%
chunks=170550 bytes=349286400 progress=34.93% BPC=0.7449 rate=9.31% top100=96.52%
chunks=170600 bytes=349388800 progress=34.94% BPC=0.7449 rate=9.31% top100=96.52%
chunks=170650 bytes=349491200 progress=34.95% BPC=0.7449 rate=9.31% top100=96.52%
chunks=170700 bytes=349593600 progress=34.96% BPC=0.7449 rate=9.31% top100=96.52%
chunks=170750 bytes=349696000 progress=34.97% BPC=0.7449 rate=9.31% top100=96.52%
chunks=170800 bytes=349798400 progress=34.98% BPC=0.7449 rate=9.31% top100=96.52%
chunks=170850 bytes=349900800 progress=34.99% BPC=0.7449 rate=9.31% top100=96.52%
chunks=170900 bytes=350003200 progress=35.00% BPC=0.7449 rate=9.31% top100=96.52%
chunks=170950 bytes=350105600 progress=35.01% BPC=0.7449 rate=9.31% top100=96.52%
chunks=171000 bytes=350208000 progress=35.02% BPC=0.7449 rate=9.31% top100=96.52%
chunks=171050 bytes=350310400 progress=35.03% BPC=0.7449 rate=9.31% top100=96.52%
chunks=171100 bytes=350412800 progress=35.04% BPC=0.7449 rate=9.31% top100=96.52%
chunks=171150 bytes=350515200 progress=35.05% BPC=0.7449 rate=9.31% top100=96.52%
chunks=171200 bytes=350617600 progress=35.06% BPC=0.7449 rate=9.31% top100=96.52%
chunks=171250 bytes=350720000 progress=35.07% BPC=0.7449 rate=9.31% top100=96.52%
chunks=171300 bytes=350822400 progress=35.08% BPC=0.7449 rate=9.31% top100=96.52%
chunks=171350 bytes=350924800 progress=35.09% BPC=0.7449 rate=9.31% top100=96.52%
chunks=171400 bytes=351027200 progress=35.10% BPC=0.7449 rate=9.31% top100=96.52%
chunks=171450 bytes=351129600 progress=35.11% BPC=0.7449 rate=9.31% top100=96.52%
chunks=171500 bytes=351232000 progress=35.12% BPC=0.7449 rate=9.31% top100=96.52%
chunks=171550 bytes=351334400 progress=35.13% BPC=0.7449 rate=9.31% top100=96.52%
chunks=171600 bytes=351436800 progress=35.14% BPC=0.7449 rate=9.31% top100=96.52%
chunks=171650 bytes=351539200 progress=35.15% BPC=0.7450 rate=9.31% top100=96.52%
chunks=171700 bytes=351641600 progress=35.16% BPC=0.7450 rate=9.31% top100=96.52%
chunks=171750 bytes=351744000 progress=35.17% BPC=0.7450 rate=9.31% top100=96.52%
chunks=171800 bytes=351846400 progress=35.18% BPC=0.7450 rate=9.31% top100=96.52%
chunks=171850 bytes=351948800 progress=35.19% BPC=0.7450 rate=9.31% top100=96.52%
chunks=171900 bytes=352051200 progress=35.21% BPC=0.7450 rate=9.31% top100=96.52%
chunks=171950 bytes=352153600 progress=35.22% BPC=0.7450 rate=9.31% top100=96.52%
chunks=172000 bytes=352256000 progress=35.23% BPC=0.7450 rate=9.31% top100=96.52%
chunks=172050 bytes=352358400 progress=35.24% BPC=0.7450 rate=9.31% top100=96.52%
chunks=172100 bytes=352460800 progress=35.25% BPC=0.7450 rate=9.31% top100=96.52%
chunks=172150 bytes=352563200 progress=35.26% BPC=0.7450 rate=9.31% top100=96.52%
chunks=172200 bytes=352665600 progress=35.27% BPC=0.7450 rate=9.31% top100=96.52%
chunks=172250 bytes=352768000 progress=35.28% BPC=0.7450 rate=9.31% top100=96.52%
chunks=172300 bytes=352870400 progress=35.29% BPC=0.7451 rate=9.31% top100=96.52%
chunks=172350 bytes=352972800 progress=35.30% BPC=0.7450 rate=9.31% top100=96.52%
chunks=172400 bytes=353075200 progress=35.31% BPC=0.7451 rate=9.31% top100=96.52%
chunks=172450 bytes=353177600 progress=35.32% BPC=0.7451 rate=9.31% top100=96.52%
chunks=172500 bytes=353280000 progress=35.33% BPC=0.7451 rate=9.31% top100=96.52%
chunks=172550 bytes=353382400 progress=35.34% BPC=0.7451 rate=9.31% top100=96.52%
chunks=172600 bytes=353484800 progress=35.35% BPC=0.7451 rate=9.31% top100=96.52%
chunks=172650 bytes=353587200 progress=35.36% BPC=0.7451 rate=9.31% top100=96.52%
chunks=172700 bytes=353689600 progress=35.37% BPC=0.7452 rate=9.31% top100=96.52%
chunks=172750 bytes=353792000 progress=35.38% BPC=0.7452 rate=9.31% top100=96.52%
chunks=172800 bytes=353894400 progress=35.39% BPC=0.7452 rate=9.31% top100=96.52%
chunks=172850 bytes=353996800 progress=35.40% BPC=0.7452 rate=9.31% top100=96.52%
chunks=172900 bytes=354099200 progress=35.41% BPC=0.7451 rate=9.31% top100=96.52%
chunks=172950 bytes=354201600 progress=35.42% BPC=0.7451 rate=9.31% top100=96.52%
chunks=173000 bytes=354304000 progress=35.43% BPC=0.7451 rate=9.31% top100=96.52%
chunks=173050 bytes=354406400 progress=35.44% BPC=0.7451 rate=9.31% top100=96.52%
chunks=173100 bytes=354508800 progress=35.45% BPC=0.7451 rate=9.31% top100=96.52%
chunks=173150 bytes=354611200 progress=35.46% BPC=0.7451 rate=9.31% top100=96.52%
chunks=173200 bytes=354713600 progress=35.47% BPC=0.7451 rate=9.31% top100=96.52%
chunks=173250 bytes=354816000 progress=35.48% BPC=0.7451 rate=9.31% top100=96.52%
chunks=173300 bytes=354918400 progress=35.49% BPC=0.7451 rate=9.31% top100=96.52%
chunks=173350 bytes=355020800 progress=35.50% BPC=0.7451 rate=9.31% top100=96.52%
chunks=173400 bytes=355123200 progress=35.51% BPC=0.7451 rate=9.31% top100=96.52%
chunks=173450 bytes=355225600 progress=35.52% BPC=0.7451 rate=9.31% top100=96.52%
chunks=173500 bytes=355328000 progress=35.53% BPC=0.7451 rate=9.31% top100=96.52%
chunks=173550 bytes=355430400 progress=35.54% BPC=0.7451 rate=9.31% top100=96.52%
chunks=173600 bytes=355532800 progress=35.55% BPC=0.7451 rate=9.31% top100=96.52%
chunks=173650 bytes=355635200 progress=35.56% BPC=0.7451 rate=9.31% top100=96.52%
chunks=173700 bytes=355737600 progress=35.57% BPC=0.7452 rate=9.31% top100=96.52%
chunks=173750 bytes=355840000 progress=35.58% BPC=0.7452 rate=9.31% top100=96.52%
chunks=173800 bytes=355942400 progress=35.59% BPC=0.7452 rate=9.31% top100=96.52%
chunks=173850 bytes=356044800 progress=35.60% BPC=0.7452 rate=9.31% top100=96.52%
chunks=173900 bytes=356147200 progress=35.61% BPC=0.7452 rate=9.31% top100=96.52%
chunks=173950 bytes=356249600 progress=35.62% BPC=0.7452 rate=9.31% top100=96.52%
chunks=174000 bytes=356352000 progress=35.64% BPC=0.7452 rate=9.31% top100=96.52%
chunks=174050 bytes=356454400 progress=35.65% BPC=0.7452 rate=9.32% top100=96.52%
chunks=174100 bytes=356556800 progress=35.66% BPC=0.7452 rate=9.32% top100=96.52%
chunks=174150 bytes=356659200 progress=35.67% BPC=0.7452 rate=9.31% top100=96.52%
chunks=174200 bytes=356761600 progress=35.68% BPC=0.7452 rate=9.31% top100=96.52%
chunks=174250 bytes=356864000 progress=35.69% BPC=0.7452 rate=9.31% top100=96.52%
chunks=174300 bytes=356966400 progress=35.70% BPC=0.7452 rate=9.31% top100=96.52%
chunks=174350 bytes=357068800 progress=35.71% BPC=0.7452 rate=9.32% top100=96.52%
chunks=174400 bytes=357171200 progress=35.72% BPC=0.7454 rate=9.32% top100=96.52%
chunks=174450 bytes=357273600 progress=35.73% BPC=0.7454 rate=9.32% top100=96.52%
chunks=174500 bytes=357376000 progress=35.74% BPC=0.7454 rate=9.32% top100=96.52%
chunks=174550 bytes=357478400 progress=35.75% BPC=0.7454 rate=9.32% top100=96.52%
chunks=174600 bytes=357580800 progress=35.76% BPC=0.7454 rate=9.32% top100=96.52%
chunks=174650 bytes=357683200 progress=35.77% BPC=0.7454 rate=9.32% top100=96.52%
chunks=174700 bytes=357785600 progress=35.78% BPC=0.7454 rate=9.32% top100=96.52%
chunks=174750 bytes=357888000 progress=35.79% BPC=0.7454 rate=9.32% top100=96.52%
chunks=174800 bytes=357990400 progress=35.80% BPC=0.7455 rate=9.32% top100=96.52%
chunks=174850 bytes=358092800 progress=35.81% BPC=0.7455 rate=9.32% top100=96.52%
chunks=174900 bytes=358195200 progress=35.82% BPC=0.7455 rate=9.32% top100=96.52%
chunks=174950 bytes=358297600 progress=35.83% BPC=0.7454 rate=9.32% top100=96.52%
chunks=175000 bytes=358400000 progress=35.84% BPC=0.7455 rate=9.32% top100=96.52%
chunks=175050 bytes=358502400 progress=35.85% BPC=0.7455 rate=9.32% top100=96.52%
chunks=175100 bytes=358604800 progress=35.86% BPC=0.7455 rate=9.32% top100=96.52%
chunks=175150 bytes=358707200 progress=35.87% BPC=0.7455 rate=9.32% top100=96.52%
chunks=175200 bytes=358809600 progress=35.88% BPC=0.7455 rate=9.32% top100=96.52%
chunks=175250 bytes=358912000 progress=35.89% BPC=0.7455 rate=9.32% top100=96.52%
chunks=175300 bytes=359014400 progress=35.90% BPC=0.7455 rate=9.32% top100=96.52%
chunks=175350 bytes=359116800 progress=35.91% BPC=0.7455 rate=9.32% top100=96.52%
chunks=175400 bytes=359219200 progress=35.92% BPC=0.7455 rate=9.32% top100=96.52%
chunks=175450 bytes=359321600 progress=35.93% BPC=0.7455 rate=9.32% top100=96.52%
chunks=175500 bytes=359424000 progress=35.94% BPC=0.7454 rate=9.32% top100=96.52%
chunks=175550 bytes=359526400 progress=35.95% BPC=0.7454 rate=9.32% top100=96.52%
chunks=175600 bytes=359628800 progress=35.96% BPC=0.7454 rate=9.32% top100=96.52%
chunks=175650 bytes=359731200 progress=35.97% BPC=0.7454 rate=9.32% top100=96.52%
chunks=175700 bytes=359833600 progress=35.98% BPC=0.7454 rate=9.32% top100=96.52%
chunks=175750 bytes=359936000 progress=35.99% BPC=0.7454 rate=9.32% top100=96.52%
chunks=175800 bytes=360038400 progress=36.00% BPC=0.7454 rate=9.32% top100=96.52%
chunks=175850 bytes=360140800 progress=36.01% BPC=0.7454 rate=9.32% top100=96.52%
chunks=175900 bytes=360243200 progress=36.02% BPC=0.7454 rate=9.32% top100=96.52%
chunks=175950 bytes=360345600 progress=36.03% BPC=0.7454 rate=9.32% top100=96.52%
chunks=176000 bytes=360448000 progress=36.04% BPC=0.7454 rate=9.32% top100=96.52%
chunks=176050 bytes=360550400 progress=36.06% BPC=0.7454 rate=9.32% top100=96.52%
chunks=176100 bytes=360652800 progress=36.07% BPC=0.7454 rate=9.32% top100=96.52%
chunks=176150 bytes=360755200 progress=36.08% BPC=0.7454 rate=9.32% top100=96.52%
chunks=176200 bytes=360857600 progress=36.09% BPC=0.7455 rate=9.32% top100=96.52%
chunks=176250 bytes=360960000 progress=36.10% BPC=0.7455 rate=9.32% top100=96.52%
chunks=176300 bytes=361062400 progress=36.11% BPC=0.7455 rate=9.32% top100=96.52%
chunks=176350 bytes=361164800 progress=36.12% BPC=0.7454 rate=9.32% top100=96.52%
chunks=176400 bytes=361267200 progress=36.13% BPC=0.7454 rate=9.32% top100=96.52%
chunks=176450 bytes=361369600 progress=36.14% BPC=0.7454 rate=9.32% top100=96.52%
chunks=176500 bytes=361472000 progress=36.15% BPC=0.7454 rate=9.32% top100=96.52%
chunks=176550 bytes=361574400 progress=36.16% BPC=0.7454 rate=9.32% top100=96.52%
chunks=176600 bytes=361676800 progress=36.17% BPC=0.7454 rate=9.32% top100=96.52%
chunks=176650 bytes=361779200 progress=36.18% BPC=0.7454 rate=9.32% top100=96.52%
chunks=176700 bytes=361881600 progress=36.19% BPC=0.7454 rate=9.32% top100=96.52%
chunks=176750 bytes=361984000 progress=36.20% BPC=0.7454 rate=9.32% top100=96.52%
chunks=176800 bytes=362086400 progress=36.21% BPC=0.7454 rate=9.32% top100=96.52%
chunks=176850 bytes=362188800 progress=36.22% BPC=0.7454 rate=9.32% top100=96.52%
chunks=176900 bytes=362291200 progress=36.23% BPC=0.7454 rate=9.32% top100=96.52%
chunks=176950 bytes=362393600 progress=36.24% BPC=0.7454 rate=9.32% top100=96.52%
chunks=177000 bytes=362496000 progress=36.25% BPC=0.7454 rate=9.32% top100=96.52%
chunks=177050 bytes=362598400 progress=36.26% BPC=0.7453 rate=9.32% top100=96.52%
chunks=177100 bytes=362700800 progress=36.27% BPC=0.7453 rate=9.32% top100=96.52%
chunks=177150 bytes=362803200 progress=36.28% BPC=0.7453 rate=9.32% top100=96.52%
chunks=177200 bytes=362905600 progress=36.29% BPC=0.7453 rate=9.32% top100=96.52%
chunks=177250 bytes=363008000 progress=36.30% BPC=0.7453 rate=9.32% top100=96.52%
chunks=177300 bytes=363110400 progress=36.31% BPC=0.7453 rate=9.32% top100=96.52%
chunks=177350 bytes=363212800 progress=36.32% BPC=0.7453 rate=9.32% top100=96.52%
chunks=177400 bytes=363315200 progress=36.33% BPC=0.7453 rate=9.32% top100=96.52%
chunks=177450 bytes=363417600 progress=36.34% BPC=0.7453 rate=9.32% top100=96.52%
chunks=177500 bytes=363520000 progress=36.35% BPC=0.7453 rate=9.32% top100=96.52%
chunks=177550 bytes=363622400 progress=36.36% BPC=0.7453 rate=9.32% top100=96.52%
chunks=177600 bytes=363724800 progress=36.37% BPC=0.7453 rate=9.32% top100=96.52%
chunks=177650 bytes=363827200 progress=36.38% BPC=0.7453 rate=9.32% top100=96.52%
chunks=177700 bytes=363929600 progress=36.39% BPC=0.7453 rate=9.32% top100=96.52%
chunks=177750 bytes=364032000 progress=36.40% BPC=0.7453 rate=9.32% top100=96.52%
chunks=177800 bytes=364134400 progress=36.41% BPC=0.7452 rate=9.32% top100=96.52%
chunks=177850 bytes=364236800 progress=36.42% BPC=0.7452 rate=9.32% top100=96.52%
chunks=177900 bytes=364339200 progress=36.43% BPC=0.7452 rate=9.32% top100=96.52%
chunks=177950 bytes=364441600 progress=36.44% BPC=0.7453 rate=9.32% top100=96.52%
chunks=178000 bytes=364544000 progress=36.45% BPC=0.7453 rate=9.32% top100=96.52%
chunks=178050 bytes=364646400 progress=36.46% BPC=0.7453 rate=9.32% top100=96.52%
chunks=178100 bytes=364748800 progress=36.47% BPC=0.7453 rate=9.32% top100=96.52%
chunks=178150 bytes=364851200 progress=36.49% BPC=0.7453 rate=9.32% top100=96.52%
chunks=178200 bytes=364953600 progress=36.50% BPC=0.7453 rate=9.32% top100=96.52%
chunks=178250 bytes=365056000 progress=36.51% BPC=0.7453 rate=9.32% top100=96.52%
chunks=178300 bytes=365158400 progress=36.52% BPC=0.7453 rate=9.32% top100=96.52%
chunks=178350 bytes=365260800 progress=36.53% BPC=0.7453 rate=9.32% top100=96.52%
chunks=178400 bytes=365363200 progress=36.54% BPC=0.7453 rate=9.32% top100=96.52%
chunks=178450 bytes=365465600 progress=36.55% BPC=0.7453 rate=9.32% top100=96.52%
chunks=178500 bytes=365568000 progress=36.56% BPC=0.7453 rate=9.32% top100=96.52%
chunks=178550 bytes=365670400 progress=36.57% BPC=0.7453 rate=9.32% top100=96.52%
chunks=178600 bytes=365772800 progress=36.58% BPC=0.7453 rate=9.32% top100=96.52%
chunks=178650 bytes=365875200 progress=36.59% BPC=0.7453 rate=9.32% top100=96.52%
chunks=178700 bytes=365977600 progress=36.60% BPC=0.7453 rate=9.32% top100=96.52%
chunks=178750 bytes=366080000 progress=36.61% BPC=0.7453 rate=9.32% top100=96.52%
chunks=178800 bytes=366182400 progress=36.62% BPC=0.7453 rate=9.32% top100=96.52%
chunks=178850 bytes=366284800 progress=36.63% BPC=0.7453 rate=9.32% top100=96.52%
chunks=178900 bytes=366387200 progress=36.64% BPC=0.7453 rate=9.32% top100=96.52%
chunks=178950 bytes=366489600 progress=36.65% BPC=0.7453 rate=9.32% top100=96.52%
chunks=179000 bytes=366592000 progress=36.66% BPC=0.7453 rate=9.32% top100=96.52%
chunks=179050 bytes=366694400 progress=36.67% BPC=0.7453 rate=9.32% top100=96.52%
chunks=179100 bytes=366796800 progress=36.68% BPC=0.7453 rate=9.32% top100=96.52%
chunks=179150 bytes=366899200 progress=36.69% BPC=0.7453 rate=9.32% top100=96.52%
chunks=179200 bytes=367001600 progress=36.70% BPC=0.7453 rate=9.32% top100=96.52%
chunks=179250 bytes=367104000 progress=36.71% BPC=0.7453 rate=9.32% top100=96.52%
chunks=179300 bytes=367206400 progress=36.72% BPC=0.7453 rate=9.32% top100=96.52%
chunks=179350 bytes=367308800 progress=36.73% BPC=0.7453 rate=9.32% top100=96.52%
chunks=179400 bytes=367411200 progress=36.74% BPC=0.7453 rate=9.32% top100=96.52%
chunks=179450 bytes=367513600 progress=36.75% BPC=0.7453 rate=9.32% top100=96.52%
chunks=179500 bytes=367616000 progress=36.76% BPC=0.7453 rate=9.32% top100=96.52%
chunks=179550 bytes=367718400 progress=36.77% BPC=0.7454 rate=9.32% top100=96.52%
chunks=179600 bytes=367820800 progress=36.78% BPC=0.7454 rate=9.32% top100=96.53%
chunks=179650 bytes=367923200 progress=36.79% BPC=0.7454 rate=9.32% top100=96.53%
chunks=179700 bytes=368025600 progress=36.80% BPC=0.7453 rate=9.32% top100=96.53%
chunks=179750 bytes=368128000 progress=36.81% BPC=0.7453 rate=9.32% top100=96.53%
chunks=179800 bytes=368230400 progress=36.82% BPC=0.7453 rate=9.32% top100=96.53%
chunks=179850 bytes=368332800 progress=36.83% BPC=0.7453 rate=9.32% top100=96.53%
chunks=179900 bytes=368435200 progress=36.84% BPC=0.7453 rate=9.32% top100=96.53%
chunks=179950 bytes=368537600 progress=36.85% BPC=0.7453 rate=9.32% top100=96.53%
chunks=180000 bytes=368640000 progress=36.86% BPC=0.7453 rate=9.32% top100=96.53%
chunks=180050 bytes=368742400 progress=36.87% BPC=0.7453 rate=9.32% top100=96.53%
chunks=180100 bytes=368844800 progress=36.88% BPC=0.7454 rate=9.32% top100=96.53%
chunks=180150 bytes=368947200 progress=36.89% BPC=0.7454 rate=9.32% top100=96.52%
chunks=180200 bytes=369049600 progress=36.90% BPC=0.7454 rate=9.32% top100=96.53%
chunks=180250 bytes=369152000 progress=36.92% BPC=0.7454 rate=9.32% top100=96.53%
chunks=180300 bytes=369254400 progress=36.93% BPC=0.7454 rate=9.32% top100=96.53%
chunks=180350 bytes=369356800 progress=36.94% BPC=0.7454 rate=9.32% top100=96.52%
chunks=180400 bytes=369459200 progress=36.95% BPC=0.7455 rate=9.32% top100=96.52%
chunks=180450 bytes=369561600 progress=36.96% BPC=0.7455 rate=9.32% top100=96.52%
chunks=180500 bytes=369664000 progress=36.97% BPC=0.7455 rate=9.32% top100=96.52%
chunks=180550 bytes=369766400 progress=36.98% BPC=0.7455 rate=9.32% top100=96.52%
chunks=180600 bytes=369868800 progress=36.99% BPC=0.7455 rate=9.32% top100=96.52%
chunks=180650 bytes=369971200 progress=37.00% BPC=0.7455 rate=9.32% top100=96.52%
chunks=180700 bytes=370073600 progress=37.01% BPC=0.7454 rate=9.32% top100=96.53%
chunks=180750 bytes=370176000 progress=37.02% BPC=0.7455 rate=9.32% top100=96.53%
chunks=180800 bytes=370278400 progress=37.03% BPC=0.7455 rate=9.32% top100=96.52%
chunks=180850 bytes=370380800 progress=37.04% BPC=0.7455 rate=9.32% top100=96.52%
chunks=180900 bytes=370483200 progress=37.05% BPC=0.7455 rate=9.32% top100=96.52%
chunks=180950 bytes=370585600 progress=37.06% BPC=0.7455 rate=9.32% top100=96.52%
chunks=181000 bytes=370688000 progress=37.07% BPC=0.7455 rate=9.32% top100=96.53%
chunks=181050 bytes=370790400 progress=37.08% BPC=0.7454 rate=9.32% top100=96.53%
chunks=181100 bytes=370892800 progress=37.09% BPC=0.7454 rate=9.32% top100=96.53%
chunks=181150 bytes=370995200 progress=37.10% BPC=0.7454 rate=9.32% top100=96.53%
chunks=181200 bytes=371097600 progress=37.11% BPC=0.7454 rate=9.32% top100=96.53%
chunks=181250 bytes=371200000 progress=37.12% BPC=0.7454 rate=9.32% top100=96.53%
chunks=181300 bytes=371302400 progress=37.13% BPC=0.7454 rate=9.32% top100=96.53%
chunks=181350 bytes=371404800 progress=37.14% BPC=0.7454 rate=9.32% top100=96.53%
chunks=181400 bytes=371507200 progress=37.15% BPC=0.7454 rate=9.32% top100=96.53%
chunks=181450 bytes=371609600 progress=37.16% BPC=0.7454 rate=9.32% top100=96.53%
chunks=181500 bytes=371712000 progress=37.17% BPC=0.7454 rate=9.32% top100=96.53%
chunks=181550 bytes=371814400 progress=37.18% BPC=0.7454 rate=9.32% top100=96.53%
chunks=181600 bytes=371916800 progress=37.19% BPC=0.7454 rate=9.32% top100=96.53%
chunks=181650 bytes=372019200 progress=37.20% BPC=0.7453 rate=9.32% top100=96.53%
chunks=181700 bytes=372121600 progress=37.21% BPC=0.7454 rate=9.32% top100=96.53%
chunks=181750 bytes=372224000 progress=37.22% BPC=0.7454 rate=9.32% top100=96.53%
chunks=181800 bytes=372326400 progress=37.23% BPC=0.7454 rate=9.32% top100=96.53%
chunks=181850 bytes=372428800 progress=37.24% BPC=0.7453 rate=9.32% top100=96.53%
chunks=181900 bytes=372531200 progress=37.25% BPC=0.7454 rate=9.32% top100=96.53%
chunks=181950 bytes=372633600 progress=37.26% BPC=0.7454 rate=9.32% top100=96.53%
chunks=182000 bytes=372736000 progress=37.27% BPC=0.7454 rate=9.32% top100=96.53%
chunks=182050 bytes=372838400 progress=37.28% BPC=0.7454 rate=9.32% top100=96.53%
chunks=182100 bytes=372940800 progress=37.29% BPC=0.7454 rate=9.32% top100=96.53%
chunks=182150 bytes=373043200 progress=37.30% BPC=0.7454 rate=9.32% top100=96.53%
chunks=182200 bytes=373145600 progress=37.31% BPC=0.7454 rate=9.32% top100=96.53%
chunks=182250 bytes=373248000 progress=37.32% BPC=0.7454 rate=9.32% top100=96.53%
chunks=182300 bytes=373350400 progress=37.34% BPC=0.7454 rate=9.32% top100=96.53%
chunks=182350 bytes=373452800 progress=37.35% BPC=0.7454 rate=9.32% top100=96.53%
chunks=182400 bytes=373555200 progress=37.36% BPC=0.7454 rate=9.32% top100=96.53%
chunks=182450 bytes=373657600 progress=37.37% BPC=0.7453 rate=9.32% top100=96.53%
chunks=182500 bytes=373760000 progress=37.38% BPC=0.7453 rate=9.32% top100=96.53%
chunks=182550 bytes=373862400 progress=37.39% BPC=0.7453 rate=9.32% top100=96.53%
chunks=182600 bytes=373964800 progress=37.40% BPC=0.7453 rate=9.32% top100=96.53%
chunks=182650 bytes=374067200 progress=37.41% BPC=0.7453 rate=9.32% top100=96.53%
chunks=182700 bytes=374169600 progress=37.42% BPC=0.7453 rate=9.32% top100=96.53%
chunks=182750 bytes=374272000 progress=37.43% BPC=0.7453 rate=9.32% top100=96.53%
chunks=182800 bytes=374374400 progress=37.44% BPC=0.7453 rate=9.32% top100=96.53%
chunks=182850 bytes=374476800 progress=37.45% BPC=0.7453 rate=9.32% top100=96.53%
chunks=182900 bytes=374579200 progress=37.46% BPC=0.7453 rate=9.32% top100=96.53%
chunks=182950 bytes=374681600 progress=37.47% BPC=0.7453 rate=9.32% top100=96.53%
chunks=183000 bytes=374784000 progress=37.48% BPC=0.7453 rate=9.32% top100=96.53%
chunks=183050 bytes=374886400 progress=37.49% BPC=0.7453 rate=9.32% top100=96.53%
chunks=183100 bytes=374988800 progress=37.50% BPC=0.7453 rate=9.32% top100=96.53%
chunks=183150 bytes=375091200 progress=37.51% BPC=0.7453 rate=9.32% top100=96.53%
chunks=183200 bytes=375193600 progress=37.52% BPC=0.7453 rate=9.32% top100=96.53%
chunks=183250 bytes=375296000 progress=37.53% BPC=0.7453 rate=9.32% top100=96.53%
chunks=183300 bytes=375398400 progress=37.54% BPC=0.7453 rate=9.32% top100=96.53%
chunks=183350 bytes=375500800 progress=37.55% BPC=0.7453 rate=9.32% top100=96.53%
chunks=183400 bytes=375603200 progress=37.56% BPC=0.7453 rate=9.32% top100=96.53%
chunks=183450 bytes=375705600 progress=37.57% BPC=0.7453 rate=9.32% top100=96.53%
chunks=183500 bytes=375808000 progress=37.58% BPC=0.7453 rate=9.32% top100=96.53%
chunks=183550 bytes=375910400 progress=37.59% BPC=0.7453 rate=9.32% top100=96.53%
chunks=183600 bytes=376012800 progress=37.60% BPC=0.7453 rate=9.32% top100=96.53%
chunks=183650 bytes=376115200 progress=37.61% BPC=0.7453 rate=9.32% top100=96.53%
chunks=183700 bytes=376217600 progress=37.62% BPC=0.7453 rate=9.32% top100=96.53%
chunks=183750 bytes=376320000 progress=37.63% BPC=0.7453 rate=9.32% top100=96.53%
chunks=183800 bytes=376422400 progress=37.64% BPC=0.7452 rate=9.32% top100=96.53%
chunks=183850 bytes=376524800 progress=37.65% BPC=0.7452 rate=9.32% top100=96.53%
chunks=183900 bytes=376627200 progress=37.66% BPC=0.7452 rate=9.32% top100=96.53%
chunks=183950 bytes=376729600 progress=37.67% BPC=0.7452 rate=9.31% top100=96.53%
chunks=184000 bytes=376832000 progress=37.68% BPC=0.7452 rate=9.31% top100=96.53%
chunks=184050 bytes=376934400 progress=37.69% BPC=0.7452 rate=9.31% top100=96.53%
chunks=184100 bytes=377036800 progress=37.70% BPC=0.7452 rate=9.31% top100=96.53%
chunks=184150 bytes=377139200 progress=37.71% BPC=0.7452 rate=9.32% top100=96.53%
chunks=184200 bytes=377241600 progress=37.72% BPC=0.7452 rate=9.32% top100=96.53%
chunks=184250 bytes=377344000 progress=37.73% BPC=0.7452 rate=9.32% top100=96.53%
chunks=184300 bytes=377446400 progress=37.74% BPC=0.7452 rate=9.31% top100=96.53%
chunks=184350 bytes=377548800 progress=37.75% BPC=0.7452 rate=9.31% top100=96.53%
chunks=184400 bytes=377651200 progress=37.77% BPC=0.7452 rate=9.31% top100=96.53%
chunks=184450 bytes=377753600 progress=37.78% BPC=0.7452 rate=9.31% top100=96.53%
chunks=184500 bytes=377856000 progress=37.79% BPC=0.7452 rate=9.31% top100=96.53%
chunks=184550 bytes=377958400 progress=37.80% BPC=0.7452 rate=9.31% top100=96.53%
chunks=184600 bytes=378060800 progress=37.81% BPC=0.7452 rate=9.31% top100=96.53%
chunks=184650 bytes=378163200 progress=37.82% BPC=0.7451 rate=9.31% top100=96.53%
chunks=184700 bytes=378265600 progress=37.83% BPC=0.7451 rate=9.31% top100=96.53%
chunks=184750 bytes=378368000 progress=37.84% BPC=0.7451 rate=9.31% top100=96.53%
chunks=184800 bytes=378470400 progress=37.85% BPC=0.7451 rate=9.31% top100=96.53%
chunks=184850 bytes=378572800 progress=37.86% BPC=0.7451 rate=9.31% top100=96.53%
chunks=184900 bytes=378675200 progress=37.87% BPC=0.7451 rate=9.31% top100=96.53%
chunks=184950 bytes=378777600 progress=37.88% BPC=0.7451 rate=9.31% top100=96.53%
chunks=185000 bytes=378880000 progress=37.89% BPC=0.7451 rate=9.31% top100=96.53%
chunks=185050 bytes=378982400 progress=37.90% BPC=0.7451 rate=9.31% top100=96.53%
chunks=185100 bytes=379084800 progress=37.91% BPC=0.7450 rate=9.31% top100=96.53%
chunks=185150 bytes=379187200 progress=37.92% BPC=0.7450 rate=9.31% top100=96.53%
chunks=185200 bytes=379289600 progress=37.93% BPC=0.7450 rate=9.31% top100=96.53%
chunks=185250 bytes=379392000 progress=37.94% BPC=0.7450 rate=9.31% top100=96.53%
chunks=185300 bytes=379494400 progress=37.95% BPC=0.7450 rate=9.31% top100=96.53%
chunks=185350 bytes=379596800 progress=37.96% BPC=0.7450 rate=9.31% top100=96.53%
chunks=185400 bytes=379699200 progress=37.97% BPC=0.7450 rate=9.31% top100=96.53%
chunks=185450 bytes=379801600 progress=37.98% BPC=0.7450 rate=9.31% top100=96.53%
chunks=185500 bytes=379904000 progress=37.99% BPC=0.7450 rate=9.31% top100=96.53%
chunks=185550 bytes=380006400 progress=38.00% BPC=0.7450 rate=9.31% top100=96.53%
chunks=185600 bytes=380108800 progress=38.01% BPC=0.7450 rate=9.31% top100=96.53%
chunks=185650 bytes=380211200 progress=38.02% BPC=0.7450 rate=9.31% top100=96.53%
chunks=185700 bytes=380313600 progress=38.03% BPC=0.7450 rate=9.31% top100=96.53%
chunks=185750 bytes=380416000 progress=38.04% BPC=0.7450 rate=9.31% top100=96.53%
chunks=185800 bytes=380518400 progress=38.05% BPC=0.7450 rate=9.31% top100=96.53%
chunks=185850 bytes=380620800 progress=38.06% BPC=0.7450 rate=9.31% top100=96.53%
chunks=185900 bytes=380723200 progress=38.07% BPC=0.7451 rate=9.31% top100=96.53%
chunks=185950 bytes=380825600 progress=38.08% BPC=0.7450 rate=9.31% top100=96.53%
chunks=186000 bytes=380928000 progress=38.09% BPC=0.7450 rate=9.31% top100=96.53%
chunks=186050 bytes=381030400 progress=38.10% BPC=0.7450 rate=9.31% top100=96.53%
chunks=186100 bytes=381132800 progress=38.11% BPC=0.7450 rate=9.31% top100=96.53%
chunks=186150 bytes=381235200 progress=38.12% BPC=0.7450 rate=9.31% top100=96.53%
chunks=186200 bytes=381337600 progress=38.13% BPC=0.7450 rate=9.31% top100=96.53%
chunks=186250 bytes=381440000 progress=38.14% BPC=0.7450 rate=9.31% top100=96.53%
chunks=186300 bytes=381542400 progress=38.15% BPC=0.7450 rate=9.31% top100=96.53%
chunks=186350 bytes=381644800 progress=38.16% BPC=0.7450 rate=9.31% top100=96.53%
chunks=186400 bytes=381747200 progress=38.17% BPC=0.7450 rate=9.31% top100=96.53%
chunks=186450 bytes=381849600 progress=38.18% BPC=0.7449 rate=9.31% top100=96.53%
chunks=186500 bytes=381952000 progress=38.20% BPC=0.7450 rate=9.31% top100=96.53%
chunks=186550 bytes=382054400 progress=38.21% BPC=0.7450 rate=9.31% top100=96.53%
chunks=186600 bytes=382156800 progress=38.22% BPC=0.7450 rate=9.31% top100=96.53%
chunks=186650 bytes=382259200 progress=38.23% BPC=0.7450 rate=9.31% top100=96.53%
chunks=186700 bytes=382361600 progress=38.24% BPC=0.7450 rate=9.31% top100=96.53%
chunks=186750 bytes=382464000 progress=38.25% BPC=0.7450 rate=9.31% top100=96.53%
chunks=186800 bytes=382566400 progress=38.26% BPC=0.7450 rate=9.31% top100=96.53%
chunks=186850 bytes=382668800 progress=38.27% BPC=0.7450 rate=9.31% top100=96.53%
chunks=186900 bytes=382771200 progress=38.28% BPC=0.7450 rate=9.31% top100=96.53%
chunks=186950 bytes=382873600 progress=38.29% BPC=0.7450 rate=9.31% top100=96.53%
chunks=187000 bytes=382976000 progress=38.30% BPC=0.7451 rate=9.31% top100=96.53%
chunks=187050 bytes=383078400 progress=38.31% BPC=0.7451 rate=9.31% top100=96.53%
chunks=187100 bytes=383180800 progress=38.32% BPC=0.7451 rate=9.31% top100=96.53%
chunks=187150 bytes=383283200 progress=38.33% BPC=0.7451 rate=9.31% top100=96.53%
chunks=187200 bytes=383385600 progress=38.34% BPC=0.7451 rate=9.31% top100=96.53%
chunks=187250 bytes=383488000 progress=38.35% BPC=0.7451 rate=9.31% top100=96.53%
chunks=187300 bytes=383590400 progress=38.36% BPC=0.7451 rate=9.31% top100=96.53%
chunks=187350 bytes=383692800 progress=38.37% BPC=0.7451 rate=9.31% top100=96.53%
chunks=187400 bytes=383795200 progress=38.38% BPC=0.7451 rate=9.31% top100=96.53%
chunks=187450 bytes=383897600 progress=38.39% BPC=0.7451 rate=9.31% top100=96.53%
chunks=187500 bytes=384000000 progress=38.40% BPC=0.7451 rate=9.31% top100=96.53%
chunks=187550 bytes=384102400 progress=38.41% BPC=0.7451 rate=9.31% top100=96.53%
chunks=187600 bytes=384204800 progress=38.42% BPC=0.7451 rate=9.31% top100=96.53%
chunks=187650 bytes=384307200 progress=38.43% BPC=0.7451 rate=9.31% top100=96.53%
chunks=187700 bytes=384409600 progress=38.44% BPC=0.7451 rate=9.31% top100=96.53%
chunks=187750 bytes=384512000 progress=38.45% BPC=0.7451 rate=9.31% top100=96.53%
chunks=187800 bytes=384614400 progress=38.46% BPC=0.7451 rate=9.31% top100=96.53%
chunks=187850 bytes=384716800 progress=38.47% BPC=0.7451 rate=9.31% top100=96.53%
chunks=187900 bytes=384819200 progress=38.48% BPC=0.7451 rate=9.31% top100=96.53%
chunks=187950 bytes=384921600 progress=38.49% BPC=0.7451 rate=9.31% top100=96.53%
chunks=188000 bytes=385024000 progress=38.50% BPC=0.7451 rate=9.31% top100=96.53%
chunks=188050 bytes=385126400 progress=38.51% BPC=0.7451 rate=9.31% top100=96.53%
chunks=188100 bytes=385228800 progress=38.52% BPC=0.7451 rate=9.31% top100=96.53%
chunks=188150 bytes=385331200 progress=38.53% BPC=0.7451 rate=9.31% top100=96.53%
chunks=188200 bytes=385433600 progress=38.54% BPC=0.7451 rate=9.31% top100=96.53%
chunks=188250 bytes=385536000 progress=38.55% BPC=0.7451 rate=9.31% top100=96.53%
chunks=188300 bytes=385638400 progress=38.56% BPC=0.7451 rate=9.31% top100=96.53%
chunks=188350 bytes=385740800 progress=38.57% BPC=0.7451 rate=9.31% top100=96.53%
chunks=188400 bytes=385843200 progress=38.58% BPC=0.7451 rate=9.31% top100=96.53%
chunks=188450 bytes=385945600 progress=38.59% BPC=0.7451 rate=9.31% top100=96.53%
chunks=188500 bytes=386048000 progress=38.60% BPC=0.7451 rate=9.31% top100=96.53%
chunks=188550 bytes=386150400 progress=38.62% BPC=0.7451 rate=9.31% top100=96.53%
chunks=188600 bytes=386252800 progress=38.63% BPC=0.7451 rate=9.31% top100=96.53%
chunks=188650 bytes=386355200 progress=38.64% BPC=0.7451 rate=9.31% top100=96.53%
chunks=188700 bytes=386457600 progress=38.65% BPC=0.7451 rate=9.31% top100=96.53%
chunks=188750 bytes=386560000 progress=38.66% BPC=0.7451 rate=9.31% top100=96.53%
chunks=188800 bytes=386662400 progress=38.67% BPC=0.7451 rate=9.31% top100=96.53%
chunks=188850 bytes=386764800 progress=38.68% BPC=0.7451 rate=9.31% top100=96.53%
chunks=188900 bytes=386867200 progress=38.69% BPC=0.7451 rate=9.31% top100=96.53%
chunks=188950 bytes=386969600 progress=38.70% BPC=0.7451 rate=9.31% top100=96.53%
chunks=189000 bytes=387072000 progress=38.71% BPC=0.7451 rate=9.31% top100=96.53%
chunks=189050 bytes=387174400 progress=38.72% BPC=0.7451 rate=9.31% top100=96.53%
chunks=189100 bytes=387276800 progress=38.73% BPC=0.7451 rate=9.31% top100=96.53%
chunks=189150 bytes=387379200 progress=38.74% BPC=0.7451 rate=9.31% top100=96.53%
chunks=189200 bytes=387481600 progress=38.75% BPC=0.7451 rate=9.31% top100=96.53%
chunks=189250 bytes=387584000 progress=38.76% BPC=0.7451 rate=9.31% top100=96.53%
chunks=189300 bytes=387686400 progress=38.77% BPC=0.7451 rate=9.31% top100=96.53%
chunks=189350 bytes=387788800 progress=38.78% BPC=0.7451 rate=9.31% top100=96.53%
chunks=189400 bytes=387891200 progress=38.79% BPC=0.7450 rate=9.31% top100=96.53%
chunks=189450 bytes=387993600 progress=38.80% BPC=0.7450 rate=9.31% top100=96.53%
chunks=189500 bytes=388096000 progress=38.81% BPC=0.7450 rate=9.31% top100=96.53%
chunks=189550 bytes=388198400 progress=38.82% BPC=0.7450 rate=9.31% top100=96.53%
chunks=189600 bytes=388300800 progress=38.83% BPC=0.7450 rate=9.31% top100=96.53%
chunks=189650 bytes=388403200 progress=38.84% BPC=0.7450 rate=9.31% top100=96.53%
chunks=189700 bytes=388505600 progress=38.85% BPC=0.7450 rate=9.31% top100=96.53%
chunks=189750 bytes=388608000 progress=38.86% BPC=0.7450 rate=9.31% top100=96.53%
chunks=189800 bytes=388710400 progress=38.87% BPC=0.7450 rate=9.31% top100=96.53%
chunks=189850 bytes=388812800 progress=38.88% BPC=0.7450 rate=9.31% top100=96.53%
chunks=189900 bytes=388915200 progress=38.89% BPC=0.7449 rate=9.31% top100=96.53%
chunks=189950 bytes=389017600 progress=38.90% BPC=0.7450 rate=9.31% top100=96.53%
chunks=190000 bytes=389120000 progress=38.91% BPC=0.7450 rate=9.31% top100=96.53%
chunks=190050 bytes=389222400 progress=38.92% BPC=0.7450 rate=9.31% top100=96.53%
chunks=190100 bytes=389324800 progress=38.93% BPC=0.7450 rate=9.31% top100=96.53%
chunks=190150 bytes=389427200 progress=38.94% BPC=0.7449 rate=9.31% top100=96.53%
chunks=190200 bytes=389529600 progress=38.95% BPC=0.7449 rate=9.31% top100=96.53%
chunks=190250 bytes=389632000 progress=38.96% BPC=0.7449 rate=9.31% top100=96.53%
chunks=190300 bytes=389734400 progress=38.97% BPC=0.7449 rate=9.31% top100=96.53%
chunks=190350 bytes=389836800 progress=38.98% BPC=0.7449 rate=9.31% top100=96.53%
chunks=190400 bytes=389939200 progress=38.99% BPC=0.7449 rate=9.31% top100=96.53%
chunks=190450 bytes=390041600 progress=39.00% BPC=0.7449 rate=9.31% top100=96.53%
chunks=190500 bytes=390144000 progress=39.01% BPC=0.7449 rate=9.31% top100=96.53%
chunks=190550 bytes=390246400 progress=39.02% BPC=0.7449 rate=9.31% top100=96.53%
chunks=190600 bytes=390348800 progress=39.03% BPC=0.7449 rate=9.31% top100=96.53%
chunks=190650 bytes=390451200 progress=39.05% BPC=0.7449 rate=9.31% top100=96.53%
chunks=190700 bytes=390553600 progress=39.06% BPC=0.7449 rate=9.31% top100=96.53%
chunks=190750 bytes=390656000 progress=39.07% BPC=0.7449 rate=9.31% top100=96.53%
chunks=190800 bytes=390758400 progress=39.08% BPC=0.7449 rate=9.31% top100=96.53%
chunks=190850 bytes=390860800 progress=39.09% BPC=0.7449 rate=9.31% top100=96.53%
chunks=190900 bytes=390963200 progress=39.10% BPC=0.7449 rate=9.31% top100=96.54%
chunks=190950 bytes=391065600 progress=39.11% BPC=0.7449 rate=9.31% top100=96.54%
chunks=191000 bytes=391168000 progress=39.12% BPC=0.7449 rate=9.31% top100=96.54%
chunks=191050 bytes=391270400 progress=39.13% BPC=0.7449 rate=9.31% top100=96.54%
chunks=191100 bytes=391372800 progress=39.14% BPC=0.7449 rate=9.31% top100=96.54%
chunks=191150 bytes=391475200 progress=39.15% BPC=0.7449 rate=9.31% top100=96.54%
chunks=191200 bytes=391577600 progress=39.16% BPC=0.7449 rate=9.31% top100=96.54%
chunks=191250 bytes=391680000 progress=39.17% BPC=0.7448 rate=9.31% top100=96.54%
chunks=191300 bytes=391782400 progress=39.18% BPC=0.7448 rate=9.31% top100=96.54%
chunks=191350 bytes=391884800 progress=39.19% BPC=0.7448 rate=9.31% top100=96.54%
chunks=191400 bytes=391987200 progress=39.20% BPC=0.7448 rate=9.31% top100=96.54%
chunks=191450 bytes=392089600 progress=39.21% BPC=0.7448 rate=9.31% top100=96.54%
chunks=191500 bytes=392192000 progress=39.22% BPC=0.7448 rate=9.31% top100=96.54%
chunks=191550 bytes=392294400 progress=39.23% BPC=0.7448 rate=9.31% top100=96.54%
chunks=191600 bytes=392396800 progress=39.24% BPC=0.7448 rate=9.31% top100=96.54%
chunks=191650 bytes=392499200 progress=39.25% BPC=0.7448 rate=9.31% top100=96.54%
chunks=191700 bytes=392601600 progress=39.26% BPC=0.7448 rate=9.31% top100=96.54%
chunks=191750 bytes=392704000 progress=39.27% BPC=0.7448 rate=9.31% top100=96.54%
chunks=191800 bytes=392806400 progress=39.28% BPC=0.7447 rate=9.31% top100=96.54%
chunks=191850 bytes=392908800 progress=39.29% BPC=0.7447 rate=9.31% top100=96.54%
chunks=191900 bytes=393011200 progress=39.30% BPC=0.7447 rate=9.31% top100=96.54%
chunks=191950 bytes=393113600 progress=39.31% BPC=0.7447 rate=9.31% top100=96.54%
chunks=192000 bytes=393216000 progress=39.32% BPC=0.7448 rate=9.31% top100=96.54%
chunks=192050 bytes=393318400 progress=39.33% BPC=0.7448 rate=9.31% top100=96.54%
chunks=192100 bytes=393420800 progress=39.34% BPC=0.7448 rate=9.31% top100=96.54%
chunks=192150 bytes=393523200 progress=39.35% BPC=0.7448 rate=9.31% top100=96.54%
chunks=192200 bytes=393625600 progress=39.36% BPC=0.7448 rate=9.31% top100=96.54%
chunks=192250 bytes=393728000 progress=39.37% BPC=0.7448 rate=9.31% top100=96.54%
chunks=192300 bytes=393830400 progress=39.38% BPC=0.7448 rate=9.31% top100=96.54%
chunks=192350 bytes=393932800 progress=39.39% BPC=0.7448 rate=9.31% top100=96.54%
chunks=192400 bytes=394035200 progress=39.40% BPC=0.7448 rate=9.31% top100=96.54%
chunks=192450 bytes=394137600 progress=39.41% BPC=0.7447 rate=9.31% top100=96.54%
chunks=192500 bytes=394240000 progress=39.42% BPC=0.7448 rate=9.31% top100=96.54%
chunks=192550 bytes=394342400 progress=39.43% BPC=0.7448 rate=9.31% top100=96.54%
chunks=192600 bytes=394444800 progress=39.44% BPC=0.7448 rate=9.31% top100=96.54%
chunks=192650 bytes=394547200 progress=39.45% BPC=0.7447 rate=9.31% top100=96.54%
chunks=192700 bytes=394649600 progress=39.46% BPC=0.7447 rate=9.31% top100=96.54%
chunks=192750 bytes=394752000 progress=39.48% BPC=0.7447 rate=9.31% top100=96.54%
chunks=192800 bytes=394854400 progress=39.49% BPC=0.7447 rate=9.31% top100=96.54%
chunks=192850 bytes=394956800 progress=39.50% BPC=0.7447 rate=9.31% top100=96.54%
chunks=192900 bytes=395059200 progress=39.51% BPC=0.7447 rate=9.31% top100=96.54%
chunks=192950 bytes=395161600 progress=39.52% BPC=0.7447 rate=9.31% top100=96.54%
chunks=193000 bytes=395264000 progress=39.53% BPC=0.7447 rate=9.31% top100=96.54%
chunks=193050 bytes=395366400 progress=39.54% BPC=0.7447 rate=9.31% top100=96.54%
chunks=193100 bytes=395468800 progress=39.55% BPC=0.7447 rate=9.31% top100=96.54%
chunks=193150 bytes=395571200 progress=39.56% BPC=0.7446 rate=9.31% top100=96.54%
chunks=193200 bytes=395673600 progress=39.57% BPC=0.7445 rate=9.31% top100=96.54%
chunks=193250 bytes=395776000 progress=39.58% BPC=0.7445 rate=9.31% top100=96.54%
chunks=193300 bytes=395878400 progress=39.59% BPC=0.7445 rate=9.31% top100=96.54%
chunks=193350 bytes=395980800 progress=39.60% BPC=0.7444 rate=9.31% top100=96.54%
chunks=193400 bytes=396083200 progress=39.61% BPC=0.7444 rate=9.31% top100=96.54%
chunks=193450 bytes=396185600 progress=39.62% BPC=0.7444 rate=9.31% top100=96.54%
chunks=193500 bytes=396288000 progress=39.63% BPC=0.7444 rate=9.31% top100=96.54%
chunks=193550 bytes=396390400 progress=39.64% BPC=0.7444 rate=9.31% top100=96.54%
chunks=193600 bytes=396492800 progress=39.65% BPC=0.7445 rate=9.31% top100=96.54%
chunks=193650 bytes=396595200 progress=39.66% BPC=0.7444 rate=9.31% top100=96.54%
chunks=193700 bytes=396697600 progress=39.67% BPC=0.7445 rate=9.31% top100=96.54%
chunks=193750 bytes=396800000 progress=39.68% BPC=0.7445 rate=9.31% top100=96.54%
chunks=193800 bytes=396902400 progress=39.69% BPC=0.7444 rate=9.31% top100=96.54%
chunks=193850 bytes=397004800 progress=39.70% BPC=0.7444 rate=9.30% top100=96.54%
chunks=193900 bytes=397107200 progress=39.71% BPC=0.7444 rate=9.30% top100=96.54%
chunks=193950 bytes=397209600 progress=39.72% BPC=0.7444 rate=9.30% top100=96.54%
chunks=194000 bytes=397312000 progress=39.73% BPC=0.7444 rate=9.30% top100=96.54%
chunks=194050 bytes=397414400 progress=39.74% BPC=0.7444 rate=9.30% top100=96.54%
chunks=194100 bytes=397516800 progress=39.75% BPC=0.7444 rate=9.31% top100=96.54%
chunks=194150 bytes=397619200 progress=39.76% BPC=0.7444 rate=9.31% top100=96.54%
chunks=194200 bytes=397721600 progress=39.77% BPC=0.7444 rate=9.31% top100=96.54%
chunks=194250 bytes=397824000 progress=39.78% BPC=0.7444 rate=9.31% top100=96.54%
chunks=194300 bytes=397926400 progress=39.79% BPC=0.7444 rate=9.30% top100=96.54%
chunks=194350 bytes=398028800 progress=39.80% BPC=0.7444 rate=9.30% top100=96.54%
chunks=194400 bytes=398131200 progress=39.81% BPC=0.7443 rate=9.30% top100=96.54%
chunks=194450 bytes=398233600 progress=39.82% BPC=0.7443 rate=9.30% top100=96.54%
chunks=194500 bytes=398336000 progress=39.83% BPC=0.7443 rate=9.30% top100=96.54%
chunks=194550 bytes=398438400 progress=39.84% BPC=0.7443 rate=9.30% top100=96.54%
chunks=194600 bytes=398540800 progress=39.85% BPC=0.7443 rate=9.30% top100=96.54%
chunks=194650 bytes=398643200 progress=39.86% BPC=0.7443 rate=9.30% top100=96.54%
chunks=194700 bytes=398745600 progress=39.87% BPC=0.7444 rate=9.30% top100=96.54%
chunks=194750 bytes=398848000 progress=39.88% BPC=0.7444 rate=9.30% top100=96.54%
chunks=194800 bytes=398950400 progress=39.90% BPC=0.7444 rate=9.30% top100=96.54%
chunks=194850 bytes=399052800 progress=39.91% BPC=0.7443 rate=9.30% top100=96.54%
chunks=194900 bytes=399155200 progress=39.92% BPC=0.7443 rate=9.30% top100=96.54%
chunks=194950 bytes=399257600 progress=39.93% BPC=0.7443 rate=9.30% top100=96.54%
chunks=195000 bytes=399360000 progress=39.94% BPC=0.7443 rate=9.30% top100=96.54%
chunks=195050 bytes=399462400 progress=39.95% BPC=0.7443 rate=9.30% top100=96.54%
chunks=195100 bytes=399564800 progress=39.96% BPC=0.7443 rate=9.30% top100=96.54%
chunks=195150 bytes=399667200 progress=39.97% BPC=0.7443 rate=9.30% top100=96.54%
chunks=195200 bytes=399769600 progress=39.98% BPC=0.7443 rate=9.30% top100=96.54%
chunks=195250 bytes=399872000 progress=39.99% BPC=0.7443 rate=9.30% top100=96.54%
chunks=195300 bytes=399974400 progress=40.00% BPC=0.7443 rate=9.30% top100=96.54%
chunks=195350 bytes=400076800 progress=40.01% BPC=0.7443 rate=9.30% top100=96.54%
chunks=195400 bytes=400179200 progress=40.02% BPC=0.7443 rate=9.30% top100=96.54%
chunks=195450 bytes=400281600 progress=40.03% BPC=0.7443 rate=9.30% top100=96.54%
chunks=195500 bytes=400384000 progress=40.04% BPC=0.7443 rate=9.30% top100=96.54%
chunks=195550 bytes=400486400 progress=40.05% BPC=0.7443 rate=9.30% top100=96.54%
chunks=195600 bytes=400588800 progress=40.06% BPC=0.7443 rate=9.30% top100=96.54%
chunks=195650 bytes=400691200 progress=40.07% BPC=0.7443 rate=9.30% top100=96.54%
chunks=195700 bytes=400793600 progress=40.08% BPC=0.7443 rate=9.30% top100=96.54%
chunks=195750 bytes=400896000 progress=40.09% BPC=0.7443 rate=9.30% top100=96.54%
chunks=195800 bytes=400998400 progress=40.10% BPC=0.7443 rate=9.30% top100=96.54%
chunks=195850 bytes=401100800 progress=40.11% BPC=0.7443 rate=9.30% top100=96.54%
chunks=195900 bytes=401203200 progress=40.12% BPC=0.7443 rate=9.30% top100=96.54%
chunks=195950 bytes=401305600 progress=40.13% BPC=0.7443 rate=9.30% top100=96.54%
chunks=196000 bytes=401408000 progress=40.14% BPC=0.7443 rate=9.30% top100=96.54%
chunks=196050 bytes=401510400 progress=40.15% BPC=0.7443 rate=9.30% top100=96.54%
chunks=196100 bytes=401612800 progress=40.16% BPC=0.7443 rate=9.30% top100=96.54%
chunks=196150 bytes=401715200 progress=40.17% BPC=0.7443 rate=9.30% top100=96.54%
chunks=196200 bytes=401817600 progress=40.18% BPC=0.7443 rate=9.30% top100=96.54%
chunks=196250 bytes=401920000 progress=40.19% BPC=0.7443 rate=9.30% top100=96.54%
chunks=196300 bytes=402022400 progress=40.20% BPC=0.7442 rate=9.30% top100=96.54%
chunks=196350 bytes=402124800 progress=40.21% BPC=0.7443 rate=9.30% top100=96.54%
chunks=196400 bytes=402227200 progress=40.22% BPC=0.7443 rate=9.30% top100=96.54%
chunks=196450 bytes=402329600 progress=40.23% BPC=0.7443 rate=9.30% top100=96.54%
chunks=196500 bytes=402432000 progress=40.24% BPC=0.7443 rate=9.30% top100=96.54%
chunks=196550 bytes=402534400 progress=40.25% BPC=0.7443 rate=9.30% top100=96.54%
chunks=196600 bytes=402636800 progress=40.26% BPC=0.7443 rate=9.30% top100=96.54%
chunks=196650 bytes=402739200 progress=40.27% BPC=0.7443 rate=9.30% top100=96.54%
chunks=196700 bytes=402841600 progress=40.28% BPC=0.7443 rate=9.30% top100=96.54%
chunks=196750 bytes=402944000 progress=40.29% BPC=0.7443 rate=9.30% top100=96.54%
chunks=196800 bytes=403046400 progress=40.30% BPC=0.7442 rate=9.30% top100=96.54%
chunks=196850 bytes=403148800 progress=40.31% BPC=0.7442 rate=9.30% top100=96.55%
chunks=196900 bytes=403251200 progress=40.33% BPC=0.7442 rate=9.30% top100=96.55%
chunks=196950 bytes=403353600 progress=40.34% BPC=0.7442 rate=9.30% top100=96.55%
chunks=197000 bytes=403456000 progress=40.35% BPC=0.7441 rate=9.30% top100=96.55%
chunks=197050 bytes=403558400 progress=40.36% BPC=0.7441 rate=9.30% top100=96.55%
chunks=197100 bytes=403660800 progress=40.37% BPC=0.7440 rate=9.30% top100=96.55%
chunks=197150 bytes=403763200 progress=40.38% BPC=0.7440 rate=9.30% top100=96.55%
chunks=197200 bytes=403865600 progress=40.39% BPC=0.7440 rate=9.30% top100=96.55%
chunks=197250 bytes=403968000 progress=40.40% BPC=0.7440 rate=9.30% top100=96.55%
chunks=197300 bytes=404070400 progress=40.41% BPC=0.7441 rate=9.30% top100=96.55%
chunks=197350 bytes=404172800 progress=40.42% BPC=0.7441 rate=9.30% top100=96.55%
chunks=197400 bytes=404275200 progress=40.43% BPC=0.7441 rate=9.30% top100=96.55%
chunks=197450 bytes=404377600 progress=40.44% BPC=0.7441 rate=9.30% top100=96.55%
chunks=197500 bytes=404480000 progress=40.45% BPC=0.7441 rate=9.30% top100=96.55%
chunks=197550 bytes=404582400 progress=40.46% BPC=0.7441 rate=9.30% top100=96.55%
chunks=197600 bytes=404684800 progress=40.47% BPC=0.7441 rate=9.30% top100=96.55%
chunks=197650 bytes=404787200 progress=40.48% BPC=0.7441 rate=9.30% top100=96.55%
chunks=197700 bytes=404889600 progress=40.49% BPC=0.7441 rate=9.30% top100=96.55%
chunks=197750 bytes=404992000 progress=40.50% BPC=0.7441 rate=9.30% top100=96.55%
chunks=197800 bytes=405094400 progress=40.51% BPC=0.7441 rate=9.30% top100=96.55%
chunks=197850 bytes=405196800 progress=40.52% BPC=0.7441 rate=9.30% top100=96.55%
chunks=197900 bytes=405299200 progress=40.53% BPC=0.7441 rate=9.30% top100=96.55%
chunks=197950 bytes=405401600 progress=40.54% BPC=0.7441 rate=9.30% top100=96.55%
chunks=198000 bytes=405504000 progress=40.55% BPC=0.7441 rate=9.30% top100=96.55%
chunks=198050 bytes=405606400 progress=40.56% BPC=0.7441 rate=9.30% top100=96.55%
chunks=198100 bytes=405708800 progress=40.57% BPC=0.7441 rate=9.30% top100=96.55%
chunks=198150 bytes=405811200 progress=40.58% BPC=0.7441 rate=9.30% top100=96.55%
chunks=198200 bytes=405913600 progress=40.59% BPC=0.7441 rate=9.30% top100=96.55%
chunks=198250 bytes=406016000 progress=40.60% BPC=0.7441 rate=9.30% top100=96.55%
chunks=198300 bytes=406118400 progress=40.61% BPC=0.7441 rate=9.30% top100=96.55%
chunks=198350 bytes=406220800 progress=40.62% BPC=0.7441 rate=9.30% top100=96.55%
chunks=198400 bytes=406323200 progress=40.63% BPC=0.7441 rate=9.30% top100=96.55%
chunks=198450 bytes=406425600 progress=40.64% BPC=0.7441 rate=9.30% top100=96.55%
chunks=198500 bytes=406528000 progress=40.65% BPC=0.7441 rate=9.30% top100=96.55%
chunks=198550 bytes=406630400 progress=40.66% BPC=0.7441 rate=9.30% top100=96.55%
chunks=198600 bytes=406732800 progress=40.67% BPC=0.7441 rate=9.30% top100=96.55%
chunks=198650 bytes=406835200 progress=40.68% BPC=0.7441 rate=9.30% top100=96.55%
chunks=198700 bytes=406937600 progress=40.69% BPC=0.7441 rate=9.30% top100=96.55%
chunks=198750 bytes=407040000 progress=40.70% BPC=0.7441 rate=9.30% top100=96.55%
chunks=198800 bytes=407142400 progress=40.71% BPC=0.7441 rate=9.30% top100=96.55%
chunks=198850 bytes=407244800 progress=40.72% BPC=0.7441 rate=9.30% top100=96.55%
chunks=198900 bytes=407347200 progress=40.73% BPC=0.7441 rate=9.30% top100=96.55%
chunks=198950 bytes=407449600 progress=40.74% BPC=0.7441 rate=9.30% top100=96.55%
chunks=199000 bytes=407552000 progress=40.76% BPC=0.7441 rate=9.30% top100=96.55%
chunks=199050 bytes=407654400 progress=40.77% BPC=0.7441 rate=9.30% top100=96.55%
chunks=199100 bytes=407756800 progress=40.78% BPC=0.7441 rate=9.30% top100=96.55%
chunks=199150 bytes=407859200 progress=40.79% BPC=0.7441 rate=9.30% top100=96.55%
chunks=199200 bytes=407961600 progress=40.80% BPC=0.7441 rate=9.30% top100=96.55%
chunks=199250 bytes=408064000 progress=40.81% BPC=0.7441 rate=9.30% top100=96.55%
chunks=199300 bytes=408166400 progress=40.82% BPC=0.7441 rate=9.30% top100=96.55%
chunks=199350 bytes=408268800 progress=40.83% BPC=0.7441 rate=9.30% top100=96.55%
chunks=199400 bytes=408371200 progress=40.84% BPC=0.7441 rate=9.30% top100=96.55%
chunks=199450 bytes=408473600 progress=40.85% BPC=0.7441 rate=9.30% top100=96.55%
chunks=199500 bytes=408576000 progress=40.86% BPC=0.7441 rate=9.30% top100=96.55%
chunks=199550 bytes=408678400 progress=40.87% BPC=0.7441 rate=9.30% top100=96.55%
chunks=199600 bytes=408780800 progress=40.88% BPC=0.7441 rate=9.30% top100=96.55%
chunks=199650 bytes=408883200 progress=40.89% BPC=0.7441 rate=9.30% top100=96.55%
chunks=199700 bytes=408985600 progress=40.90% BPC=0.7441 rate=9.30% top100=96.55%
chunks=199750 bytes=409088000 progress=40.91% BPC=0.7441 rate=9.30% top100=96.55%
chunks=199800 bytes=409190400 progress=40.92% BPC=0.7441 rate=9.30% top100=96.55%
chunks=199850 bytes=409292800 progress=40.93% BPC=0.7441 rate=9.30% top100=96.55%
chunks=199900 bytes=409395200 progress=40.94% BPC=0.7441 rate=9.30% top100=96.55%
chunks=199950 bytes=409497600 progress=40.95% BPC=0.7441 rate=9.30% top100=96.55%
chunks=200000 bytes=409600000 progress=40.96% BPC=0.7441 rate=9.30% top100=96.55%
chunks=200050 bytes=409702400 progress=40.97% BPC=0.7441 rate=9.30% top100=96.55%
chunks=200100 bytes=409804800 progress=40.98% BPC=0.7441 rate=9.30% top100=96.55%
chunks=200150 bytes=409907200 progress=40.99% BPC=0.7441 rate=9.30% top100=96.55%
chunks=200200 bytes=410009600 progress=41.00% BPC=0.7441 rate=9.30% top100=96.55%
chunks=200250 bytes=410112000 progress=41.01% BPC=0.7441 rate=9.30% top100=96.55%
chunks=200300 bytes=410214400 progress=41.02% BPC=0.7440 rate=9.30% top100=96.55%
chunks=200350 bytes=410316800 progress=41.03% BPC=0.7440 rate=9.30% top100=96.55%
chunks=200400 bytes=410419200 progress=41.04% BPC=0.7440 rate=9.30% top100=96.55%
chunks=200450 bytes=410521600 progress=41.05% BPC=0.7440 rate=9.30% top100=96.55%
chunks=200500 bytes=410624000 progress=41.06% BPC=0.7440 rate=9.30% top100=96.55%
chunks=200550 bytes=410726400 progress=41.07% BPC=0.7440 rate=9.30% top100=96.55%
chunks=200600 bytes=410828800 progress=41.08% BPC=0.7440 rate=9.30% top100=96.55%
chunks=200650 bytes=410931200 progress=41.09% BPC=0.7440 rate=9.30% top100=96.55%
chunks=200700 bytes=411033600 progress=41.10% BPC=0.7440 rate=9.30% top100=96.55%
chunks=200750 bytes=411136000 progress=41.11% BPC=0.7440 rate=9.30% top100=96.55%
chunks=200800 bytes=411238400 progress=41.12% BPC=0.7440 rate=9.30% top100=96.55%
chunks=200850 bytes=411340800 progress=41.13% BPC=0.7440 rate=9.30% top100=96.55%
chunks=200900 bytes=411443200 progress=41.14% BPC=0.7440 rate=9.30% top100=96.55%
chunks=200950 bytes=411545600 progress=41.15% BPC=0.7440 rate=9.30% top100=96.55%
chunks=201000 bytes=411648000 progress=41.16% BPC=0.7440 rate=9.30% top100=96.55%
chunks=201050 bytes=411750400 progress=41.18% BPC=0.7440 rate=9.30% top100=96.55%
chunks=201100 bytes=411852800 progress=41.19% BPC=0.7440 rate=9.30% top100=96.55%
chunks=201150 bytes=411955200 progress=41.20% BPC=0.7440 rate=9.30% top100=96.55%
chunks=201200 bytes=412057600 progress=41.21% BPC=0.7440 rate=9.30% top100=96.55%
chunks=201250 bytes=412160000 progress=41.22% BPC=0.7440 rate=9.30% top100=96.55%
chunks=201300 bytes=412262400 progress=41.23% BPC=0.7440 rate=9.30% top100=96.55%
chunks=201350 bytes=412364800 progress=41.24% BPC=0.7441 rate=9.30% top100=96.55%
chunks=201400 bytes=412467200 progress=41.25% BPC=0.7441 rate=9.30% top100=96.55%
chunks=201450 bytes=412569600 progress=41.26% BPC=0.7441 rate=9.30% top100=96.55%
chunks=201500 bytes=412672000 progress=41.27% BPC=0.7441 rate=9.30% top100=96.55%
chunks=201550 bytes=412774400 progress=41.28% BPC=0.7441 rate=9.30% top100=96.55%
chunks=201600 bytes=412876800 progress=41.29% BPC=0.7442 rate=9.30% top100=96.55%
chunks=201650 bytes=412979200 progress=41.30% BPC=0.7441 rate=9.30% top100=96.55%
chunks=201700 bytes=413081600 progress=41.31% BPC=0.7441 rate=9.30% top100=96.55%
chunks=201750 bytes=413184000 progress=41.32% BPC=0.7441 rate=9.30% top100=96.55%
chunks=201800 bytes=413286400 progress=41.33% BPC=0.7441 rate=9.30% top100=96.55%
chunks=201850 bytes=413388800 progress=41.34% BPC=0.7441 rate=9.30% top100=96.55%
chunks=201900 bytes=413491200 progress=41.35% BPC=0.7441 rate=9.30% top100=96.55%
chunks=201950 bytes=413593600 progress=41.36% BPC=0.7442 rate=9.30% top100=96.55%
chunks=202000 bytes=413696000 progress=41.37% BPC=0.7442 rate=9.30% top100=96.55%
chunks=202050 bytes=413798400 progress=41.38% BPC=0.7442 rate=9.30% top100=96.55%
chunks=202100 bytes=413900800 progress=41.39% BPC=0.7442 rate=9.30% top100=96.55%
chunks=202150 bytes=414003200 progress=41.40% BPC=0.7442 rate=9.30% top100=96.55%
chunks=202200 bytes=414105600 progress=41.41% BPC=0.7442 rate=9.30% top100=96.55%
chunks=202250 bytes=414208000 progress=41.42% BPC=0.7442 rate=9.30% top100=96.55%
chunks=202300 bytes=414310400 progress=41.43% BPC=0.7441 rate=9.30% top100=96.55%
chunks=202350 bytes=414412800 progress=41.44% BPC=0.7441 rate=9.30% top100=96.55%
chunks=202400 bytes=414515200 progress=41.45% BPC=0.7441 rate=9.30% top100=96.55%
chunks=202450 bytes=414617600 progress=41.46% BPC=0.7441 rate=9.30% top100=96.55%
chunks=202500 bytes=414720000 progress=41.47% BPC=0.7442 rate=9.30% top100=96.55%
chunks=202550 bytes=414822400 progress=41.48% BPC=0.7441 rate=9.30% top100=96.55%
chunks=202600 bytes=414924800 progress=41.49% BPC=0.7441 rate=9.30% top100=96.55%
chunks=202650 bytes=415027200 progress=41.50% BPC=0.7441 rate=9.30% top100=96.55%
chunks=202700 bytes=415129600 progress=41.51% BPC=0.7441 rate=9.30% top100=96.55%
chunks=202750 bytes=415232000 progress=41.52% BPC=0.7441 rate=9.30% top100=96.55%
chunks=202800 bytes=415334400 progress=41.53% BPC=0.7441 rate=9.30% top100=96.55%
chunks=202850 bytes=415436800 progress=41.54% BPC=0.7441 rate=9.30% top100=96.55%
chunks=202900 bytes=415539200 progress=41.55% BPC=0.7441 rate=9.30% top100=96.55%
chunks=202950 bytes=415641600 progress=41.56% BPC=0.7441 rate=9.30% top100=96.55%
chunks=203000 bytes=415744000 progress=41.57% BPC=0.7441 rate=9.30% top100=96.55%
chunks=203050 bytes=415846400 progress=41.58% BPC=0.7441 rate=9.30% top100=96.55%
chunks=203100 bytes=415948800 progress=41.59% BPC=0.7441 rate=9.30% top100=96.55%
chunks=203150 bytes=416051200 progress=41.61% BPC=0.7441 rate=9.30% top100=96.55%
chunks=203200 bytes=416153600 progress=41.62% BPC=0.7441 rate=9.30% top100=96.55%
chunks=203250 bytes=416256000 progress=41.63% BPC=0.7441 rate=9.30% top100=96.55%
chunks=203300 bytes=416358400 progress=41.64% BPC=0.7441 rate=9.30% top100=96.55%
chunks=203350 bytes=416460800 progress=41.65% BPC=0.7442 rate=9.30% top100=96.55%
chunks=203400 bytes=416563200 progress=41.66% BPC=0.7442 rate=9.30% top100=96.55%
chunks=203450 bytes=416665600 progress=41.67% BPC=0.7442 rate=9.30% top100=96.55%
chunks=203500 bytes=416768000 progress=41.68% BPC=0.7442 rate=9.30% top100=96.55%
chunks=203550 bytes=416870400 progress=41.69% BPC=0.7442 rate=9.30% top100=96.55%
chunks=203600 bytes=416972800 progress=41.70% BPC=0.7442 rate=9.30% top100=96.55%
chunks=203650 bytes=417075200 progress=41.71% BPC=0.7442 rate=9.30% top100=96.55%
chunks=203700 bytes=417177600 progress=41.72% BPC=0.7441 rate=9.30% top100=96.55%
chunks=203750 bytes=417280000 progress=41.73% BPC=0.7441 rate=9.30% top100=96.55%
chunks=203800 bytes=417382400 progress=41.74% BPC=0.7441 rate=9.30% top100=96.55%
chunks=203850 bytes=417484800 progress=41.75% BPC=0.7441 rate=9.30% top100=96.55%
chunks=203900 bytes=417587200 progress=41.76% BPC=0.7441 rate=9.30% top100=96.55%
chunks=203950 bytes=417689600 progress=41.77% BPC=0.7441 rate=9.30% top100=96.55%
chunks=204000 bytes=417792000 progress=41.78% BPC=0.7441 rate=9.30% top100=96.55%
chunks=204050 bytes=417894400 progress=41.79% BPC=0.7441 rate=9.30% top100=96.55%
chunks=204100 bytes=417996800 progress=41.80% BPC=0.7441 rate=9.30% top100=96.55%
chunks=204150 bytes=418099200 progress=41.81% BPC=0.7441 rate=9.30% top100=96.55%
chunks=204200 bytes=418201600 progress=41.82% BPC=0.7441 rate=9.30% top100=96.55%
chunks=204250 bytes=418304000 progress=41.83% BPC=0.7441 rate=9.30% top100=96.55%
chunks=204300 bytes=418406400 progress=41.84% BPC=0.7441 rate=9.30% top100=96.55%
chunks=204350 bytes=418508800 progress=41.85% BPC=0.7441 rate=9.30% top100=96.55%
chunks=204400 bytes=418611200 progress=41.86% BPC=0.7441 rate=9.30% top100=96.55%
chunks=204450 bytes=418713600 progress=41.87% BPC=0.7441 rate=9.30% top100=96.55%
chunks=204500 bytes=418816000 progress=41.88% BPC=0.7441 rate=9.30% top100=96.55%
chunks=204550 bytes=418918400 progress=41.89% BPC=0.7441 rate=9.30% top100=96.55%
chunks=204600 bytes=419020800 progress=41.90% BPC=0.7441 rate=9.30% top100=96.55%
chunks=204650 bytes=419123200 progress=41.91% BPC=0.7442 rate=9.30% top100=96.55%
chunks=204700 bytes=419225600 progress=41.92% BPC=0.7442 rate=9.30% top100=96.55%
chunks=204750 bytes=419328000 progress=41.93% BPC=0.7442 rate=9.30% top100=96.55%
chunks=204800 bytes=419430400 progress=41.94% BPC=0.7442 rate=9.30% top100=96.55%
chunks=204850 bytes=419532800 progress=41.95% BPC=0.7442 rate=9.30% top100=96.55%
chunks=204900 bytes=419635200 progress=41.96% BPC=0.7442 rate=9.30% top100=96.55%
chunks=204950 bytes=419737600 progress=41.97% BPC=0.7442 rate=9.30% top100=96.55%
chunks=205000 bytes=419840000 progress=41.98% BPC=0.7442 rate=9.30% top100=96.55%
chunks=205050 bytes=419942400 progress=41.99% BPC=0.7441 rate=9.30% top100=96.55%
chunks=205100 bytes=420044800 progress=42.00% BPC=0.7442 rate=9.30% top100=96.55%
chunks=205150 bytes=420147200 progress=42.01% BPC=0.7442 rate=9.30% top100=96.55%
chunks=205200 bytes=420249600 progress=42.02% BPC=0.7442 rate=9.30% top100=96.55%
chunks=205250 bytes=420352000 progress=42.04% BPC=0.7442 rate=9.30% top100=96.55%
chunks=205300 bytes=420454400 progress=42.05% BPC=0.7442 rate=9.30% top100=96.55%
chunks=205350 bytes=420556800 progress=42.06% BPC=0.7442 rate=9.30% top100=96.55%
chunks=205400 bytes=420659200 progress=42.07% BPC=0.7442 rate=9.30% top100=96.55%
chunks=205450 bytes=420761600 progress=42.08% BPC=0.7442 rate=9.30% top100=96.55%
chunks=205500 bytes=420864000 progress=42.09% BPC=0.7442 rate=9.30% top100=96.55%
chunks=205550 bytes=420966400 progress=42.10% BPC=0.7442 rate=9.30% top100=96.55%
chunks=205600 bytes=421068800 progress=42.11% BPC=0.7442 rate=9.30% top100=96.55%
chunks=205650 bytes=421171200 progress=42.12% BPC=0.7442 rate=9.30% top100=96.55%
chunks=205700 bytes=421273600 progress=42.13% BPC=0.7441 rate=9.30% top100=96.55%
chunks=205750 bytes=421376000 progress=42.14% BPC=0.7441 rate=9.30% top100=96.55%
chunks=205800 bytes=421478400 progress=42.15% BPC=0.7442 rate=9.30% top100=96.55%
chunks=205850 bytes=421580800 progress=42.16% BPC=0.7442 rate=9.30% top100=96.55%
chunks=205900 bytes=421683200 progress=42.17% BPC=0.7442 rate=9.30% top100=96.55%
chunks=205950 bytes=421785600 progress=42.18% BPC=0.7442 rate=9.30% top100=96.55%
chunks=206000 bytes=421888000 progress=42.19% BPC=0.7442 rate=9.30% top100=96.55%
chunks=206050 bytes=421990400 progress=42.20% BPC=0.7442 rate=9.30% top100=96.55%
chunks=206100 bytes=422092800 progress=42.21% BPC=0.7442 rate=9.30% top100=96.55%
chunks=206150 bytes=422195200 progress=42.22% BPC=0.7442 rate=9.30% top100=96.55%
chunks=206200 bytes=422297600 progress=42.23% BPC=0.7443 rate=9.30% top100=96.55%
chunks=206250 bytes=422400000 progress=42.24% BPC=0.7443 rate=9.30% top100=96.55%
chunks=206300 bytes=422502400 progress=42.25% BPC=0.7443 rate=9.30% top100=96.55%
chunks=206350 bytes=422604800 progress=42.26% BPC=0.7443 rate=9.30% top100=96.55%
chunks=206400 bytes=422707200 progress=42.27% BPC=0.7443 rate=9.30% top100=96.55%
chunks=206450 bytes=422809600 progress=42.28% BPC=0.7443 rate=9.30% top100=96.55%
chunks=206500 bytes=422912000 progress=42.29% BPC=0.7443 rate=9.30% top100=96.55%
chunks=206550 bytes=423014400 progress=42.30% BPC=0.7443 rate=9.30% top100=96.55%
chunks=206600 bytes=423116800 progress=42.31% BPC=0.7443 rate=9.30% top100=96.55%
chunks=206650 bytes=423219200 progress=42.32% BPC=0.7443 rate=9.30% top100=96.55%
chunks=206700 bytes=423321600 progress=42.33% BPC=0.7443 rate=9.30% top100=96.55%
chunks=206750 bytes=423424000 progress=42.34% BPC=0.7443 rate=9.30% top100=96.55%
chunks=206800 bytes=423526400 progress=42.35% BPC=0.7443 rate=9.30% top100=96.55%
chunks=206850 bytes=423628800 progress=42.36% BPC=0.7443 rate=9.30% top100=96.55%
chunks=206900 bytes=423731200 progress=42.37% BPC=0.7443 rate=9.30% top100=96.55%
chunks=206950 bytes=423833600 progress=42.38% BPC=0.7443 rate=9.30% top100=96.55%
chunks=207000 bytes=423936000 progress=42.39% BPC=0.7443 rate=9.30% top100=96.55%
chunks=207050 bytes=424038400 progress=42.40% BPC=0.7443 rate=9.30% top100=96.55%
chunks=207100 bytes=424140800 progress=42.41% BPC=0.7443 rate=9.30% top100=96.55%
chunks=207150 bytes=424243200 progress=42.42% BPC=0.7442 rate=9.30% top100=96.55%
chunks=207200 bytes=424345600 progress=42.43% BPC=0.7442 rate=9.30% top100=96.55%
chunks=207250 bytes=424448000 progress=42.44% BPC=0.7441 rate=9.30% top100=96.55%
chunks=207300 bytes=424550400 progress=42.46% BPC=0.7440 rate=9.30% top100=96.55%
chunks=207350 bytes=424652800 progress=42.47% BPC=0.7440 rate=9.30% top100=96.55%
chunks=207400 bytes=424755200 progress=42.48% BPC=0.7439 rate=9.30% top100=96.55%
chunks=207450 bytes=424857600 progress=42.49% BPC=0.7439 rate=9.30% top100=96.55%
chunks=207500 bytes=424960000 progress=42.50% BPC=0.7438 rate=9.30% top100=96.55%
chunks=207550 bytes=425062400 progress=42.51% BPC=0.7438 rate=9.30% top100=96.56%
chunks=207600 bytes=425164800 progress=42.52% BPC=0.7437 rate=9.30% top100=96.56%
chunks=207650 bytes=425267200 progress=42.53% BPC=0.7437 rate=9.30% top100=96.56%
chunks=207700 bytes=425369600 progress=42.54% BPC=0.7437 rate=9.30% top100=96.56%
chunks=207750 bytes=425472000 progress=42.55% BPC=0.7437 rate=9.30% top100=96.56%
chunks=207800 bytes=425574400 progress=42.56% BPC=0.7437 rate=9.30% top100=96.56%
chunks=207850 bytes=425676800 progress=42.57% BPC=0.7436 rate=9.30% top100=96.56%
chunks=207900 bytes=425779200 progress=42.58% BPC=0.7437 rate=9.30% top100=96.56%
chunks=207950 bytes=425881600 progress=42.59% BPC=0.7436 rate=9.30% top100=96.56%
chunks=208000 bytes=425984000 progress=42.60% BPC=0.7436 rate=9.29% top100=96.56%
chunks=208050 bytes=426086400 progress=42.61% BPC=0.7435 rate=9.29% top100=96.56%
chunks=208100 bytes=426188800 progress=42.62% BPC=0.7435 rate=9.29% top100=96.56%
chunks=208150 bytes=426291200 progress=42.63% BPC=0.7434 rate=9.29% top100=96.56%
chunks=208200 bytes=426393600 progress=42.64% BPC=0.7434 rate=9.29% top100=96.56%
chunks=208250 bytes=426496000 progress=42.65% BPC=0.7433 rate=9.29% top100=96.56%
chunks=208300 bytes=426598400 progress=42.66% BPC=0.7433 rate=9.29% top100=96.56%
chunks=208350 bytes=426700800 progress=42.67% BPC=0.7432 rate=9.29% top100=96.56%
chunks=208400 bytes=426803200 progress=42.68% BPC=0.7432 rate=9.29% top100=96.56%
chunks=208450 bytes=426905600 progress=42.69% BPC=0.7431 rate=9.29% top100=96.56%
chunks=208500 bytes=427008000 progress=42.70% BPC=0.7431 rate=9.29% top100=96.56%
chunks=208550 bytes=427110400 progress=42.71% BPC=0.7430 rate=9.29% top100=96.56%
chunks=208600 bytes=427212800 progress=42.72% BPC=0.7430 rate=9.29% top100=96.56%
chunks=208650 bytes=427315200 progress=42.73% BPC=0.7429 rate=9.29% top100=96.56%
chunks=208700 bytes=427417600 progress=42.74% BPC=0.7429 rate=9.29% top100=96.56%
chunks=208750 bytes=427520000 progress=42.75% BPC=0.7428 rate=9.28% top100=96.56%
chunks=208800 bytes=427622400 progress=42.76% BPC=0.7427 rate=9.28% top100=96.57%
chunks=208850 bytes=427724800 progress=42.77% BPC=0.7427 rate=9.28% top100=96.57%
chunks=208900 bytes=427827200 progress=42.78% BPC=0.7426 rate=9.28% top100=96.57%
chunks=208950 bytes=427929600 progress=42.79% BPC=0.7426 rate=9.28% top100=96.57%
chunks=209000 bytes=428032000 progress=42.80% BPC=0.7425 rate=9.28% top100=96.57%
chunks=209050 bytes=428134400 progress=42.81% BPC=0.7424 rate=9.28% top100=96.57%
chunks=209100 bytes=428236800 progress=42.82% BPC=0.7424 rate=9.28% top100=96.57%
chunks=209150 bytes=428339200 progress=42.83% BPC=0.7423 rate=9.28% top100=96.57%
chunks=209200 bytes=428441600 progress=42.84% BPC=0.7423 rate=9.28% top100=96.57%
chunks=209250 bytes=428544000 progress=42.85% BPC=0.7422 rate=9.28% top100=96.57%
chunks=209300 bytes=428646400 progress=42.86% BPC=0.7422 rate=9.28% top100=96.57%
chunks=209350 bytes=428748800 progress=42.87% BPC=0.7422 rate=9.28% top100=96.57%
chunks=209400 bytes=428851200 progress=42.89% BPC=0.7421 rate=9.28% top100=96.57%
chunks=209450 bytes=428953600 progress=42.90% BPC=0.7420 rate=9.28% top100=96.57%
chunks=209500 bytes=429056000 progress=42.91% BPC=0.7420 rate=9.27% top100=96.57%
chunks=209550 bytes=429158400 progress=42.92% BPC=0.7419 rate=9.27% top100=96.57%
chunks=209600 bytes=429260800 progress=42.93% BPC=0.7418 rate=9.27% top100=96.57%
chunks=209650 bytes=429363200 progress=42.94% BPC=0.7418 rate=9.27% top100=96.57%
chunks=209700 bytes=429465600 progress=42.95% BPC=0.7417 rate=9.27% top100=96.57%
chunks=209750 bytes=429568000 progress=42.96% BPC=0.7417 rate=9.27% top100=96.57%
chunks=209800 bytes=429670400 progress=42.97% BPC=0.7417 rate=9.27% top100=96.58%
chunks=209850 bytes=429772800 progress=42.98% BPC=0.7416 rate=9.27% top100=96.58%
chunks=209900 bytes=429875200 progress=42.99% BPC=0.7416 rate=9.27% top100=96.58%
chunks=209950 bytes=429977600 progress=43.00% BPC=0.7415 rate=9.27% top100=96.58%
chunks=210000 bytes=430080000 progress=43.01% BPC=0.7415 rate=9.27% top100=96.58%
chunks=210050 bytes=430182400 progress=43.02% BPC=0.7415 rate=9.27% top100=96.58%
chunks=210100 bytes=430284800 progress=43.03% BPC=0.7415 rate=9.27% top100=96.58%
chunks=210150 bytes=430387200 progress=43.04% BPC=0.7415 rate=9.27% top100=96.58%
chunks=210200 bytes=430489600 progress=43.05% BPC=0.7415 rate=9.27% top100=96.58%
chunks=210250 bytes=430592000 progress=43.06% BPC=0.7415 rate=9.27% top100=96.58%
chunks=210300 bytes=430694400 progress=43.07% BPC=0.7414 rate=9.27% top100=96.58%
chunks=210350 bytes=430796800 progress=43.08% BPC=0.7414 rate=9.27% top100=96.58%
chunks=210400 bytes=430899200 progress=43.09% BPC=0.7414 rate=9.27% top100=96.58%
chunks=210450 bytes=431001600 progress=43.10% BPC=0.7414 rate=9.27% top100=96.58%
chunks=210500 bytes=431104000 progress=43.11% BPC=0.7414 rate=9.27% top100=96.58%
chunks=210550 bytes=431206400 progress=43.12% BPC=0.7414 rate=9.27% top100=96.58%
chunks=210600 bytes=431308800 progress=43.13% BPC=0.7414 rate=9.27% top100=96.58%
chunks=210650 bytes=431411200 progress=43.14% BPC=0.7414 rate=9.27% top100=96.58%
chunks=210700 bytes=431513600 progress=43.15% BPC=0.7414 rate=9.27% top100=96.58%
chunks=210750 bytes=431616000 progress=43.16% BPC=0.7414 rate=9.27% top100=96.58%
chunks=210800 bytes=431718400 progress=43.17% BPC=0.7414 rate=9.27% top100=96.58%
chunks=210850 bytes=431820800 progress=43.18% BPC=0.7414 rate=9.27% top100=96.58%
chunks=210900 bytes=431923200 progress=43.19% BPC=0.7414 rate=9.27% top100=96.58%
chunks=210950 bytes=432025600 progress=43.20% BPC=0.7414 rate=9.27% top100=96.58%
chunks=211000 bytes=432128000 progress=43.21% BPC=0.7414 rate=9.27% top100=96.58%
chunks=211050 bytes=432230400 progress=43.22% BPC=0.7413 rate=9.27% top100=96.58%
chunks=211100 bytes=432332800 progress=43.23% BPC=0.7413 rate=9.27% top100=96.58%
chunks=211150 bytes=432435200 progress=43.24% BPC=0.7413 rate=9.27% top100=96.58%
chunks=211200 bytes=432537600 progress=43.25% BPC=0.7412 rate=9.27% top100=96.58%
chunks=211250 bytes=432640000 progress=43.26% BPC=0.7412 rate=9.26% top100=96.58%
chunks=211300 bytes=432742400 progress=43.27% BPC=0.7411 rate=9.26% top100=96.58%
chunks=211350 bytes=432844800 progress=43.28% BPC=0.7411 rate=9.26% top100=96.58%
chunks=211400 bytes=432947200 progress=43.29% BPC=0.7410 rate=9.26% top100=96.58%
chunks=211450 bytes=433049600 progress=43.30% BPC=0.7410 rate=9.26% top100=96.58%
chunks=211500 bytes=433152000 progress=43.32% BPC=0.7409 rate=9.26% top100=96.58%
chunks=211550 bytes=433254400 progress=43.33% BPC=0.7408 rate=9.26% top100=96.58%
chunks=211600 bytes=433356800 progress=43.34% BPC=0.7408 rate=9.26% top100=96.58%
chunks=211650 bytes=433459200 progress=43.35% BPC=0.7407 rate=9.26% top100=96.58%
chunks=211700 bytes=433561600 progress=43.36% BPC=0.7407 rate=9.26% top100=96.58%
chunks=211750 bytes=433664000 progress=43.37% BPC=0.7407 rate=9.26% top100=96.59%
chunks=211800 bytes=433766400 progress=43.38% BPC=0.7406 rate=9.26% top100=96.59%
chunks=211850 bytes=433868800 progress=43.39% BPC=0.7405 rate=9.26% top100=96.59%
chunks=211900 bytes=433971200 progress=43.40% BPC=0.7405 rate=9.26% top100=96.59%
chunks=211950 bytes=434073600 progress=43.41% BPC=0.7405 rate=9.26% top100=96.59%
chunks=212000 bytes=434176000 progress=43.42% BPC=0.7405 rate=9.26% top100=96.59%
chunks=212050 bytes=434278400 progress=43.43% BPC=0.7405 rate=9.26% top100=96.59%
chunks=212100 bytes=434380800 progress=43.44% BPC=0.7405 rate=9.26% top100=96.59%
chunks=212150 bytes=434483200 progress=43.45% BPC=0.7404 rate=9.26% top100=96.59%
chunks=212200 bytes=434585600 progress=43.46% BPC=0.7404 rate=9.25% top100=96.59%
chunks=212250 bytes=434688000 progress=43.47% BPC=0.7403 rate=9.25% top100=96.59%
chunks=212300 bytes=434790400 progress=43.48% BPC=0.7403 rate=9.25% top100=96.59%
chunks=212350 bytes=434892800 progress=43.49% BPC=0.7402 rate=9.25% top100=96.59%
chunks=212400 bytes=434995200 progress=43.50% BPC=0.7402 rate=9.25% top100=96.59%
chunks=212450 bytes=435097600 progress=43.51% BPC=0.7402 rate=9.25% top100=96.59%
chunks=212500 bytes=435200000 progress=43.52% BPC=0.7403 rate=9.25% top100=96.59%
chunks=212550 bytes=435302400 progress=43.53% BPC=0.7403 rate=9.25% top100=96.59%
chunks=212600 bytes=435404800 progress=43.54% BPC=0.7403 rate=9.25% top100=96.59%
chunks=212650 bytes=435507200 progress=43.55% BPC=0.7403 rate=9.25% top100=96.59%
chunks=212700 bytes=435609600 progress=43.56% BPC=0.7402 rate=9.25% top100=96.59%
chunks=212750 bytes=435712000 progress=43.57% BPC=0.7402 rate=9.25% top100=96.59%
chunks=212800 bytes=435814400 progress=43.58% BPC=0.7403 rate=9.25% top100=96.59%
chunks=212850 bytes=435916800 progress=43.59% BPC=0.7403 rate=9.25% top100=96.59%
chunks=212900 bytes=436019200 progress=43.60% BPC=0.7403 rate=9.25% top100=96.59%
chunks=212950 bytes=436121600 progress=43.61% BPC=0.7402 rate=9.25% top100=96.59%
chunks=213000 bytes=436224000 progress=43.62% BPC=0.7402 rate=9.25% top100=96.59%
chunks=213050 bytes=436326400 progress=43.63% BPC=0.7402 rate=9.25% top100=96.59%
chunks=213100 bytes=436428800 progress=43.64% BPC=0.7402 rate=9.25% top100=96.59%
chunks=213150 bytes=436531200 progress=43.65% BPC=0.7402 rate=9.25% top100=96.59%
chunks=213200 bytes=436633600 progress=43.66% BPC=0.7402 rate=9.25% top100=96.59%
chunks=213250 bytes=436736000 progress=43.67% BPC=0.7402 rate=9.25% top100=96.59%
chunks=213300 bytes=436838400 progress=43.68% BPC=0.7401 rate=9.25% top100=96.59%
chunks=213350 bytes=436940800 progress=43.69% BPC=0.7401 rate=9.25% top100=96.59%
chunks=213400 bytes=437043200 progress=43.70% BPC=0.7400 rate=9.25% top100=96.59%
chunks=213450 bytes=437145600 progress=43.71% BPC=0.7400 rate=9.25% top100=96.59%
chunks=213500 bytes=437248000 progress=43.72% BPC=0.7399 rate=9.25% top100=96.59%
chunks=213550 bytes=437350400 progress=43.74% BPC=0.7398 rate=9.25% top100=96.59%
chunks=213600 bytes=437452800 progress=43.75% BPC=0.7398 rate=9.25% top100=96.59%
chunks=213650 bytes=437555200 progress=43.76% BPC=0.7397 rate=9.25% top100=96.59%
chunks=213700 bytes=437657600 progress=43.77% BPC=0.7397 rate=9.25% top100=96.60%
chunks=213750 bytes=437760000 progress=43.78% BPC=0.7397 rate=9.25% top100=96.60%
chunks=213800 bytes=437862400 progress=43.79% BPC=0.7396 rate=9.25% top100=96.60%
chunks=213850 bytes=437964800 progress=43.80% BPC=0.7395 rate=9.24% top100=96.60%
chunks=213900 bytes=438067200 progress=43.81% BPC=0.7395 rate=9.24% top100=96.60%
chunks=213950 bytes=438169600 progress=43.82% BPC=0.7394 rate=9.24% top100=96.60%
chunks=214000 bytes=438272000 progress=43.83% BPC=0.7393 rate=9.24% top100=96.60%
chunks=214050 bytes=438374400 progress=43.84% BPC=0.7393 rate=9.24% top100=96.60%
chunks=214100 bytes=438476800 progress=43.85% BPC=0.7392 rate=9.24% top100=96.60%
chunks=214150 bytes=438579200 progress=43.86% BPC=0.7392 rate=9.24% top100=96.60%
chunks=214200 bytes=438681600 progress=43.87% BPC=0.7391 rate=9.24% top100=96.60%
chunks=214250 bytes=438784000 progress=43.88% BPC=0.7390 rate=9.24% top100=96.60%
chunks=214300 bytes=438886400 progress=43.89% BPC=0.7390 rate=9.24% top100=96.60%
chunks=214350 bytes=438988800 progress=43.90% BPC=0.7390 rate=9.24% top100=96.60%
chunks=214400 bytes=439091200 progress=43.91% BPC=0.7390 rate=9.24% top100=96.60%
chunks=214450 bytes=439193600 progress=43.92% BPC=0.7390 rate=9.24% top100=96.60%
chunks=214500 bytes=439296000 progress=43.93% BPC=0.7390 rate=9.24% top100=96.60%
chunks=214550 bytes=439398400 progress=43.94% BPC=0.7390 rate=9.24% top100=96.60%
chunks=214600 bytes=439500800 progress=43.95% BPC=0.7390 rate=9.24% top100=96.60%
chunks=214650 bytes=439603200 progress=43.96% BPC=0.7390 rate=9.24% top100=96.60%
chunks=214700 bytes=439705600 progress=43.97% BPC=0.7390 rate=9.24% top100=96.60%
chunks=214750 bytes=439808000 progress=43.98% BPC=0.7390 rate=9.24% top100=96.60%
chunks=214800 bytes=439910400 progress=43.99% BPC=0.7389 rate=9.24% top100=96.60%
chunks=214850 bytes=440012800 progress=44.00% BPC=0.7389 rate=9.24% top100=96.60%
chunks=214900 bytes=440115200 progress=44.01% BPC=0.7388 rate=9.24% top100=96.60%
chunks=214950 bytes=440217600 progress=44.02% BPC=0.7388 rate=9.23% top100=96.60%
chunks=215000 bytes=440320000 progress=44.03% BPC=0.7387 rate=9.23% top100=96.60%
chunks=215050 bytes=440422400 progress=44.04% BPC=0.7387 rate=9.23% top100=96.61%
chunks=215100 bytes=440524800 progress=44.05% BPC=0.7386 rate=9.23% top100=96.61%
chunks=215150 bytes=440627200 progress=44.06% BPC=0.7386 rate=9.23% top100=96.61%
chunks=215200 bytes=440729600 progress=44.07% BPC=0.7386 rate=9.23% top100=96.61%
chunks=215250 bytes=440832000 progress=44.08% BPC=0.7386 rate=9.23% top100=96.61%
chunks=215300 bytes=440934400 progress=44.09% BPC=0.7385 rate=9.23% top100=96.61%
chunks=215350 bytes=441036800 progress=44.10% BPC=0.7385 rate=9.23% top100=96.61%
chunks=215400 bytes=441139200 progress=44.11% BPC=0.7385 rate=9.23% top100=96.61%
chunks=215450 bytes=441241600 progress=44.12% BPC=0.7385 rate=9.23% top100=96.61%
chunks=215500 bytes=441344000 progress=44.13% BPC=0.7385 rate=9.23% top100=96.61%
chunks=215550 bytes=441446400 progress=44.14% BPC=0.7385 rate=9.23% top100=96.61%
chunks=215600 bytes=441548800 progress=44.15% BPC=0.7385 rate=9.23% top100=96.61%
chunks=215650 bytes=441651200 progress=44.17% BPC=0.7385 rate=9.23% top100=96.61%
chunks=215700 bytes=441753600 progress=44.18% BPC=0.7386 rate=9.23% top100=96.61%
chunks=215750 bytes=441856000 progress=44.19% BPC=0.7385 rate=9.23% top100=96.61%
chunks=215800 bytes=441958400 progress=44.20% BPC=0.7385 rate=9.23% top100=96.61%
chunks=215850 bytes=442060800 progress=44.21% BPC=0.7384 rate=9.23% top100=96.61%
chunks=215900 bytes=442163200 progress=44.22% BPC=0.7384 rate=9.23% top100=96.61%
chunks=215950 bytes=442265600 progress=44.23% BPC=0.7383 rate=9.23% top100=96.61%
chunks=216000 bytes=442368000 progress=44.24% BPC=0.7383 rate=9.23% top100=96.61%
chunks=216050 bytes=442470400 progress=44.25% BPC=0.7382 rate=9.23% top100=96.61%
chunks=216100 bytes=442572800 progress=44.26% BPC=0.7381 rate=9.23% top100=96.61%
chunks=216150 bytes=442675200 progress=44.27% BPC=0.7381 rate=9.23% top100=96.61%
chunks=216200 bytes=442777600 progress=44.28% BPC=0.7380 rate=9.23% top100=96.62%
chunks=216250 bytes=442880000 progress=44.29% BPC=0.7380 rate=9.22% top100=96.62%
chunks=216300 bytes=442982400 progress=44.30% BPC=0.7379 rate=9.22% top100=96.62%
chunks=216350 bytes=443084800 progress=44.31% BPC=0.7379 rate=9.22% top100=96.62%
chunks=216400 bytes=443187200 progress=44.32% BPC=0.7378 rate=9.22% top100=96.62%
chunks=216450 bytes=443289600 progress=44.33% BPC=0.7377 rate=9.22% top100=96.62%
chunks=216500 bytes=443392000 progress=44.34% BPC=0.7377 rate=9.22% top100=96.62%
chunks=216550 bytes=443494400 progress=44.35% BPC=0.7377 rate=9.22% top100=96.62%
chunks=216600 bytes=443596800 progress=44.36% BPC=0.7377 rate=9.22% top100=96.62%
chunks=216650 bytes=443699200 progress=44.37% BPC=0.7377 rate=9.22% top100=96.62%
chunks=216700 bytes=443801600 progress=44.38% BPC=0.7377 rate=9.22% top100=96.62%
chunks=216750 bytes=443904000 progress=44.39% BPC=0.7377 rate=9.22% top100=96.62%
chunks=216800 bytes=444006400 progress=44.40% BPC=0.7377 rate=9.22% top100=96.62%
chunks=216850 bytes=444108800 progress=44.41% BPC=0.7376 rate=9.22% top100=96.62%
chunks=216900 bytes=444211200 progress=44.42% BPC=0.7376 rate=9.22% top100=96.62%
chunks=216950 bytes=444313600 progress=44.43% BPC=0.7376 rate=9.22% top100=96.62%
chunks=217000 bytes=444416000 progress=44.44% BPC=0.7375 rate=9.22% top100=96.62%
chunks=217050 bytes=444518400 progress=44.45% BPC=0.7375 rate=9.22% top100=96.62%
chunks=217100 bytes=444620800 progress=44.46% BPC=0.7374 rate=9.22% top100=96.62%
chunks=217150 bytes=444723200 progress=44.47% BPC=0.7374 rate=9.22% top100=96.62%
chunks=217200 bytes=444825600 progress=44.48% BPC=0.7374 rate=9.22% top100=96.62%
chunks=217250 bytes=444928000 progress=44.49% BPC=0.7374 rate=9.22% top100=96.62%
chunks=217300 bytes=445030400 progress=44.50% BPC=0.7373 rate=9.22% top100=96.62%
chunks=217350 bytes=445132800 progress=44.51% BPC=0.7373 rate=9.22% top100=96.62%
chunks=217400 bytes=445235200 progress=44.52% BPC=0.7372 rate=9.22% top100=96.63%
chunks=217450 bytes=445337600 progress=44.53% BPC=0.7373 rate=9.22% top100=96.63%
chunks=217500 bytes=445440000 progress=44.54% BPC=0.7373 rate=9.22% top100=96.62%
chunks=217550 bytes=445542400 progress=44.55% BPC=0.7373 rate=9.22% top100=96.62%
chunks=217600 bytes=445644800 progress=44.56% BPC=0.7373 rate=9.22% top100=96.62%
chunks=217650 bytes=445747200 progress=44.57% BPC=0.7373 rate=9.22% top100=96.62%
chunks=217700 bytes=445849600 progress=44.58% BPC=0.7373 rate=9.22% top100=96.62%
chunks=217750 bytes=445952000 progress=44.60% BPC=0.7373 rate=9.22% top100=96.62%
chunks=217800 bytes=446054400 progress=44.61% BPC=0.7373 rate=9.22% top100=96.62%
chunks=217850 bytes=446156800 progress=44.62% BPC=0.7372 rate=9.22% top100=96.63%
chunks=217900 bytes=446259200 progress=44.63% BPC=0.7372 rate=9.21% top100=96.63%
chunks=217950 bytes=446361600 progress=44.64% BPC=0.7371 rate=9.21% top100=96.63%
chunks=218000 bytes=446464000 progress=44.65% BPC=0.7372 rate=9.21% top100=96.63%
chunks=218050 bytes=446566400 progress=44.66% BPC=0.7372 rate=9.21% top100=96.63%
chunks=218100 bytes=446668800 progress=44.67% BPC=0.7371 rate=9.21% top100=96.63%
chunks=218150 bytes=446771200 progress=44.68% BPC=0.7371 rate=9.21% top100=96.63%
chunks=218200 bytes=446873600 progress=44.69% BPC=0.7370 rate=9.21% top100=96.63%
chunks=218250 bytes=446976000 progress=44.70% BPC=0.7370 rate=9.21% top100=96.63%
chunks=218300 bytes=447078400 progress=44.71% BPC=0.7370 rate=9.21% top100=96.63%
chunks=218350 bytes=447180800 progress=44.72% BPC=0.7370 rate=9.21% top100=96.63%
chunks=218400 bytes=447283200 progress=44.73% BPC=0.7370 rate=9.21% top100=96.63%
chunks=218450 bytes=447385600 progress=44.74% BPC=0.7370 rate=9.21% top100=96.63%
chunks=218500 bytes=447488000 progress=44.75% BPC=0.7369 rate=9.21% top100=96.63%
chunks=218550 bytes=447590400 progress=44.76% BPC=0.7369 rate=9.21% top100=96.63%
chunks=218600 bytes=447692800 progress=44.77% BPC=0.7369 rate=9.21% top100=96.63%
chunks=218650 bytes=447795200 progress=44.78% BPC=0.7369 rate=9.21% top100=96.63%
chunks=218700 bytes=447897600 progress=44.79% BPC=0.7370 rate=9.21% top100=96.63%
chunks=218750 bytes=448000000 progress=44.80% BPC=0.7370 rate=9.21% top100=96.63%
chunks=218800 bytes=448102400 progress=44.81% BPC=0.7370 rate=9.21% top100=96.63%
chunks=218850 bytes=448204800 progress=44.82% BPC=0.7370 rate=9.21% top100=96.63%
chunks=218900 bytes=448307200 progress=44.83% BPC=0.7370 rate=9.21% top100=96.63%
chunks=218950 bytes=448409600 progress=44.84% BPC=0.7370 rate=9.21% top100=96.63%
chunks=219000 bytes=448512000 progress=44.85% BPC=0.7370 rate=9.21% top100=96.63%
chunks=219050 bytes=448614400 progress=44.86% BPC=0.7370 rate=9.21% top100=96.63%
chunks=219100 bytes=448716800 progress=44.87% BPC=0.7370 rate=9.21% top100=96.63%
chunks=219150 bytes=448819200 progress=44.88% BPC=0.7370 rate=9.21% top100=96.63%
chunks=219200 bytes=448921600 progress=44.89% BPC=0.7370 rate=9.21% top100=96.63%
chunks=219250 bytes=449024000 progress=44.90% BPC=0.7370 rate=9.21% top100=96.63%
chunks=219300 bytes=449126400 progress=44.91% BPC=0.7370 rate=9.21% top100=96.63%
chunks=219350 bytes=449228800 progress=44.92% BPC=0.7370 rate=9.21% top100=96.63%
chunks=219400 bytes=449331200 progress=44.93% BPC=0.7370 rate=9.21% top100=96.63%
chunks=219450 bytes=449433600 progress=44.94% BPC=0.7370 rate=9.21% top100=96.63%
chunks=219500 bytes=449536000 progress=44.95% BPC=0.7370 rate=9.21% top100=96.63%
chunks=219550 bytes=449638400 progress=44.96% BPC=0.7370 rate=9.21% top100=96.63%
chunks=219600 bytes=449740800 progress=44.97% BPC=0.7369 rate=9.21% top100=96.63%
chunks=219650 bytes=449843200 progress=44.98% BPC=0.7370 rate=9.21% top100=96.63%
chunks=219700 bytes=449945600 progress=44.99% BPC=0.7370 rate=9.21% top100=96.63%
chunks=219750 bytes=450048000 progress=45.00% BPC=0.7370 rate=9.21% top100=96.63%
chunks=219800 bytes=450150400 progress=45.02% BPC=0.7370 rate=9.21% top100=96.63%
chunks=219850 bytes=450252800 progress=45.03% BPC=0.7369 rate=9.21% top100=96.63%
chunks=219900 bytes=450355200 progress=45.04% BPC=0.7369 rate=9.21% top100=96.63%
chunks=219950 bytes=450457600 progress=45.05% BPC=0.7370 rate=9.21% top100=96.63%
chunks=220000 bytes=450560000 progress=45.06% BPC=0.7370 rate=9.21% top100=96.63%
chunks=220050 bytes=450662400 progress=45.07% BPC=0.7370 rate=9.21% top100=96.63%
chunks=220100 bytes=450764800 progress=45.08% BPC=0.7370 rate=9.21% top100=96.63%
chunks=220150 bytes=450867200 progress=45.09% BPC=0.7370 rate=9.21% top100=96.63%
chunks=220200 bytes=450969600 progress=45.10% BPC=0.7370 rate=9.21% top100=96.63%
chunks=220250 bytes=451072000 progress=45.11% BPC=0.7370 rate=9.21% top100=96.63%
chunks=220300 bytes=451174400 progress=45.12% BPC=0.7370 rate=9.21% top100=96.63%
chunks=220350 bytes=451276800 progress=45.13% BPC=0.7370 rate=9.21% top100=96.63%
chunks=220400 bytes=451379200 progress=45.14% BPC=0.7370 rate=9.21% top100=96.63%
chunks=220450 bytes=451481600 progress=45.15% BPC=0.7370 rate=9.21% top100=96.63%
chunks=220500 bytes=451584000 progress=45.16% BPC=0.7370 rate=9.21% top100=96.63%
chunks=220550 bytes=451686400 progress=45.17% BPC=0.7370 rate=9.21% top100=96.63%
chunks=220600 bytes=451788800 progress=45.18% BPC=0.7370 rate=9.21% top100=96.63%
chunks=220650 bytes=451891200 progress=45.19% BPC=0.7370 rate=9.21% top100=96.63%
chunks=220700 bytes=451993600 progress=45.20% BPC=0.7370 rate=9.21% top100=96.63%
chunks=220750 bytes=452096000 progress=45.21% BPC=0.7370 rate=9.21% top100=96.63%
chunks=220800 bytes=452198400 progress=45.22% BPC=0.7370 rate=9.21% top100=96.63%
chunks=220850 bytes=452300800 progress=45.23% BPC=0.7369 rate=9.21% top100=96.63%
chunks=220900 bytes=452403200 progress=45.24% BPC=0.7369 rate=9.21% top100=96.63%
chunks=220950 bytes=452505600 progress=45.25% BPC=0.7369 rate=9.21% top100=96.63%
chunks=221000 bytes=452608000 progress=45.26% BPC=0.7369 rate=9.21% top100=96.63%
chunks=221050 bytes=452710400 progress=45.27% BPC=0.7369 rate=9.21% top100=96.63%
chunks=221100 bytes=452812800 progress=45.28% BPC=0.7369 rate=9.21% top100=96.63%
chunks=221150 bytes=452915200 progress=45.29% BPC=0.7370 rate=9.21% top100=96.63%
chunks=221200 bytes=453017600 progress=45.30% BPC=0.7370 rate=9.21% top100=96.63%
chunks=221250 bytes=453120000 progress=45.31% BPC=0.7370 rate=9.21% top100=96.63%
chunks=221300 bytes=453222400 progress=45.32% BPC=0.7370 rate=9.21% top100=96.63%
chunks=221350 bytes=453324800 progress=45.33% BPC=0.7370 rate=9.21% top100=96.63%
chunks=221400 bytes=453427200 progress=45.34% BPC=0.7370 rate=9.21% top100=96.63%
chunks=221450 bytes=453529600 progress=45.35% BPC=0.7370 rate=9.21% top100=96.63%
chunks=221500 bytes=453632000 progress=45.36% BPC=0.7370 rate=9.21% top100=96.63%
chunks=221550 bytes=453734400 progress=45.37% BPC=0.7369 rate=9.21% top100=96.63%
chunks=221600 bytes=453836800 progress=45.38% BPC=0.7370 rate=9.21% top100=96.63%
chunks=221650 bytes=453939200 progress=45.39% BPC=0.7370 rate=9.21% top100=96.63%
chunks=221700 bytes=454041600 progress=45.40% BPC=0.7370 rate=9.21% top100=96.63%
chunks=221750 bytes=454144000 progress=45.41% BPC=0.7370 rate=9.21% top100=96.63%
chunks=221800 bytes=454246400 progress=45.42% BPC=0.7370 rate=9.21% top100=96.63%
chunks=221850 bytes=454348800 progress=45.43% BPC=0.7370 rate=9.21% top100=96.63%
chunks=221900 bytes=454451200 progress=45.45% BPC=0.7370 rate=9.21% top100=96.63%
chunks=221950 bytes=454553600 progress=45.46% BPC=0.7371 rate=9.21% top100=96.63%
chunks=222000 bytes=454656000 progress=45.47% BPC=0.7371 rate=9.21% top100=96.63%
chunks=222050 bytes=454758400 progress=45.48% BPC=0.7371 rate=9.21% top100=96.63%
chunks=222100 bytes=454860800 progress=45.49% BPC=0.7371 rate=9.21% top100=96.63%
chunks=222150 bytes=454963200 progress=45.50% BPC=0.7371 rate=9.21% top100=96.63%
chunks=222200 bytes=455065600 progress=45.51% BPC=0.7371 rate=9.21% top100=96.63%
chunks=222250 bytes=455168000 progress=45.52% BPC=0.7370 rate=9.21% top100=96.63%
chunks=222300 bytes=455270400 progress=45.53% BPC=0.7370 rate=9.21% top100=96.63%
chunks=222350 bytes=455372800 progress=45.54% BPC=0.7370 rate=9.21% top100=96.63%
chunks=222400 bytes=455475200 progress=45.55% BPC=0.7370 rate=9.21% top100=96.63%
chunks=222450 bytes=455577600 progress=45.56% BPC=0.7370 rate=9.21% top100=96.63%
chunks=222500 bytes=455680000 progress=45.57% BPC=0.7370 rate=9.21% top100=96.63%
chunks=222550 bytes=455782400 progress=45.58% BPC=0.7370 rate=9.21% top100=96.63%
chunks=222600 bytes=455884800 progress=45.59% BPC=0.7370 rate=9.21% top100=96.63%
chunks=222650 bytes=455987200 progress=45.60% BPC=0.7370 rate=9.21% top100=96.63%
chunks=222700 bytes=456089600 progress=45.61% BPC=0.7370 rate=9.21% top100=96.63%
chunks=222750 bytes=456192000 progress=45.62% BPC=0.7370 rate=9.21% top100=96.63%
chunks=222800 bytes=456294400 progress=45.63% BPC=0.7370 rate=9.21% top100=96.63%
chunks=222850 bytes=456396800 progress=45.64% BPC=0.7370 rate=9.21% top100=96.63%
chunks=222900 bytes=456499200 progress=45.65% BPC=0.7370 rate=9.21% top100=96.63%
chunks=222950 bytes=456601600 progress=45.66% BPC=0.7370 rate=9.21% top100=96.63%
chunks=223000 bytes=456704000 progress=45.67% BPC=0.7370 rate=9.21% top100=96.63%
chunks=223050 bytes=456806400 progress=45.68% BPC=0.7370 rate=9.21% top100=96.63%
chunks=223100 bytes=456908800 progress=45.69% BPC=0.7370 rate=9.21% top100=96.63%
chunks=223150 bytes=457011200 progress=45.70% BPC=0.7370 rate=9.21% top100=96.63%
chunks=223200 bytes=457113600 progress=45.71% BPC=0.7370 rate=9.21% top100=96.63%
chunks=223250 bytes=457216000 progress=45.72% BPC=0.7370 rate=9.21% top100=96.63%
chunks=223300 bytes=457318400 progress=45.73% BPC=0.7370 rate=9.21% top100=96.63%
chunks=223350 bytes=457420800 progress=45.74% BPC=0.7370 rate=9.21% top100=96.63%
chunks=223400 bytes=457523200 progress=45.75% BPC=0.7370 rate=9.21% top100=96.63%
chunks=223450 bytes=457625600 progress=45.76% BPC=0.7370 rate=9.21% top100=96.63%
chunks=223500 bytes=457728000 progress=45.77% BPC=0.7370 rate=9.21% top100=96.63%
chunks=223550 bytes=457830400 progress=45.78% BPC=0.7370 rate=9.21% top100=96.63%
chunks=223600 bytes=457932800 progress=45.79% BPC=0.7370 rate=9.21% top100=96.63%
chunks=223650 bytes=458035200 progress=45.80% BPC=0.7370 rate=9.21% top100=96.63%
chunks=223700 bytes=458137600 progress=45.81% BPC=0.7370 rate=9.21% top100=96.63%
chunks=223750 bytes=458240000 progress=45.82% BPC=0.7370 rate=9.21% top100=96.63%
chunks=223800 bytes=458342400 progress=45.83% BPC=0.7370 rate=9.21% top100=96.63%
chunks=223850 bytes=458444800 progress=45.84% BPC=0.7370 rate=9.21% top100=96.63%
chunks=223900 bytes=458547200 progress=45.85% BPC=0.7370 rate=9.21% top100=96.63%
chunks=223950 bytes=458649600 progress=45.86% BPC=0.7370 rate=9.21% top100=96.63%
chunks=224000 bytes=458752000 progress=45.88% BPC=0.7370 rate=9.21% top100=96.63%
chunks=224050 bytes=458854400 progress=45.89% BPC=0.7370 rate=9.21% top100=96.63%
chunks=224100 bytes=458956800 progress=45.90% BPC=0.7370 rate=9.21% top100=96.63%
chunks=224150 bytes=459059200 progress=45.91% BPC=0.7370 rate=9.21% top100=96.63%
chunks=224200 bytes=459161600 progress=45.92% BPC=0.7370 rate=9.21% top100=96.63%
chunks=224250 bytes=459264000 progress=45.93% BPC=0.7370 rate=9.21% top100=96.63%
chunks=224300 bytes=459366400 progress=45.94% BPC=0.7370 rate=9.21% top100=96.63%
chunks=224350 bytes=459468800 progress=45.95% BPC=0.7370 rate=9.21% top100=96.63%
chunks=224400 bytes=459571200 progress=45.96% BPC=0.7370 rate=9.21% top100=96.63%
chunks=224450 bytes=459673600 progress=45.97% BPC=0.7370 rate=9.21% top100=96.63%
chunks=224500 bytes=459776000 progress=45.98% BPC=0.7370 rate=9.21% top100=96.63%
chunks=224550 bytes=459878400 progress=45.99% BPC=0.7370 rate=9.21% top100=96.63%
chunks=224600 bytes=459980800 progress=46.00% BPC=0.7370 rate=9.21% top100=96.63%
chunks=224650 bytes=460083200 progress=46.01% BPC=0.7370 rate=9.21% top100=96.63%
chunks=224700 bytes=460185600 progress=46.02% BPC=0.7370 rate=9.21% top100=96.63%
chunks=224750 bytes=460288000 progress=46.03% BPC=0.7370 rate=9.21% top100=96.63%
chunks=224800 bytes=460390400 progress=46.04% BPC=0.7370 rate=9.21% top100=96.63%
chunks=224850 bytes=460492800 progress=46.05% BPC=0.7370 rate=9.21% top100=96.63%
chunks=224900 bytes=460595200 progress=46.06% BPC=0.7370 rate=9.21% top100=96.63%
chunks=224950 bytes=460697600 progress=46.07% BPC=0.7370 rate=9.21% top100=96.63%
chunks=225000 bytes=460800000 progress=46.08% BPC=0.7370 rate=9.21% top100=96.63%
chunks=225050 bytes=460902400 progress=46.09% BPC=0.7370 rate=9.21% top100=96.63%
chunks=225100 bytes=461004800 progress=46.10% BPC=0.7370 rate=9.21% top100=96.63%
chunks=225150 bytes=461107200 progress=46.11% BPC=0.7370 rate=9.21% top100=96.63%
chunks=225200 bytes=461209600 progress=46.12% BPC=0.7370 rate=9.21% top100=96.63%
chunks=225250 bytes=461312000 progress=46.13% BPC=0.7370 rate=9.21% top100=96.63%
chunks=225300 bytes=461414400 progress=46.14% BPC=0.7370 rate=9.21% top100=96.63%
chunks=225350 bytes=461516800 progress=46.15% BPC=0.7370 rate=9.21% top100=96.63%
chunks=225400 bytes=461619200 progress=46.16% BPC=0.7370 rate=9.21% top100=96.63%
chunks=225450 bytes=461721600 progress=46.17% BPC=0.7370 rate=9.21% top100=96.63%
chunks=225500 bytes=461824000 progress=46.18% BPC=0.7370 rate=9.21% top100=96.63%
chunks=225550 bytes=461926400 progress=46.19% BPC=0.7369 rate=9.21% top100=96.63%
chunks=225600 bytes=462028800 progress=46.20% BPC=0.7369 rate=9.21% top100=96.63%
chunks=225650 bytes=462131200 progress=46.21% BPC=0.7369 rate=9.21% top100=96.63%
chunks=225700 bytes=462233600 progress=46.22% BPC=0.7368 rate=9.21% top100=96.63%
chunks=225750 bytes=462336000 progress=46.23% BPC=0.7368 rate=9.21% top100=96.63%
chunks=225800 bytes=462438400 progress=46.24% BPC=0.7367 rate=9.21% top100=96.63%
chunks=225850 bytes=462540800 progress=46.25% BPC=0.7367 rate=9.21% top100=96.63%
chunks=225900 bytes=462643200 progress=46.26% BPC=0.7366 rate=9.21% top100=96.63%
chunks=225950 bytes=462745600 progress=46.27% BPC=0.7366 rate=9.21% top100=96.63%
chunks=226000 bytes=462848000 progress=46.28% BPC=0.7366 rate=9.21% top100=96.63%
chunks=226050 bytes=462950400 progress=46.30% BPC=0.7365 rate=9.21% top100=96.63%
chunks=226100 bytes=463052800 progress=46.31% BPC=0.7365 rate=9.21% top100=96.63%
chunks=226150 bytes=463155200 progress=46.32% BPC=0.7365 rate=9.21% top100=96.64%
chunks=226200 bytes=463257600 progress=46.33% BPC=0.7364 rate=9.21% top100=96.64%
chunks=226250 bytes=463360000 progress=46.34% BPC=0.7364 rate=9.21% top100=96.64%
chunks=226300 bytes=463462400 progress=46.35% BPC=0.7364 rate=9.21% top100=96.64%
chunks=226350 bytes=463564800 progress=46.36% BPC=0.7364 rate=9.21% top100=96.64%
chunks=226400 bytes=463667200 progress=46.37% BPC=0.7364 rate=9.21% top100=96.64%
chunks=226450 bytes=463769600 progress=46.38% BPC=0.7364 rate=9.21% top100=96.64%
chunks=226500 bytes=463872000 progress=46.39% BPC=0.7364 rate=9.20% top100=96.64%
chunks=226550 bytes=463974400 progress=46.40% BPC=0.7363 rate=9.20% top100=96.64%
chunks=226600 bytes=464076800 progress=46.41% BPC=0.7363 rate=9.20% top100=96.64%
chunks=226650 bytes=464179200 progress=46.42% BPC=0.7363 rate=9.20% top100=96.64%
chunks=226700 bytes=464281600 progress=46.43% BPC=0.7362 rate=9.20% top100=96.64%
chunks=226750 bytes=464384000 progress=46.44% BPC=0.7362 rate=9.20% top100=96.64%
chunks=226800 bytes=464486400 progress=46.45% BPC=0.7362 rate=9.20% top100=96.64%
chunks=226850 bytes=464588800 progress=46.46% BPC=0.7362 rate=9.20% top100=96.64%
chunks=226900 bytes=464691200 progress=46.47% BPC=0.7362 rate=9.20% top100=96.64%
chunks=226950 bytes=464793600 progress=46.48% BPC=0.7362 rate=9.20% top100=96.64%
chunks=227000 bytes=464896000 progress=46.49% BPC=0.7362 rate=9.20% top100=96.64%
chunks=227050 bytes=464998400 progress=46.50% BPC=0.7361 rate=9.20% top100=96.64%
chunks=227100 bytes=465100800 progress=46.51% BPC=0.7361 rate=9.20% top100=96.64%
chunks=227150 bytes=465203200 progress=46.52% BPC=0.7360 rate=9.20% top100=96.64%
chunks=227200 bytes=465305600 progress=46.53% BPC=0.7360 rate=9.20% top100=96.64%
chunks=227250 bytes=465408000 progress=46.54% BPC=0.7359 rate=9.20% top100=96.64%
chunks=227300 bytes=465510400 progress=46.55% BPC=0.7359 rate=9.20% top100=96.64%
chunks=227350 bytes=465612800 progress=46.56% BPC=0.7359 rate=9.20% top100=96.64%
chunks=227400 bytes=465715200 progress=46.57% BPC=0.7358 rate=9.20% top100=96.64%
chunks=227450 bytes=465817600 progress=46.58% BPC=0.7358 rate=9.20% top100=96.64%
chunks=227500 bytes=465920000 progress=46.59% BPC=0.7358 rate=9.20% top100=96.64%
chunks=227550 bytes=466022400 progress=46.60% BPC=0.7357 rate=9.20% top100=96.64%
chunks=227600 bytes=466124800 progress=46.61% BPC=0.7357 rate=9.20% top100=96.64%
chunks=227650 bytes=466227200 progress=46.62% BPC=0.7357 rate=9.20% top100=96.64%
chunks=227700 bytes=466329600 progress=46.63% BPC=0.7357 rate=9.20% top100=96.65%
chunks=227750 bytes=466432000 progress=46.64% BPC=0.7357 rate=9.20% top100=96.65%
chunks=227800 bytes=466534400 progress=46.65% BPC=0.7357 rate=9.20% top100=96.65%
chunks=227850 bytes=466636800 progress=46.66% BPC=0.7357 rate=9.20% top100=96.65%
chunks=227900 bytes=466739200 progress=46.67% BPC=0.7357 rate=9.20% top100=96.65%
chunks=227950 bytes=466841600 progress=46.68% BPC=0.7357 rate=9.20% top100=96.65%
chunks=228000 bytes=466944000 progress=46.69% BPC=0.7357 rate=9.20% top100=96.65%
chunks=228050 bytes=467046400 progress=46.70% BPC=0.7357 rate=9.20% top100=96.65%
chunks=228100 bytes=467148800 progress=46.71% BPC=0.7357 rate=9.20% top100=96.65%
chunks=228150 bytes=467251200 progress=46.73% BPC=0.7357 rate=9.20% top100=96.65%
chunks=228200 bytes=467353600 progress=46.74% BPC=0.7357 rate=9.20% top100=96.64%
chunks=228250 bytes=467456000 progress=46.75% BPC=0.7357 rate=9.20% top100=96.64%
chunks=228300 bytes=467558400 progress=46.76% BPC=0.7357 rate=9.20% top100=96.64%
chunks=228350 bytes=467660800 progress=46.77% BPC=0.7357 rate=9.20% top100=96.64%
chunks=228400 bytes=467763200 progress=46.78% BPC=0.7357 rate=9.20% top100=96.64%
chunks=228450 bytes=467865600 progress=46.79% BPC=0.7357 rate=9.20% top100=96.64%
chunks=228500 bytes=467968000 progress=46.80% BPC=0.7357 rate=9.20% top100=96.64%
chunks=228550 bytes=468070400 progress=46.81% BPC=0.7357 rate=9.20% top100=96.64%
chunks=228600 bytes=468172800 progress=46.82% BPC=0.7357 rate=9.20% top100=96.64%
chunks=228650 bytes=468275200 progress=46.83% BPC=0.7357 rate=9.20% top100=96.64%
chunks=228700 bytes=468377600 progress=46.84% BPC=0.7357 rate=9.20% top100=96.64%
chunks=228750 bytes=468480000 progress=46.85% BPC=0.7357 rate=9.20% top100=96.64%
chunks=228800 bytes=468582400 progress=46.86% BPC=0.7356 rate=9.20% top100=96.65%
chunks=228850 bytes=468684800 progress=46.87% BPC=0.7356 rate=9.19% top100=96.65%
chunks=228900 bytes=468787200 progress=46.88% BPC=0.7356 rate=9.19% top100=96.65%
chunks=228950 bytes=468889600 progress=46.89% BPC=0.7355 rate=9.19% top100=96.65%
chunks=229000 bytes=468992000 progress=46.90% BPC=0.7355 rate=9.19% top100=96.65%
chunks=229050 bytes=469094400 progress=46.91% BPC=0.7354 rate=9.19% top100=96.65%
chunks=229100 bytes=469196800 progress=46.92% BPC=0.7354 rate=9.19% top100=96.65%
chunks=229150 bytes=469299200 progress=46.93% BPC=0.7353 rate=9.19% top100=96.65%
chunks=229200 bytes=469401600 progress=46.94% BPC=0.7353 rate=9.19% top100=96.65%
chunks=229250 bytes=469504000 progress=46.95% BPC=0.7352 rate=9.19% top100=96.65%
chunks=229300 bytes=469606400 progress=46.96% BPC=0.7352 rate=9.19% top100=96.65%
chunks=229350 bytes=469708800 progress=46.97% BPC=0.7351 rate=9.19% top100=96.65%
chunks=229400 bytes=469811200 progress=46.98% BPC=0.7351 rate=9.19% top100=96.65%
chunks=229450 bytes=469913600 progress=46.99% BPC=0.7350 rate=9.19% top100=96.65%
chunks=229500 bytes=470016000 progress=47.00% BPC=0.7350 rate=9.19% top100=96.65%
chunks=229550 bytes=470118400 progress=47.01% BPC=0.7349 rate=9.19% top100=96.65%
chunks=229600 bytes=470220800 progress=47.02% BPC=0.7349 rate=9.19% top100=96.65%
chunks=229650 bytes=470323200 progress=47.03% BPC=0.7348 rate=9.19% top100=96.65%
chunks=229700 bytes=470425600 progress=47.04% BPC=0.7348 rate=9.18% top100=96.66%
chunks=229750 bytes=470528000 progress=47.05% BPC=0.7347 rate=9.18% top100=96.66%
chunks=229800 bytes=470630400 progress=47.06% BPC=0.7347 rate=9.18% top100=96.66%
chunks=229850 bytes=470732800 progress=47.07% BPC=0.7346 rate=9.18% top100=96.66%
chunks=229900 bytes=470835200 progress=47.08% BPC=0.7346 rate=9.18% top100=96.66%
chunks=229950 bytes=470937600 progress=47.09% BPC=0.7345 rate=9.18% top100=96.66%
chunks=230000 bytes=471040000 progress=47.10% BPC=0.7344 rate=9.18% top100=96.66%
chunks=230050 bytes=471142400 progress=47.11% BPC=0.7344 rate=9.18% top100=96.66%
chunks=230100 bytes=471244800 progress=47.12% BPC=0.7344 rate=9.18% top100=96.66%
chunks=230150 bytes=471347200 progress=47.13% BPC=0.7343 rate=9.18% top100=96.66%
chunks=230200 bytes=471449600 progress=47.14% BPC=0.7343 rate=9.18% top100=96.66%
chunks=230250 bytes=471552000 progress=47.16% BPC=0.7343 rate=9.18% top100=96.66%
chunks=230300 bytes=471654400 progress=47.17% BPC=0.7342 rate=9.18% top100=96.66%
chunks=230350 bytes=471756800 progress=47.18% BPC=0.7342 rate=9.18% top100=96.66%
chunks=230400 bytes=471859200 progress=47.19% BPC=0.7341 rate=9.18% top100=96.66%
chunks=230450 bytes=471961600 progress=47.20% BPC=0.7341 rate=9.18% top100=96.66%
chunks=230500 bytes=472064000 progress=47.21% BPC=0.7340 rate=9.18% top100=96.66%
chunks=230550 bytes=472166400 progress=47.22% BPC=0.7340 rate=9.17% top100=96.66%
chunks=230600 bytes=472268800 progress=47.23% BPC=0.7340 rate=9.17% top100=96.66%
chunks=230650 bytes=472371200 progress=47.24% BPC=0.7339 rate=9.17% top100=96.66%
chunks=230700 bytes=472473600 progress=47.25% BPC=0.7339 rate=9.17% top100=96.66%
chunks=230750 bytes=472576000 progress=47.26% BPC=0.7339 rate=9.17% top100=96.66%
chunks=230800 bytes=472678400 progress=47.27% BPC=0.7339 rate=9.17% top100=96.67%
chunks=230850 bytes=472780800 progress=47.28% BPC=0.7338 rate=9.17% top100=96.67%
chunks=230900 bytes=472883200 progress=47.29% BPC=0.7338 rate=9.17% top100=96.67%
chunks=230950 bytes=472985600 progress=47.30% BPC=0.7337 rate=9.17% top100=96.67%
chunks=231000 bytes=473088000 progress=47.31% BPC=0.7337 rate=9.17% top100=96.67%
chunks=231050 bytes=473190400 progress=47.32% BPC=0.7337 rate=9.17% top100=96.67%
chunks=231100 bytes=473292800 progress=47.33% BPC=0.7336 rate=9.17% top100=96.67%
chunks=231150 bytes=473395200 progress=47.34% BPC=0.7336 rate=9.17% top100=96.67%
chunks=231200 bytes=473497600 progress=47.35% BPC=0.7336 rate=9.17% top100=96.67%
chunks=231250 bytes=473600000 progress=47.36% BPC=0.7335 rate=9.17% top100=96.67%
chunks=231300 bytes=473702400 progress=47.37% BPC=0.7335 rate=9.17% top100=96.67%
chunks=231350 bytes=473804800 progress=47.38% BPC=0.7334 rate=9.17% top100=96.67%
chunks=231400 bytes=473907200 progress=47.39% BPC=0.7334 rate=9.17% top100=96.67%
chunks=231450 bytes=474009600 progress=47.40% BPC=0.7333 rate=9.17% top100=96.67%
chunks=231500 bytes=474112000 progress=47.41% BPC=0.7333 rate=9.17% top100=96.67%
chunks=231550 bytes=474214400 progress=47.42% BPC=0.7333 rate=9.17% top100=96.67%
chunks=231600 bytes=474316800 progress=47.43% BPC=0.7332 rate=9.17% top100=96.67%
chunks=231650 bytes=474419200 progress=47.44% BPC=0.7332 rate=9.16% top100=96.67%
chunks=231700 bytes=474521600 progress=47.45% BPC=0.7332 rate=9.16% top100=96.67%
chunks=231750 bytes=474624000 progress=47.46% BPC=0.7331 rate=9.16% top100=96.67%
chunks=231800 bytes=474726400 progress=47.47% BPC=0.7331 rate=9.16% top100=96.67%
chunks=231850 bytes=474828800 progress=47.48% BPC=0.7331 rate=9.16% top100=96.67%
chunks=231900 bytes=474931200 progress=47.49% BPC=0.7330 rate=9.16% top100=96.67%
chunks=231950 bytes=475033600 progress=47.50% BPC=0.7330 rate=9.16% top100=96.67%
chunks=232000 bytes=475136000 progress=47.51% BPC=0.7330 rate=9.16% top100=96.67%
chunks=232050 bytes=475238400 progress=47.52% BPC=0.7329 rate=9.16% top100=96.67%
chunks=232100 bytes=475340800 progress=47.53% BPC=0.7329 rate=9.16% top100=96.68%
chunks=232150 bytes=475443200 progress=47.54% BPC=0.7328 rate=9.16% top100=96.68%
chunks=232200 bytes=475545600 progress=47.55% BPC=0.7328 rate=9.16% top100=96.68%
chunks=232250 bytes=475648000 progress=47.56% BPC=0.7328 rate=9.16% top100=96.68%
chunks=232300 bytes=475750400 progress=47.58% BPC=0.7327 rate=9.16% top100=96.68%
chunks=232350 bytes=475852800 progress=47.59% BPC=0.7327 rate=9.16% top100=96.68%
chunks=232400 bytes=475955200 progress=47.60% BPC=0.7326 rate=9.16% top100=96.68%
chunks=232450 bytes=476057600 progress=47.61% BPC=0.7326 rate=9.16% top100=96.68%
chunks=232500 bytes=476160000 progress=47.62% BPC=0.7325 rate=9.16% top100=96.68%
chunks=232550 bytes=476262400 progress=47.63% BPC=0.7325 rate=9.16% top100=96.68%
chunks=232600 bytes=476364800 progress=47.64% BPC=0.7324 rate=9.16% top100=96.68%
chunks=232650 bytes=476467200 progress=47.65% BPC=0.7324 rate=9.15% top100=96.68%
chunks=232700 bytes=476569600 progress=47.66% BPC=0.7323 rate=9.15% top100=96.68%
chunks=232750 bytes=476672000 progress=47.67% BPC=0.7323 rate=9.15% top100=96.68%
chunks=232800 bytes=476774400 progress=47.68% BPC=0.7323 rate=9.15% top100=96.68%
chunks=232850 bytes=476876800 progress=47.69% BPC=0.7322 rate=9.15% top100=96.68%
chunks=232900 bytes=476979200 progress=47.70% BPC=0.7322 rate=9.15% top100=96.68%
chunks=232950 bytes=477081600 progress=47.71% BPC=0.7321 rate=9.15% top100=96.68%
chunks=233000 bytes=477184000 progress=47.72% BPC=0.7321 rate=9.15% top100=96.68%
chunks=233050 bytes=477286400 progress=47.73% BPC=0.7320 rate=9.15% top100=96.68%
chunks=233100 bytes=477388800 progress=47.74% BPC=0.7320 rate=9.15% top100=96.68%
chunks=233150 bytes=477491200 progress=47.75% BPC=0.7319 rate=9.15% top100=96.69%
chunks=233200 bytes=477593600 progress=47.76% BPC=0.7319 rate=9.15% top100=96.69%
chunks=233250 bytes=477696000 progress=47.77% BPC=0.7318 rate=9.15% top100=96.69%
chunks=233300 bytes=477798400 progress=47.78% BPC=0.7318 rate=9.15% top100=96.69%
chunks=233350 bytes=477900800 progress=47.79% BPC=0.7317 rate=9.15% top100=96.69%
chunks=233400 bytes=478003200 progress=47.80% BPC=0.7317 rate=9.15% top100=96.69%
chunks=233450 bytes=478105600 progress=47.81% BPC=0.7316 rate=9.15% top100=96.69%
chunks=233500 bytes=478208000 progress=47.82% BPC=0.7316 rate=9.14% top100=96.69%
chunks=233550 bytes=478310400 progress=47.83% BPC=0.7316 rate=9.14% top100=96.69%
chunks=233600 bytes=478412800 progress=47.84% BPC=0.7315 rate=9.14% top100=96.69%
chunks=233650 bytes=478515200 progress=47.85% BPC=0.7315 rate=9.14% top100=96.69%
chunks=233700 bytes=478617600 progress=47.86% BPC=0.7314 rate=9.14% top100=96.69%
chunks=233750 bytes=478720000 progress=47.87% BPC=0.7314 rate=9.14% top100=96.69%
chunks=233800 bytes=478822400 progress=47.88% BPC=0.7313 rate=9.14% top100=96.69%
chunks=233850 bytes=478924800 progress=47.89% BPC=0.7313 rate=9.14% top100=96.69%
chunks=233900 bytes=479027200 progress=47.90% BPC=0.7312 rate=9.14% top100=96.69%
chunks=233950 bytes=479129600 progress=47.91% BPC=0.7312 rate=9.14% top100=96.69%
chunks=234000 bytes=479232000 progress=47.92% BPC=0.7311 rate=9.14% top100=96.69%
chunks=234050 bytes=479334400 progress=47.93% BPC=0.7311 rate=9.14% top100=96.69%
chunks=234100 bytes=479436800 progress=47.94% BPC=0.7310 rate=9.14% top100=96.69%
chunks=234150 bytes=479539200 progress=47.95% BPC=0.7310 rate=9.14% top100=96.69%
chunks=234200 bytes=479641600 progress=47.96% BPC=0.7309 rate=9.14% top100=96.70%
chunks=234250 bytes=479744000 progress=47.97% BPC=0.7309 rate=9.14% top100=96.70%
chunks=234300 bytes=479846400 progress=47.98% BPC=0.7308 rate=9.14% top100=96.70%
chunks=234350 bytes=479948800 progress=47.99% BPC=0.7308 rate=9.13% top100=96.70%
chunks=234400 bytes=480051200 progress=48.01% BPC=0.7307 rate=9.13% top100=96.70%
chunks=234450 bytes=480153600 progress=48.02% BPC=0.7307 rate=9.13% top100=96.70%
chunks=234500 bytes=480256000 progress=48.03% BPC=0.7307 rate=9.13% top100=96.70%
chunks=234550 bytes=480358400 progress=48.04% BPC=0.7306 rate=9.13% top100=96.70%
chunks=234600 bytes=480460800 progress=48.05% BPC=0.7306 rate=9.13% top100=96.70%
chunks=234650 bytes=480563200 progress=48.06% BPC=0.7305 rate=9.13% top100=96.70%
chunks=234700 bytes=480665600 progress=48.07% BPC=0.7305 rate=9.13% top100=96.70%
chunks=234750 bytes=480768000 progress=48.08% BPC=0.7304 rate=9.13% top100=96.70%
chunks=234800 bytes=480870400 progress=48.09% BPC=0.7304 rate=9.13% top100=96.70%
chunks=234850 bytes=480972800 progress=48.10% BPC=0.7303 rate=9.13% top100=96.70%
chunks=234900 bytes=481075200 progress=48.11% BPC=0.7303 rate=9.13% top100=96.70%
chunks=234950 bytes=481177600 progress=48.12% BPC=0.7303 rate=9.13% top100=96.70%
chunks=235000 bytes=481280000 progress=48.13% BPC=0.7302 rate=9.13% top100=96.70%
chunks=235050 bytes=481382400 progress=48.14% BPC=0.7302 rate=9.13% top100=96.70%
chunks=235100 bytes=481484800 progress=48.15% BPC=0.7301 rate=9.13% top100=96.70%
chunks=235150 bytes=481587200 progress=48.16% BPC=0.7301 rate=9.13% top100=96.70%
chunks=235200 bytes=481689600 progress=48.17% BPC=0.7300 rate=9.13% top100=96.71%
chunks=235250 bytes=481792000 progress=48.18% BPC=0.7300 rate=9.12% top100=96.71%
chunks=235300 bytes=481894400 progress=48.19% BPC=0.7299 rate=9.12% top100=96.71%
chunks=235350 bytes=481996800 progress=48.20% BPC=0.7299 rate=9.12% top100=96.71%
chunks=235400 bytes=482099200 progress=48.21% BPC=0.7298 rate=9.12% top100=96.71%
chunks=235450 bytes=482201600 progress=48.22% BPC=0.7298 rate=9.12% top100=96.71%
chunks=235500 bytes=482304000 progress=48.23% BPC=0.7297 rate=9.12% top100=96.71%
chunks=235550 bytes=482406400 progress=48.24% BPC=0.7297 rate=9.12% top100=96.71%
chunks=235600 bytes=482508800 progress=48.25% BPC=0.7296 rate=9.12% top100=96.71%
chunks=235650 bytes=482611200 progress=48.26% BPC=0.7296 rate=9.12% top100=96.71%
chunks=235700 bytes=482713600 progress=48.27% BPC=0.7296 rate=9.12% top100=96.71%
chunks=235750 bytes=482816000 progress=48.28% BPC=0.7295 rate=9.12% top100=96.71%
chunks=235800 bytes=482918400 progress=48.29% BPC=0.7295 rate=9.12% top100=96.71%
chunks=235850 bytes=483020800 progress=48.30% BPC=0.7294 rate=9.12% top100=96.71%
chunks=235900 bytes=483123200 progress=48.31% BPC=0.7294 rate=9.12% top100=96.71%
chunks=235950 bytes=483225600 progress=48.32% BPC=0.7293 rate=9.12% top100=96.71%
chunks=236000 bytes=483328000 progress=48.33% BPC=0.7293 rate=9.12% top100=96.71%
chunks=236050 bytes=483430400 progress=48.34% BPC=0.7292 rate=9.12% top100=96.71%
chunks=236100 bytes=483532800 progress=48.35% BPC=0.7292 rate=9.11% top100=96.71%
chunks=236150 bytes=483635200 progress=48.36% BPC=0.7291 rate=9.11% top100=96.71%
chunks=236200 bytes=483737600 progress=48.37% BPC=0.7291 rate=9.11% top100=96.72%
chunks=236250 bytes=483840000 progress=48.38% BPC=0.7290 rate=9.11% top100=96.72%
chunks=236300 bytes=483942400 progress=48.39% BPC=0.7290 rate=9.11% top100=96.72%
chunks=236350 bytes=484044800 progress=48.40% BPC=0.7290 rate=9.11% top100=96.72%
chunks=236400 bytes=484147200 progress=48.41% BPC=0.7289 rate=9.11% top100=96.72%
chunks=236450 bytes=484249600 progress=48.42% BPC=0.7289 rate=9.11% top100=96.72%
chunks=236500 bytes=484352000 progress=48.44% BPC=0.7288 rate=9.11% top100=96.72%
chunks=236550 bytes=484454400 progress=48.45% BPC=0.7288 rate=9.11% top100=96.72%
chunks=236600 bytes=484556800 progress=48.46% BPC=0.7287 rate=9.11% top100=96.72%
chunks=236650 bytes=484659200 progress=48.47% BPC=0.7287 rate=9.11% top100=96.72%
chunks=236700 bytes=484761600 progress=48.48% BPC=0.7286 rate=9.11% top100=96.72%
chunks=236750 bytes=484864000 progress=48.49% BPC=0.7286 rate=9.11% top100=96.72%
chunks=236800 bytes=484966400 progress=48.50% BPC=0.7285 rate=9.11% top100=96.72%
chunks=236850 bytes=485068800 progress=48.51% BPC=0.7285 rate=9.11% top100=96.72%
chunks=236900 bytes=485171200 progress=48.52% BPC=0.7284 rate=9.11% top100=96.72%
chunks=236950 bytes=485273600 progress=48.53% BPC=0.7284 rate=9.10% top100=96.72%
chunks=237000 bytes=485376000 progress=48.54% BPC=0.7283 rate=9.10% top100=96.72%
chunks=237050 bytes=485478400 progress=48.55% BPC=0.7283 rate=9.10% top100=96.72%
chunks=237100 bytes=485580800 progress=48.56% BPC=0.7283 rate=9.10% top100=96.72%
chunks=237150 bytes=485683200 progress=48.57% BPC=0.7283 rate=9.10% top100=96.72%
chunks=237200 bytes=485785600 progress=48.58% BPC=0.7282 rate=9.10% top100=96.72%
chunks=237250 bytes=485888000 progress=48.59% BPC=0.7282 rate=9.10% top100=96.73%
chunks=237300 bytes=485990400 progress=48.60% BPC=0.7282 rate=9.10% top100=96.73%
chunks=237350 bytes=486092800 progress=48.61% BPC=0.7281 rate=9.10% top100=96.73%
chunks=237400 bytes=486195200 progress=48.62% BPC=0.7281 rate=9.10% top100=96.73%
chunks=237450 bytes=486297600 progress=48.63% BPC=0.7280 rate=9.10% top100=96.73%
chunks=237500 bytes=486400000 progress=48.64% BPC=0.7280 rate=9.10% top100=96.73%
chunks=237550 bytes=486502400 progress=48.65% BPC=0.7280 rate=9.10% top100=96.73%
chunks=237600 bytes=486604800 progress=48.66% BPC=0.7279 rate=9.10% top100=96.73%
chunks=237650 bytes=486707200 progress=48.67% BPC=0.7278 rate=9.10% top100=96.73%
chunks=237700 bytes=486809600 progress=48.68% BPC=0.7278 rate=9.10% top100=96.73%
chunks=237750 bytes=486912000 progress=48.69% BPC=0.7278 rate=9.10% top100=96.73%
chunks=237800 bytes=487014400 progress=48.70% BPC=0.7277 rate=9.10% top100=96.73%
chunks=237850 bytes=487116800 progress=48.71% BPC=0.7277 rate=9.10% top100=96.73%
chunks=237900 bytes=487219200 progress=48.72% BPC=0.7276 rate=9.10% top100=96.73%
chunks=237950 bytes=487321600 progress=48.73% BPC=0.7276 rate=9.09% top100=96.73%
chunks=238000 bytes=487424000 progress=48.74% BPC=0.7275 rate=9.09% top100=96.73%
chunks=238050 bytes=487526400 progress=48.75% BPC=0.7275 rate=9.09% top100=96.73%
chunks=238100 bytes=487628800 progress=48.76% BPC=0.7274 rate=9.09% top100=96.73%
chunks=238150 bytes=487731200 progress=48.77% BPC=0.7274 rate=9.09% top100=96.73%
chunks=238200 bytes=487833600 progress=48.78% BPC=0.7273 rate=9.09% top100=96.73%
chunks=238250 bytes=487936000 progress=48.79% BPC=0.7273 rate=9.09% top100=96.73%
chunks=238300 bytes=488038400 progress=48.80% BPC=0.7273 rate=9.09% top100=96.73%
chunks=238350 bytes=488140800 progress=48.81% BPC=0.7272 rate=9.09% top100=96.73%
chunks=238400 bytes=488243200 progress=48.82% BPC=0.7272 rate=9.09% top100=96.74%
chunks=238450 bytes=488345600 progress=48.83% BPC=0.7271 rate=9.09% top100=96.74%
chunks=238500 bytes=488448000 progress=48.84% BPC=0.7271 rate=9.09% top100=96.74%
chunks=238550 bytes=488550400 progress=48.86% BPC=0.7270 rate=9.09% top100=96.74%
chunks=238600 bytes=488652800 progress=48.87% BPC=0.7270 rate=9.09% top100=96.74%
chunks=238650 bytes=488755200 progress=48.88% BPC=0.7269 rate=9.09% top100=96.74%
chunks=238700 bytes=488857600 progress=48.89% BPC=0.7269 rate=9.09% top100=96.74%
chunks=238750 bytes=488960000 progress=48.90% BPC=0.7268 rate=9.09% top100=96.74%
chunks=238800 bytes=489062400 progress=48.91% BPC=0.7268 rate=9.08% top100=96.74%
chunks=238850 bytes=489164800 progress=48.92% BPC=0.7267 rate=9.08% top100=96.74%
chunks=238900 bytes=489267200 progress=48.93% BPC=0.7267 rate=9.08% top100=96.74%
chunks=238950 bytes=489369600 progress=48.94% BPC=0.7266 rate=9.08% top100=96.74%
chunks=239000 bytes=489472000 progress=48.95% BPC=0.7266 rate=9.08% top100=96.74%
chunks=239050 bytes=489574400 progress=48.96% BPC=0.7265 rate=9.08% top100=96.74%
chunks=239100 bytes=489676800 progress=48.97% BPC=0.7265 rate=9.08% top100=96.74%
chunks=239150 bytes=489779200 progress=48.98% BPC=0.7264 rate=9.08% top100=96.74%
chunks=239200 bytes=489881600 progress=48.99% BPC=0.7264 rate=9.08% top100=96.74%
chunks=239250 bytes=489984000 progress=49.00% BPC=0.7263 rate=9.08% top100=96.74%
chunks=239300 bytes=490086400 progress=49.01% BPC=0.7263 rate=9.08% top100=96.74%
chunks=239350 bytes=490188800 progress=49.02% BPC=0.7263 rate=9.08% top100=96.74%
chunks=239400 bytes=490291200 progress=49.03% BPC=0.7262 rate=9.08% top100=96.74%
chunks=239450 bytes=490393600 progress=49.04% BPC=0.7262 rate=9.08% top100=96.75%
chunks=239500 bytes=490496000 progress=49.05% BPC=0.7261 rate=9.08% top100=96.75%
chunks=239550 bytes=490598400 progress=49.06% BPC=0.7261 rate=9.08% top100=96.75%
chunks=239600 bytes=490700800 progress=49.07% BPC=0.7260 rate=9.08% top100=96.75%
chunks=239650 bytes=490803200 progress=49.08% BPC=0.7260 rate=9.07% top100=96.75%
chunks=239700 bytes=490905600 progress=49.09% BPC=0.7260 rate=9.07% top100=96.75%
chunks=239750 bytes=491008000 progress=49.10% BPC=0.7259 rate=9.07% top100=96.75%
chunks=239800 bytes=491110400 progress=49.11% BPC=0.7259 rate=9.07% top100=96.75%
chunks=239850 bytes=491212800 progress=49.12% BPC=0.7258 rate=9.07% top100=96.75%
chunks=239900 bytes=491315200 progress=49.13% BPC=0.7258 rate=9.07% top100=96.75%
chunks=239950 bytes=491417600 progress=49.14% BPC=0.7257 rate=9.07% top100=96.75%
chunks=240000 bytes=491520000 progress=49.15% BPC=0.7257 rate=9.07% top100=96.75%
chunks=240050 bytes=491622400 progress=49.16% BPC=0.7256 rate=9.07% top100=96.75%
chunks=240100 bytes=491724800 progress=49.17% BPC=0.7256 rate=9.07% top100=96.75%
chunks=240150 bytes=491827200 progress=49.18% BPC=0.7256 rate=9.07% top100=96.75%
chunks=240200 bytes=491929600 progress=49.19% BPC=0.7255 rate=9.07% top100=96.75%
chunks=240250 bytes=492032000 progress=49.20% BPC=0.7255 rate=9.07% top100=96.75%
chunks=240300 bytes=492134400 progress=49.21% BPC=0.7254 rate=9.07% top100=96.75%
chunks=240350 bytes=492236800 progress=49.22% BPC=0.7254 rate=9.07% top100=96.75%
chunks=240400 bytes=492339200 progress=49.23% BPC=0.7253 rate=9.07% top100=96.75%
chunks=240450 bytes=492441600 progress=49.24% BPC=0.7253 rate=9.07% top100=96.75%
chunks=240500 bytes=492544000 progress=49.25% BPC=0.7252 rate=9.07% top100=96.76%
chunks=240550 bytes=492646400 progress=49.26% BPC=0.7252 rate=9.06% top100=96.76%
chunks=240600 bytes=492748800 progress=49.27% BPC=0.7251 rate=9.06% top100=96.76%
chunks=240650 bytes=492851200 progress=49.29% BPC=0.7251 rate=9.06% top100=96.76%
chunks=240700 bytes=492953600 progress=49.30% BPC=0.7250 rate=9.06% top100=96.76%
chunks=240750 bytes=493056000 progress=49.31% BPC=0.7250 rate=9.06% top100=96.76%
chunks=240800 bytes=493158400 progress=49.32% BPC=0.7249 rate=9.06% top100=96.76%
chunks=240850 bytes=493260800 progress=49.33% BPC=0.7249 rate=9.06% top100=96.76%
chunks=240900 bytes=493363200 progress=49.34% BPC=0.7249 rate=9.06% top100=96.76%
chunks=240950 bytes=493465600 progress=49.35% BPC=0.7249 rate=9.06% top100=96.76%
chunks=241000 bytes=493568000 progress=49.36% BPC=0.7249 rate=9.06% top100=96.76%
chunks=241050 bytes=493670400 progress=49.37% BPC=0.7249 rate=9.06% top100=96.76%
chunks=241100 bytes=493772800 progress=49.38% BPC=0.7250 rate=9.06% top100=96.76%
chunks=241150 bytes=493875200 progress=49.39% BPC=0.7250 rate=9.06% top100=96.76%
chunks=241200 bytes=493977600 progress=49.40% BPC=0.7250 rate=9.06% top100=96.76%
chunks=241250 bytes=494080000 progress=49.41% BPC=0.7250 rate=9.06% top100=96.76%
chunks=241300 bytes=494182400 progress=49.42% BPC=0.7250 rate=9.06% top100=96.76%
chunks=241350 bytes=494284800 progress=49.43% BPC=0.7250 rate=9.06% top100=96.76%
chunks=241400 bytes=494387200 progress=49.44% BPC=0.7250 rate=9.06% top100=96.76%
chunks=241450 bytes=494489600 progress=49.45% BPC=0.7250 rate=9.06% top100=96.76%
chunks=241500 bytes=494592000 progress=49.46% BPC=0.7250 rate=9.06% top100=96.76%
chunks=241550 bytes=494694400 progress=49.47% BPC=0.7250 rate=9.06% top100=96.76%
chunks=241600 bytes=494796800 progress=49.48% BPC=0.7250 rate=9.06% top100=96.76%
chunks=241650 bytes=494899200 progress=49.49% BPC=0.7250 rate=9.06% top100=96.76%
chunks=241700 bytes=495001600 progress=49.50% BPC=0.7250 rate=9.06% top100=96.76%
chunks=241750 bytes=495104000 progress=49.51% BPC=0.7250 rate=9.06% top100=96.76%
chunks=241800 bytes=495206400 progress=49.52% BPC=0.7250 rate=9.06% top100=96.76%
chunks=241850 bytes=495308800 progress=49.53% BPC=0.7250 rate=9.06% top100=96.76%
chunks=241900 bytes=495411200 progress=49.54% BPC=0.7251 rate=9.06% top100=96.76%
chunks=241950 bytes=495513600 progress=49.55% BPC=0.7250 rate=9.06% top100=96.76%
chunks=242000 bytes=495616000 progress=49.56% BPC=0.7250 rate=9.06% top100=96.76%
chunks=242050 bytes=495718400 progress=49.57% BPC=0.7249 rate=9.06% top100=96.76%
chunks=242100 bytes=495820800 progress=49.58% BPC=0.7249 rate=9.06% top100=96.76%
chunks=242150 bytes=495923200 progress=49.59% BPC=0.7248 rate=9.06% top100=96.76%
chunks=242200 bytes=496025600 progress=49.60% BPC=0.7248 rate=9.06% top100=96.76%
chunks=242250 bytes=496128000 progress=49.61% BPC=0.7247 rate=9.06% top100=96.76%
chunks=242300 bytes=496230400 progress=49.62% BPC=0.7247 rate=9.06% top100=96.76%
chunks=242350 bytes=496332800 progress=49.63% BPC=0.7246 rate=9.06% top100=96.76%
chunks=242400 bytes=496435200 progress=49.64% BPC=0.7246 rate=9.06% top100=96.76%
chunks=242450 bytes=496537600 progress=49.65% BPC=0.7245 rate=9.06% top100=96.76%
chunks=242500 bytes=496640000 progress=49.66% BPC=0.7245 rate=9.06% top100=96.76%
chunks=242550 bytes=496742400 progress=49.67% BPC=0.7244 rate=9.06% top100=96.76%
chunks=242600 bytes=496844800 progress=49.68% BPC=0.7244 rate=9.05% top100=96.76%
chunks=242650 bytes=496947200 progress=49.69% BPC=0.7243 rate=9.05% top100=96.76%
chunks=242700 bytes=497049600 progress=49.70% BPC=0.7243 rate=9.05% top100=96.77%
chunks=242750 bytes=497152000 progress=49.72% BPC=0.7242 rate=9.05% top100=96.77%
chunks=242800 bytes=497254400 progress=49.73% BPC=0.7242 rate=9.05% top100=96.77%
chunks=242850 bytes=497356800 progress=49.74% BPC=0.7241 rate=9.05% top100=96.77%
chunks=242900 bytes=497459200 progress=49.75% BPC=0.7241 rate=9.05% top100=96.77%
chunks=242950 bytes=497561600 progress=49.76% BPC=0.7240 rate=9.05% top100=96.77%
chunks=243000 bytes=497664000 progress=49.77% BPC=0.7240 rate=9.05% top100=96.77%
chunks=243050 bytes=497766400 progress=49.78% BPC=0.7239 rate=9.05% top100=96.77%
chunks=243100 bytes=497868800 progress=49.79% BPC=0.7239 rate=9.05% top100=96.77%
chunks=243150 bytes=497971200 progress=49.80% BPC=0.7238 rate=9.05% top100=96.77%
chunks=243200 bytes=498073600 progress=49.81% BPC=0.7238 rate=9.05% top100=96.77%
chunks=243250 bytes=498176000 progress=49.82% BPC=0.7237 rate=9.05% top100=96.77%
chunks=243300 bytes=498278400 progress=49.83% BPC=0.7237 rate=9.05% top100=96.77%
chunks=243350 bytes=498380800 progress=49.84% BPC=0.7236 rate=9.05% top100=96.77%
chunks=243400 bytes=498483200 progress=49.85% BPC=0.7236 rate=9.05% top100=96.77%
chunks=243450 bytes=498585600 progress=49.86% BPC=0.7236 rate=9.04% top100=96.77%
chunks=243500 bytes=498688000 progress=49.87% BPC=0.7235 rate=9.04% top100=96.77%
chunks=243550 bytes=498790400 progress=49.88% BPC=0.7235 rate=9.04% top100=96.77%
chunks=243600 bytes=498892800 progress=49.89% BPC=0.7234 rate=9.04% top100=96.77%
chunks=243650 bytes=498995200 progress=49.90% BPC=0.7234 rate=9.04% top100=96.77%
chunks=243700 bytes=499097600 progress=49.91% BPC=0.7233 rate=9.04% top100=96.77%
chunks=243750 bytes=499200000 progress=49.92% BPC=0.7233 rate=9.04% top100=96.78%
chunks=243800 bytes=499302400 progress=49.93% BPC=0.7232 rate=9.04% top100=96.78%
chunks=243850 bytes=499404800 progress=49.94% BPC=0.7232 rate=9.04% top100=96.78%
chunks=243900 bytes=499507200 progress=49.95% BPC=0.7231 rate=9.04% top100=96.78%
chunks=243950 bytes=499609600 progress=49.96% BPC=0.7231 rate=9.04% top100=96.78%
chunks=244000 bytes=499712000 progress=49.97% BPC=0.7230 rate=9.04% top100=96.78%
chunks=244050 bytes=499814400 progress=49.98% BPC=0.7230 rate=9.04% top100=96.78%
chunks=244100 bytes=499916800 progress=49.99% BPC=0.7229 rate=9.04% top100=96.78%
chunks=244150 bytes=500019200 progress=50.00% BPC=0.7229 rate=9.04% top100=96.78%
chunks=244200 bytes=500121600 progress=50.01% BPC=0.7228 rate=9.04% top100=96.78%
chunks=244250 bytes=500224000 progress=50.02% BPC=0.7228 rate=9.04% top100=96.78%
chunks=244300 bytes=500326400 progress=50.03% BPC=0.7228 rate=9.03% top100=96.78%
chunks=244350 bytes=500428800 progress=50.04% BPC=0.7227 rate=9.03% top100=96.78%
chunks=244400 bytes=500531200 progress=50.05% BPC=0.7227 rate=9.03% top100=96.78%
chunks=244450 bytes=500633600 progress=50.06% BPC=0.7226 rate=9.03% top100=96.78%
chunks=244500 bytes=500736000 progress=50.07% BPC=0.7226 rate=9.03% top100=96.78%
chunks=244550 bytes=500838400 progress=50.08% BPC=0.7225 rate=9.03% top100=96.78%
chunks=244600 bytes=500940800 progress=50.09% BPC=0.7225 rate=9.03% top100=96.78%
chunks=244650 bytes=501043200 progress=50.10% BPC=0.7224 rate=9.03% top100=96.78%
chunks=244700 bytes=501145600 progress=50.11% BPC=0.7224 rate=9.03% top100=96.78%
chunks=244750 bytes=501248000 progress=50.12% BPC=0.7223 rate=9.03% top100=96.78%
chunks=244800 bytes=501350400 progress=50.14% BPC=0.7223 rate=9.03% top100=96.79%
chunks=244850 bytes=501452800 progress=50.15% BPC=0.7222 rate=9.03% top100=96.79%
chunks=244900 bytes=501555200 progress=50.16% BPC=0.7222 rate=9.03% top100=96.79%
chunks=244950 bytes=501657600 progress=50.17% BPC=0.7221 rate=9.03% top100=96.79%
chunks=245000 bytes=501760000 progress=50.18% BPC=0.7221 rate=9.03% top100=96.79%
chunks=245050 bytes=501862400 progress=50.19% BPC=0.7221 rate=9.03% top100=96.79%
chunks=245100 bytes=501964800 progress=50.20% BPC=0.7220 rate=9.03% top100=96.79%
chunks=245150 bytes=502067200 progress=50.21% BPC=0.7220 rate=9.02% top100=96.79%
chunks=245200 bytes=502169600 progress=50.22% BPC=0.7219 rate=9.02% top100=96.79%
chunks=245250 bytes=502272000 progress=50.23% BPC=0.7219 rate=9.02% top100=96.79%
chunks=245300 bytes=502374400 progress=50.24% BPC=0.7218 rate=9.02% top100=96.79%
chunks=245350 bytes=502476800 progress=50.25% BPC=0.7218 rate=9.02% top100=96.79%
chunks=245400 bytes=502579200 progress=50.26% BPC=0.7217 rate=9.02% top100=96.79%
chunks=245450 bytes=502681600 progress=50.27% BPC=0.7217 rate=9.02% top100=96.79%
chunks=245500 bytes=502784000 progress=50.28% BPC=0.7216 rate=9.02% top100=96.79%
chunks=245550 bytes=502886400 progress=50.29% BPC=0.7216 rate=9.02% top100=96.79%
chunks=245600 bytes=502988800 progress=50.30% BPC=0.7215 rate=9.02% top100=96.79%
chunks=245650 bytes=503091200 progress=50.31% BPC=0.7215 rate=9.02% top100=96.79%
chunks=245700 bytes=503193600 progress=50.32% BPC=0.7214 rate=9.02% top100=96.79%
chunks=245750 bytes=503296000 progress=50.33% BPC=0.7214 rate=9.02% top100=96.79%
chunks=245800 bytes=503398400 progress=50.34% BPC=0.7213 rate=9.02% top100=96.79%
chunks=245850 bytes=503500800 progress=50.35% BPC=0.7213 rate=9.02% top100=96.79%
chunks=245900 bytes=503603200 progress=50.36% BPC=0.7212 rate=9.02% top100=96.80%
chunks=245950 bytes=503705600 progress=50.37% BPC=0.7212 rate=9.01% top100=96.80%
chunks=246000 bytes=503808000 progress=50.38% BPC=0.7211 rate=9.01% top100=96.80%
chunks=246050 bytes=503910400 progress=50.39% BPC=0.7210 rate=9.01% top100=96.80%
chunks=246100 bytes=504012800 progress=50.40% BPC=0.7210 rate=9.01% top100=96.80%
chunks=246150 bytes=504115200 progress=50.41% BPC=0.7210 rate=9.01% top100=96.80%
chunks=246200 bytes=504217600 progress=50.42% BPC=0.7209 rate=9.01% top100=96.80%
chunks=246250 bytes=504320000 progress=50.43% BPC=0.7209 rate=9.01% top100=96.80%
chunks=246300 bytes=504422400 progress=50.44% BPC=0.7208 rate=9.01% top100=96.80%
chunks=246350 bytes=504524800 progress=50.45% BPC=0.7208 rate=9.01% top100=96.80%
chunks=246400 bytes=504627200 progress=50.46% BPC=0.7208 rate=9.01% top100=96.80%
chunks=246450 bytes=504729600 progress=50.47% BPC=0.7207 rate=9.01% top100=96.80%
chunks=246500 bytes=504832000 progress=50.48% BPC=0.7207 rate=9.01% top100=96.80%
chunks=246550 bytes=504934400 progress=50.49% BPC=0.7206 rate=9.01% top100=96.80%
chunks=246600 bytes=505036800 progress=50.50% BPC=0.7206 rate=9.01% top100=96.80%
chunks=246650 bytes=505139200 progress=50.51% BPC=0.7206 rate=9.01% top100=96.80%
chunks=246700 bytes=505241600 progress=50.52% BPC=0.7205 rate=9.01% top100=96.80%
chunks=246750 bytes=505344000 progress=50.53% BPC=0.7205 rate=9.01% top100=96.80%
chunks=246800 bytes=505446400 progress=50.54% BPC=0.7204 rate=9.01% top100=96.80%
chunks=246850 bytes=505548800 progress=50.55% BPC=0.7204 rate=9.00% top100=96.80%
chunks=246900 bytes=505651200 progress=50.57% BPC=0.7203 rate=9.00% top100=96.80%
chunks=246950 bytes=505753600 progress=50.58% BPC=0.7203 rate=9.00% top100=96.80%
chunks=247000 bytes=505856000 progress=50.59% BPC=0.7203 rate=9.00% top100=96.80%
chunks=247050 bytes=505958400 progress=50.60% BPC=0.7202 rate=9.00% top100=96.81%
chunks=247100 bytes=506060800 progress=50.61% BPC=0.7202 rate=9.00% top100=96.81%
chunks=247150 bytes=506163200 progress=50.62% BPC=0.7202 rate=9.00% top100=96.81%
chunks=247200 bytes=506265600 progress=50.63% BPC=0.7201 rate=9.00% top100=96.81%
chunks=247250 bytes=506368000 progress=50.64% BPC=0.7201 rate=9.00% top100=96.81%
chunks=247300 bytes=506470400 progress=50.65% BPC=0.7201 rate=9.00% top100=96.81%
chunks=247350 bytes=506572800 progress=50.66% BPC=0.7200 rate=9.00% top100=96.81%
chunks=247400 bytes=506675200 progress=50.67% BPC=0.7200 rate=9.00% top100=96.81%
chunks=247450 bytes=506777600 progress=50.68% BPC=0.7199 rate=9.00% top100=96.81%
chunks=247500 bytes=506880000 progress=50.69% BPC=0.7199 rate=9.00% top100=96.81%
chunks=247550 bytes=506982400 progress=50.70% BPC=0.7198 rate=9.00% top100=96.81%
chunks=247600 bytes=507084800 progress=50.71% BPC=0.7198 rate=9.00% top100=96.81%
chunks=247650 bytes=507187200 progress=50.72% BPC=0.7197 rate=9.00% top100=96.81%
chunks=247700 bytes=507289600 progress=50.73% BPC=0.7197 rate=9.00% top100=96.81%
chunks=247750 bytes=507392000 progress=50.74% BPC=0.7196 rate=9.00% top100=96.81%
chunks=247800 bytes=507494400 progress=50.75% BPC=0.7196 rate=8.99% top100=96.81%
chunks=247850 bytes=507596800 progress=50.76% BPC=0.7195 rate=8.99% top100=96.81%
chunks=247900 bytes=507699200 progress=50.77% BPC=0.7195 rate=8.99% top100=96.81%
chunks=247950 bytes=507801600 progress=50.78% BPC=0.7194 rate=8.99% top100=96.81%
chunks=248000 bytes=507904000 progress=50.79% BPC=0.7194 rate=8.99% top100=96.81%
chunks=248050 bytes=508006400 progress=50.80% BPC=0.7193 rate=8.99% top100=96.81%
chunks=248100 bytes=508108800 progress=50.81% BPC=0.7193 rate=8.99% top100=96.81%
chunks=248150 bytes=508211200 progress=50.82% BPC=0.7192 rate=8.99% top100=96.81%
chunks=248200 bytes=508313600 progress=50.83% BPC=0.7191 rate=8.99% top100=96.81%
chunks=248250 bytes=508416000 progress=50.84% BPC=0.7191 rate=8.99% top100=96.82%
chunks=248300 bytes=508518400 progress=50.85% BPC=0.7190 rate=8.99% top100=96.82%
chunks=248350 bytes=508620800 progress=50.86% BPC=0.7190 rate=8.99% top100=96.82%
chunks=248400 bytes=508723200 progress=50.87% BPC=0.7189 rate=8.99% top100=96.82%
chunks=248450 bytes=508825600 progress=50.88% BPC=0.7189 rate=8.99% top100=96.82%
chunks=248500 bytes=508928000 progress=50.89% BPC=0.7189 rate=8.99% top100=96.82%
chunks=248550 bytes=509030400 progress=50.90% BPC=0.7188 rate=8.98% top100=96.82%
chunks=248600 bytes=509132800 progress=50.91% BPC=0.7187 rate=8.98% top100=96.82%
chunks=248650 bytes=509235200 progress=50.92% BPC=0.7187 rate=8.98% top100=96.82%
chunks=248700 bytes=509337600 progress=50.93% BPC=0.7186 rate=8.98% top100=96.82%
chunks=248750 bytes=509440000 progress=50.94% BPC=0.7186 rate=8.98% top100=96.82%
chunks=248800 bytes=509542400 progress=50.95% BPC=0.7185 rate=8.98% top100=96.82%
chunks=248850 bytes=509644800 progress=50.96% BPC=0.7185 rate=8.98% top100=96.82%
chunks=248900 bytes=509747200 progress=50.97% BPC=0.7184 rate=8.98% top100=96.82%
chunks=248950 bytes=509849600 progress=50.98% BPC=0.7184 rate=8.98% top100=96.82%
chunks=249000 bytes=509952000 progress=51.00% BPC=0.7183 rate=8.98% top100=96.82%
chunks=249050 bytes=510054400 progress=51.01% BPC=0.7183 rate=8.98% top100=96.82%
chunks=249100 bytes=510156800 progress=51.02% BPC=0.7182 rate=8.98% top100=96.82%
chunks=249150 bytes=510259200 progress=51.03% BPC=0.7182 rate=8.98% top100=96.82%
chunks=249200 bytes=510361600 progress=51.04% BPC=0.7181 rate=8.98% top100=96.82%
chunks=249250 bytes=510464000 progress=51.05% BPC=0.7181 rate=8.98% top100=96.82%
chunks=249300 bytes=510566400 progress=51.06% BPC=0.7180 rate=8.98% top100=96.82%
chunks=249350 bytes=510668800 progress=51.07% BPC=0.7179 rate=8.97% top100=96.82%
chunks=249400 bytes=510771200 progress=51.08% BPC=0.7179 rate=8.97% top100=96.83%
chunks=249450 bytes=510873600 progress=51.09% BPC=0.7178 rate=8.97% top100=96.83%
chunks=249500 bytes=510976000 progress=51.10% BPC=0.7178 rate=8.97% top100=96.83%
chunks=249550 bytes=511078400 progress=51.11% BPC=0.7177 rate=8.97% top100=96.83%
chunks=249600 bytes=511180800 progress=51.12% BPC=0.7177 rate=8.97% top100=96.83%
chunks=249650 bytes=511283200 progress=51.13% BPC=0.7176 rate=8.97% top100=96.83%
chunks=249700 bytes=511385600 progress=51.14% BPC=0.7176 rate=8.97% top100=96.83%
chunks=249750 bytes=511488000 progress=51.15% BPC=0.7176 rate=8.97% top100=96.83%
chunks=249800 bytes=511590400 progress=51.16% BPC=0.7176 rate=8.97% top100=96.83%
chunks=249850 bytes=511692800 progress=51.17% BPC=0.7177 rate=8.97% top100=96.83%
chunks=249900 bytes=511795200 progress=51.18% BPC=0.7177 rate=8.97% top100=96.83%
chunks=249950 bytes=511897600 progress=51.19% BPC=0.7177 rate=8.97% top100=96.83%
chunks=250000 bytes=512000000 progress=51.20% BPC=0.7177 rate=8.97% top100=96.83%
chunks=250050 bytes=512102400 progress=51.21% BPC=0.7177 rate=8.97% top100=96.83%
chunks=250100 bytes=512204800 progress=51.22% BPC=0.7177 rate=8.97% top100=96.83%
chunks=250150 bytes=512307200 progress=51.23% BPC=0.7177 rate=8.97% top100=96.83%
chunks=250200 bytes=512409600 progress=51.24% BPC=0.7176 rate=8.97% top100=96.83%
chunks=250250 bytes=512512000 progress=51.25% BPC=0.7176 rate=8.97% top100=96.83%
chunks=250300 bytes=512614400 progress=51.26% BPC=0.7175 rate=8.97% top100=96.83%
chunks=250350 bytes=512716800 progress=51.27% BPC=0.7175 rate=8.97% top100=96.83%
chunks=250400 bytes=512819200 progress=51.28% BPC=0.7174 rate=8.97% top100=96.83%
chunks=250450 bytes=512921600 progress=51.29% BPC=0.7174 rate=8.97% top100=96.83%
chunks=250500 bytes=513024000 progress=51.30% BPC=0.7173 rate=8.97% top100=96.83%
chunks=250550 bytes=513126400 progress=51.31% BPC=0.7172 rate=8.97% top100=96.83%
chunks=250600 bytes=513228800 progress=51.32% BPC=0.7172 rate=8.96% top100=96.83%
chunks=250650 bytes=513331200 progress=51.33% BPC=0.7171 rate=8.96% top100=96.83%
chunks=250700 bytes=513433600 progress=51.34% BPC=0.7171 rate=8.96% top100=96.83%
chunks=250750 bytes=513536000 progress=51.35% BPC=0.7170 rate=8.96% top100=96.83%
chunks=250800 bytes=513638400 progress=51.36% BPC=0.7170 rate=8.96% top100=96.83%
chunks=250850 bytes=513740800 progress=51.37% BPC=0.7169 rate=8.96% top100=96.83%
chunks=250900 bytes=513843200 progress=51.38% BPC=0.7169 rate=8.96% top100=96.84%
chunks=250950 bytes=513945600 progress=51.39% BPC=0.7168 rate=8.96% top100=96.84%
chunks=251000 bytes=514048000 progress=51.40% BPC=0.7168 rate=8.96% top100=96.84%
chunks=251050 bytes=514150400 progress=51.42% BPC=0.7167 rate=8.96% top100=96.84%
chunks=251100 bytes=514252800 progress=51.43% BPC=0.7167 rate=8.96% top100=96.84%
chunks=251150 bytes=514355200 progress=51.44% BPC=0.7166 rate=8.96% top100=96.84%
chunks=251200 bytes=514457600 progress=51.45% BPC=0.7165 rate=8.96% top100=96.84%
chunks=251250 bytes=514560000 progress=51.46% BPC=0.7165 rate=8.96% top100=96.84%
chunks=251300 bytes=514662400 progress=51.47% BPC=0.7164 rate=8.96% top100=96.84%
chunks=251350 bytes=514764800 progress=51.48% BPC=0.7164 rate=8.95% top100=96.84%
chunks=251400 bytes=514867200 progress=51.49% BPC=0.7163 rate=8.95% top100=96.84%
chunks=251450 bytes=514969600 progress=51.50% BPC=0.7163 rate=8.95% top100=96.84%
chunks=251500 bytes=515072000 progress=51.51% BPC=0.7162 rate=8.95% top100=96.84%
chunks=251550 bytes=515174400 progress=51.52% BPC=0.7161 rate=8.95% top100=96.84%
chunks=251600 bytes=515276800 progress=51.53% BPC=0.7161 rate=8.95% top100=96.84%
chunks=251650 bytes=515379200 progress=51.54% BPC=0.7160 rate=8.95% top100=96.84%
chunks=251700 bytes=515481600 progress=51.55% BPC=0.7160 rate=8.95% top100=96.84%
chunks=251750 bytes=515584000 progress=51.56% BPC=0.7159 rate=8.95% top100=96.84%
chunks=251800 bytes=515686400 progress=51.57% BPC=0.7159 rate=8.95% top100=96.84%
chunks=251850 bytes=515788800 progress=51.58% BPC=0.7158 rate=8.95% top100=96.84%
chunks=251900 bytes=515891200 progress=51.59% BPC=0.7157 rate=8.95% top100=96.84%
chunks=251950 bytes=515993600 progress=51.60% BPC=0.7157 rate=8.95% top100=96.84%
chunks=252000 bytes=516096000 progress=51.61% BPC=0.7156 rate=8.95% top100=96.85%
chunks=252050 bytes=516198400 progress=51.62% BPC=0.7156 rate=8.94% top100=96.85%
chunks=252100 bytes=516300800 progress=51.63% BPC=0.7156 rate=8.94% top100=96.85%
chunks=252150 bytes=516403200 progress=51.64% BPC=0.7155 rate=8.94% top100=96.85%
chunks=252200 bytes=516505600 progress=51.65% BPC=0.7155 rate=8.94% top100=96.85%
chunks=252250 bytes=516608000 progress=51.66% BPC=0.7155 rate=8.94% top100=96.85%
chunks=252300 bytes=516710400 progress=51.67% BPC=0.7154 rate=8.94% top100=96.85%
chunks=252350 bytes=516812800 progress=51.68% BPC=0.7154 rate=8.94% top100=96.85%
chunks=252400 bytes=516915200 progress=51.69% BPC=0.7153 rate=8.94% top100=96.85%
chunks=252450 bytes=517017600 progress=51.70% BPC=0.7152 rate=8.94% top100=96.85%
chunks=252500 bytes=517120000 progress=51.71% BPC=0.7152 rate=8.94% top100=96.85%
chunks=252550 bytes=517222400 progress=51.72% BPC=0.7151 rate=8.94% top100=96.85%
chunks=252600 bytes=517324800 progress=51.73% BPC=0.7151 rate=8.94% top100=96.85%
chunks=252650 bytes=517427200 progress=51.74% BPC=0.7150 rate=8.94% top100=96.85%
chunks=252700 bytes=517529600 progress=51.75% BPC=0.7150 rate=8.94% top100=96.85%
chunks=252750 bytes=517632000 progress=51.76% BPC=0.7149 rate=8.94% top100=96.85%
chunks=252800 bytes=517734400 progress=51.77% BPC=0.7148 rate=8.94% top100=96.85%
chunks=252850 bytes=517836800 progress=51.78% BPC=0.7148 rate=8.93% top100=96.85%
chunks=252900 bytes=517939200 progress=51.79% BPC=0.7147 rate=8.93% top100=96.85%
chunks=252950 bytes=518041600 progress=51.80% BPC=0.7147 rate=8.93% top100=96.85%
chunks=253000 bytes=518144000 progress=51.81% BPC=0.7146 rate=8.93% top100=96.85%
chunks=253050 bytes=518246400 progress=51.82% BPC=0.7146 rate=8.93% top100=96.85%
chunks=253100 bytes=518348800 progress=51.83% BPC=0.7145 rate=8.93% top100=96.85%
chunks=253150 bytes=518451200 progress=51.85% BPC=0.7145 rate=8.93% top100=96.86%
chunks=253200 bytes=518553600 progress=51.86% BPC=0.7144 rate=8.93% top100=96.86%
chunks=253250 bytes=518656000 progress=51.87% BPC=0.7144 rate=8.93% top100=96.86%
chunks=253300 bytes=518758400 progress=51.88% BPC=0.7143 rate=8.93% top100=96.86%
chunks=253350 bytes=518860800 progress=51.89% BPC=0.7143 rate=8.93% top100=96.86%
chunks=253400 bytes=518963200 progress=51.90% BPC=0.7142 rate=8.93% top100=96.86%
chunks=253450 bytes=519065600 progress=51.91% BPC=0.7142 rate=8.93% top100=96.86%
chunks=253500 bytes=519168000 progress=51.92% BPC=0.7142 rate=8.93% top100=96.86%
chunks=253550 bytes=519270400 progress=51.93% BPC=0.7141 rate=8.93% top100=96.86%
chunks=253600 bytes=519372800 progress=51.94% BPC=0.7141 rate=8.93% top100=96.86%
chunks=253650 bytes=519475200 progress=51.95% BPC=0.7140 rate=8.93% top100=96.86%
chunks=253700 bytes=519577600 progress=51.96% BPC=0.7140 rate=8.92% top100=96.86%
chunks=253750 bytes=519680000 progress=51.97% BPC=0.7139 rate=8.92% top100=96.86%
chunks=253800 bytes=519782400 progress=51.98% BPC=0.7139 rate=8.92% top100=96.86%
chunks=253850 bytes=519884800 progress=51.99% BPC=0.7138 rate=8.92% top100=96.86%
chunks=253900 bytes=519987200 progress=52.00% BPC=0.7138 rate=8.92% top100=96.86%
chunks=253950 bytes=520089600 progress=52.01% BPC=0.7137 rate=8.92% top100=96.86%
chunks=254000 bytes=520192000 progress=52.02% BPC=0.7136 rate=8.92% top100=96.86%
chunks=254050 bytes=520294400 progress=52.03% BPC=0.7136 rate=8.92% top100=96.86%
chunks=254100 bytes=520396800 progress=52.04% BPC=0.7135 rate=8.92% top100=96.86%
chunks=254150 bytes=520499200 progress=52.05% BPC=0.7135 rate=8.92% top100=96.86%
chunks=254200 bytes=520601600 progress=52.06% BPC=0.7134 rate=8.92% top100=96.86%
chunks=254250 bytes=520704000 progress=52.07% BPC=0.7134 rate=8.92% top100=96.86%
chunks=254300 bytes=520806400 progress=52.08% BPC=0.7133 rate=8.92% top100=96.87%
chunks=254350 bytes=520908800 progress=52.09% BPC=0.7132 rate=8.92% top100=96.87%
chunks=254400 bytes=521011200 progress=52.10% BPC=0.7132 rate=8.91% top100=96.87%
chunks=254450 bytes=521113600 progress=52.11% BPC=0.7131 rate=8.91% top100=96.87%
chunks=254500 bytes=521216000 progress=52.12% BPC=0.7131 rate=8.91% top100=96.87%
chunks=254550 bytes=521318400 progress=52.13% BPC=0.7130 rate=8.91% top100=96.87%
chunks=254600 bytes=521420800 progress=52.14% BPC=0.7130 rate=8.91% top100=96.87%
chunks=254650 bytes=521523200 progress=52.15% BPC=0.7129 rate=8.91% top100=96.87%
chunks=254700 bytes=521625600 progress=52.16% BPC=0.7128 rate=8.91% top100=96.87%
chunks=254750 bytes=521728000 progress=52.17% BPC=0.7128 rate=8.91% top100=96.87%
chunks=254800 bytes=521830400 progress=52.18% BPC=0.7127 rate=8.91% top100=96.87%
chunks=254850 bytes=521932800 progress=52.19% BPC=0.7127 rate=8.91% top100=96.87%
chunks=254900 bytes=522035200 progress=52.20% BPC=0.7126 rate=8.91% top100=96.87%
chunks=254950 bytes=522137600 progress=52.21% BPC=0.7126 rate=8.91% top100=96.87%
chunks=255000 bytes=522240000 progress=52.22% BPC=0.7125 rate=8.91% top100=96.87%
chunks=255050 bytes=522342400 progress=52.23% BPC=0.7125 rate=8.91% top100=96.87%
chunks=255100 bytes=522444800 progress=52.24% BPC=0.7124 rate=8.91% top100=96.87%
chunks=255150 bytes=522547200 progress=52.25% BPC=0.7124 rate=8.90% top100=96.87%
chunks=255200 bytes=522649600 progress=52.26% BPC=0.7124 rate=8.90% top100=96.87%
chunks=255250 bytes=522752000 progress=52.28% BPC=0.7123 rate=8.90% top100=96.87%
chunks=255300 bytes=522854400 progress=52.29% BPC=0.7123 rate=8.90% top100=96.87%
chunks=255350 bytes=522956800 progress=52.30% BPC=0.7122 rate=8.90% top100=96.87%
chunks=255400 bytes=523059200 progress=52.31% BPC=0.7122 rate=8.90% top100=96.87%
chunks=255450 bytes=523161600 progress=52.32% BPC=0.7122 rate=8.90% top100=96.88%
chunks=255500 bytes=523264000 progress=52.33% BPC=0.7121 rate=8.90% top100=96.88%
chunks=255550 bytes=523366400 progress=52.34% BPC=0.7121 rate=8.90% top100=96.88%
chunks=255600 bytes=523468800 progress=52.35% BPC=0.7120 rate=8.90% top100=96.88%
chunks=255650 bytes=523571200 progress=52.36% BPC=0.7120 rate=8.90% top100=96.88%
chunks=255700 bytes=523673600 progress=52.37% BPC=0.7119 rate=8.90% top100=96.88%
chunks=255750 bytes=523776000 progress=52.38% BPC=0.7119 rate=8.90% top100=96.88%
chunks=255800 bytes=523878400 progress=52.39% BPC=0.7118 rate=8.90% top100=96.88%
chunks=255850 bytes=523980800 progress=52.40% BPC=0.7118 rate=8.90% top100=96.88%
chunks=255900 bytes=524083200 progress=52.41% BPC=0.7117 rate=8.90% top100=96.88%
chunks=255950 bytes=524185600 progress=52.42% BPC=0.7117 rate=8.90% top100=96.88%
chunks=256000 bytes=524288000 progress=52.43% BPC=0.7116 rate=8.90% top100=96.88%
chunks=256050 bytes=524390400 progress=52.44% BPC=0.7116 rate=8.90% top100=96.88%
chunks=256100 bytes=524492800 progress=52.45% BPC=0.7116 rate=8.89% top100=96.88%
chunks=256150 bytes=524595200 progress=52.46% BPC=0.7115 rate=8.89% top100=96.88%
chunks=256200 bytes=524697600 progress=52.47% BPC=0.7115 rate=8.89% top100=96.88%
chunks=256250 bytes=524800000 progress=52.48% BPC=0.7114 rate=8.89% top100=96.88%
chunks=256300 bytes=524902400 progress=52.49% BPC=0.7114 rate=8.89% top100=96.88%
chunks=256350 bytes=525004800 progress=52.50% BPC=0.7113 rate=8.89% top100=96.88%
chunks=256400 bytes=525107200 progress=52.51% BPC=0.7113 rate=8.89% top100=96.88%
chunks=256450 bytes=525209600 progress=52.52% BPC=0.7112 rate=8.89% top100=96.88%
chunks=256500 bytes=525312000 progress=52.53% BPC=0.7112 rate=8.89% top100=96.88%
chunks=256550 bytes=525414400 progress=52.54% BPC=0.7112 rate=8.89% top100=96.88%
chunks=256600 bytes=525516800 progress=52.55% BPC=0.7111 rate=8.89% top100=96.89%
chunks=256650 bytes=525619200 progress=52.56% BPC=0.7111 rate=8.89% top100=96.89%
chunks=256700 bytes=525721600 progress=52.57% BPC=0.7110 rate=8.89% top100=96.89%
chunks=256750 bytes=525824000 progress=52.58% BPC=0.7110 rate=8.89% top100=96.89%
chunks=256800 bytes=525926400 progress=52.59% BPC=0.7110 rate=8.89% top100=96.89%
chunks=256850 bytes=526028800 progress=52.60% BPC=0.7109 rate=8.89% top100=96.89%
chunks=256900 bytes=526131200 progress=52.61% BPC=0.7109 rate=8.89% top100=96.89%
chunks=256950 bytes=526233600 progress=52.62% BPC=0.7108 rate=8.89% top100=96.89%
chunks=257000 bytes=526336000 progress=52.63% BPC=0.7108 rate=8.89% top100=96.89%
chunks=257050 bytes=526438400 progress=52.64% BPC=0.7108 rate=8.89% top100=96.89%
chunks=257100 bytes=526540800 progress=52.65% BPC=0.7108 rate=8.88% top100=96.89%
chunks=257150 bytes=526643200 progress=52.66% BPC=0.7108 rate=8.88% top100=96.89%
chunks=257200 bytes=526745600 progress=52.67% BPC=0.7107 rate=8.88% top100=96.89%
chunks=257250 bytes=526848000 progress=52.68% BPC=0.7107 rate=8.88% top100=96.89%
chunks=257300 bytes=526950400 progress=52.70% BPC=0.7107 rate=8.88% top100=96.89%
chunks=257350 bytes=527052800 progress=52.71% BPC=0.7106 rate=8.88% top100=96.89%
chunks=257400 bytes=527155200 progress=52.72% BPC=0.7106 rate=8.88% top100=96.89%
chunks=257450 bytes=527257600 progress=52.73% BPC=0.7105 rate=8.88% top100=96.89%
chunks=257500 bytes=527360000 progress=52.74% BPC=0.7105 rate=8.88% top100=96.89%
chunks=257550 bytes=527462400 progress=52.75% BPC=0.7104 rate=8.88% top100=96.89%
chunks=257600 bytes=527564800 progress=52.76% BPC=0.7104 rate=8.88% top100=96.89%
chunks=257650 bytes=527667200 progress=52.77% BPC=0.7103 rate=8.88% top100=96.89%
chunks=257700 bytes=527769600 progress=52.78% BPC=0.7103 rate=8.88% top100=96.89%
chunks=257750 bytes=527872000 progress=52.79% BPC=0.7103 rate=8.88% top100=96.89%
chunks=257800 bytes=527974400 progress=52.80% BPC=0.7102 rate=8.88% top100=96.89%
chunks=257850 bytes=528076800 progress=52.81% BPC=0.7102 rate=8.88% top100=96.89%
chunks=257900 bytes=528179200 progress=52.82% BPC=0.7101 rate=8.88% top100=96.90%
chunks=257950 bytes=528281600 progress=52.83% BPC=0.7101 rate=8.88% top100=96.90%
chunks=258000 bytes=528384000 progress=52.84% BPC=0.7100 rate=8.88% top100=96.90%
chunks=258050 bytes=528486400 progress=52.85% BPC=0.7100 rate=8.87% top100=96.90%
chunks=258100 bytes=528588800 progress=52.86% BPC=0.7100 rate=8.87% top100=96.90%
chunks=258150 bytes=528691200 progress=52.87% BPC=0.7099 rate=8.87% top100=96.90%
chunks=258200 bytes=528793600 progress=52.88% BPC=0.7099 rate=8.87% top100=96.90%
chunks=258250 bytes=528896000 progress=52.89% BPC=0.7098 rate=8.87% top100=96.90%
chunks=258300 bytes=528998400 progress=52.90% BPC=0.7098 rate=8.87% top100=96.90%
chunks=258350 bytes=529100800 progress=52.91% BPC=0.7097 rate=8.87% top100=96.90%
chunks=258400 bytes=529203200 progress=52.92% BPC=0.7097 rate=8.87% top100=96.90%
chunks=258450 bytes=529305600 progress=52.93% BPC=0.7096 rate=8.87% top100=96.90%
chunks=258500 bytes=529408000 progress=52.94% BPC=0.7096 rate=8.87% top100=96.90%
chunks=258550 bytes=529510400 progress=52.95% BPC=0.7096 rate=8.87% top100=96.90%
chunks=258600 bytes=529612800 progress=52.96% BPC=0.7095 rate=8.87% top100=96.90%
chunks=258650 bytes=529715200 progress=52.97% BPC=0.7095 rate=8.87% top100=96.90%
chunks=258700 bytes=529817600 progress=52.98% BPC=0.7094 rate=8.87% top100=96.90%
chunks=258750 bytes=529920000 progress=52.99% BPC=0.7094 rate=8.87% top100=96.90%
chunks=258800 bytes=530022400 progress=53.00% BPC=0.7094 rate=8.87% top100=96.90%
chunks=258850 bytes=530124800 progress=53.01% BPC=0.7093 rate=8.87% top100=96.90%
chunks=258900 bytes=530227200 progress=53.02% BPC=0.7093 rate=8.87% top100=96.90%
chunks=258950 bytes=530329600 progress=53.03% BPC=0.7092 rate=8.87% top100=96.90%
chunks=259000 bytes=530432000 progress=53.04% BPC=0.7092 rate=8.87% top100=96.90%
chunks=259050 bytes=530534400 progress=53.05% BPC=0.7092 rate=8.86% top100=96.90%
chunks=259100 bytes=530636800 progress=53.06% BPC=0.7091 rate=8.86% top100=96.90%
chunks=259150 bytes=530739200 progress=53.07% BPC=0.7091 rate=8.86% top100=96.90%
chunks=259200 bytes=530841600 progress=53.08% BPC=0.7091 rate=8.86% top100=96.91%
chunks=259250 bytes=530944000 progress=53.09% BPC=0.7090 rate=8.86% top100=96.91%
chunks=259300 bytes=531046400 progress=53.10% BPC=0.7090 rate=8.86% top100=96.91%
chunks=259350 bytes=531148800 progress=53.11% BPC=0.7090 rate=8.86% top100=96.91%
chunks=259400 bytes=531251200 progress=53.13% BPC=0.7089 rate=8.86% top100=96.91%
chunks=259450 bytes=531353600 progress=53.14% BPC=0.7089 rate=8.86% top100=96.91%
chunks=259500 bytes=531456000 progress=53.15% BPC=0.7089 rate=8.86% top100=96.91%
chunks=259550 bytes=531558400 progress=53.16% BPC=0.7088 rate=8.86% top100=96.91%
chunks=259600 bytes=531660800 progress=53.17% BPC=0.7088 rate=8.86% top100=96.91%
chunks=259650 bytes=531763200 progress=53.18% BPC=0.7088 rate=8.86% top100=96.91%
chunks=259700 bytes=531865600 progress=53.19% BPC=0.7088 rate=8.86% top100=96.91%
chunks=259750 bytes=531968000 progress=53.20% BPC=0.7087 rate=8.86% top100=96.91%
chunks=259800 bytes=532070400 progress=53.21% BPC=0.7087 rate=8.86% top100=96.91%
chunks=259850 bytes=532172800 progress=53.22% BPC=0.7086 rate=8.86% top100=96.91%
chunks=259900 bytes=532275200 progress=53.23% BPC=0.7086 rate=8.86% top100=96.91%
chunks=259950 bytes=532377600 progress=53.24% BPC=0.7086 rate=8.86% top100=96.91%
chunks=260000 bytes=532480000 progress=53.25% BPC=0.7085 rate=8.86% top100=96.91%
chunks=260050 bytes=532582400 progress=53.26% BPC=0.7085 rate=8.86% top100=96.91%
chunks=260100 bytes=532684800 progress=53.27% BPC=0.7085 rate=8.86% top100=96.91%
chunks=260150 bytes=532787200 progress=53.28% BPC=0.7084 rate=8.86% top100=96.91%
chunks=260200 bytes=532889600 progress=53.29% BPC=0.7084 rate=8.86% top100=96.91%
chunks=260250 bytes=532992000 progress=53.30% BPC=0.7084 rate=8.85% top100=96.91%
chunks=260300 bytes=533094400 progress=53.31% BPC=0.7084 rate=8.85% top100=96.91%
chunks=260350 bytes=533196800 progress=53.32% BPC=0.7084 rate=8.85% top100=96.91%
chunks=260400 bytes=533299200 progress=53.33% BPC=0.7083 rate=8.85% top100=96.91%
chunks=260450 bytes=533401600 progress=53.34% BPC=0.7083 rate=8.85% top100=96.91%
chunks=260500 bytes=533504000 progress=53.35% BPC=0.7083 rate=8.85% top100=96.91%
chunks=260550 bytes=533606400 progress=53.36% BPC=0.7083 rate=8.85% top100=96.91%
chunks=260600 bytes=533708800 progress=53.37% BPC=0.7083 rate=8.85% top100=96.91%
chunks=260650 bytes=533811200 progress=53.38% BPC=0.7083 rate=8.85% top100=96.91%
chunks=260700 bytes=533913600 progress=53.39% BPC=0.7082 rate=8.85% top100=96.91%
chunks=260750 bytes=534016000 progress=53.40% BPC=0.7082 rate=8.85% top100=96.91%
chunks=260800 bytes=534118400 progress=53.41% BPC=0.7082 rate=8.85% top100=96.91%
chunks=260850 bytes=534220800 progress=53.42% BPC=0.7082 rate=8.85% top100=96.91%
chunks=260900 bytes=534323200 progress=53.43% BPC=0.7081 rate=8.85% top100=96.91%
chunks=260950 bytes=534425600 progress=53.44% BPC=0.7081 rate=8.85% top100=96.91%
chunks=261000 bytes=534528000 progress=53.45% BPC=0.7081 rate=8.85% top100=96.91%
chunks=261050 bytes=534630400 progress=53.46% BPC=0.7081 rate=8.85% top100=96.91%
chunks=261100 bytes=534732800 progress=53.47% BPC=0.7080 rate=8.85% top100=96.91%
chunks=261150 bytes=534835200 progress=53.48% BPC=0.7080 rate=8.85% top100=96.91%
chunks=261200 bytes=534937600 progress=53.49% BPC=0.7080 rate=8.85% top100=96.91%
chunks=261250 bytes=535040000 progress=53.50% BPC=0.7079 rate=8.85% top100=96.92%
chunks=261300 bytes=535142400 progress=53.51% BPC=0.7079 rate=8.85% top100=96.92%
chunks=261350 bytes=535244800 progress=53.52% BPC=0.7079 rate=8.85% top100=96.92%
chunks=261400 bytes=535347200 progress=53.53% BPC=0.7078 rate=8.85% top100=96.92%
chunks=261450 bytes=535449600 progress=53.54% BPC=0.7078 rate=8.85% top100=96.92%
chunks=261500 bytes=535552000 progress=53.56% BPC=0.7078 rate=8.85% top100=96.92%
chunks=261550 bytes=535654400 progress=53.57% BPC=0.7078 rate=8.85% top100=96.92%
chunks=261600 bytes=535756800 progress=53.58% BPC=0.7077 rate=8.85% top100=96.92%
chunks=261650 bytes=535859200 progress=53.59% BPC=0.7077 rate=8.85% top100=96.92%
chunks=261700 bytes=535961600 progress=53.60% BPC=0.7077 rate=8.85% top100=96.92%
chunks=261750 bytes=536064000 progress=53.61% BPC=0.7076 rate=8.85% top100=96.92%
chunks=261800 bytes=536166400 progress=53.62% BPC=0.7076 rate=8.84% top100=96.92%
chunks=261850 bytes=536268800 progress=53.63% BPC=0.7076 rate=8.84% top100=96.92%
chunks=261900 bytes=536371200 progress=53.64% BPC=0.7075 rate=8.84% top100=96.92%
chunks=261950 bytes=536473600 progress=53.65% BPC=0.7075 rate=8.84% top100=96.92%
chunks=262000 bytes=536576000 progress=53.66% BPC=0.7075 rate=8.84% top100=96.92%
chunks=262050 bytes=536678400 progress=53.67% BPC=0.7074 rate=8.84% top100=96.92%
chunks=262100 bytes=536780800 progress=53.68% BPC=0.7074 rate=8.84% top100=96.92%
chunks=262150 bytes=536883200 progress=53.69% BPC=0.7074 rate=8.84% top100=96.92%
chunks=262200 bytes=536985600 progress=53.70% BPC=0.7073 rate=8.84% top100=96.92%
chunks=262250 bytes=537088000 progress=53.71% BPC=0.7073 rate=8.84% top100=96.92%
chunks=262300 bytes=537190400 progress=53.72% BPC=0.7072 rate=8.84% top100=96.92%
chunks=262350 bytes=537292800 progress=53.73% BPC=0.7072 rate=8.84% top100=96.92%
chunks=262400 bytes=537395200 progress=53.74% BPC=0.7072 rate=8.84% top100=96.92%
chunks=262450 bytes=537497600 progress=53.75% BPC=0.7071 rate=8.84% top100=96.92%
chunks=262500 bytes=537600000 progress=53.76% BPC=0.7071 rate=8.84% top100=96.92%
chunks=262550 bytes=537702400 progress=53.77% BPC=0.7071 rate=8.84% top100=96.92%
chunks=262600 bytes=537804800 progress=53.78% BPC=0.7070 rate=8.84% top100=96.92%
chunks=262650 bytes=537907200 progress=53.79% BPC=0.7070 rate=8.84% top100=96.92%
chunks=262700 bytes=538009600 progress=53.80% BPC=0.7070 rate=8.84% top100=96.92%
chunks=262750 bytes=538112000 progress=53.81% BPC=0.7069 rate=8.84% top100=96.92%
chunks=262800 bytes=538214400 progress=53.82% BPC=0.7069 rate=8.84% top100=96.92%
chunks=262850 bytes=538316800 progress=53.83% BPC=0.7069 rate=8.84% top100=96.93%
chunks=262900 bytes=538419200 progress=53.84% BPC=0.7068 rate=8.84% top100=96.93%
chunks=262950 bytes=538521600 progress=53.85% BPC=0.7068 rate=8.83% top100=96.93%
chunks=263000 bytes=538624000 progress=53.86% BPC=0.7068 rate=8.83% top100=96.93%
chunks=263050 bytes=538726400 progress=53.87% BPC=0.7067 rate=8.83% top100=96.93%
chunks=263100 bytes=538828800 progress=53.88% BPC=0.7067 rate=8.83% top100=96.93%
chunks=263150 bytes=538931200 progress=53.89% BPC=0.7067 rate=8.83% top100=96.93%
chunks=263200 bytes=539033600 progress=53.90% BPC=0.7066 rate=8.83% top100=96.93%
chunks=263250 bytes=539136000 progress=53.91% BPC=0.7066 rate=8.83% top100=96.93%
chunks=263300 bytes=539238400 progress=53.92% BPC=0.7066 rate=8.83% top100=96.93%
chunks=263350 bytes=539340800 progress=53.93% BPC=0.7065 rate=8.83% top100=96.93%
chunks=263400 bytes=539443200 progress=53.94% BPC=0.7065 rate=8.83% top100=96.93%
chunks=263450 bytes=539545600 progress=53.95% BPC=0.7065 rate=8.83% top100=96.93%
chunks=263500 bytes=539648000 progress=53.96% BPC=0.7065 rate=8.83% top100=96.93%
chunks=263550 bytes=539750400 progress=53.98% BPC=0.7064 rate=8.83% top100=96.93%
chunks=263600 bytes=539852800 progress=53.99% BPC=0.7064 rate=8.83% top100=96.93%
chunks=263650 bytes=539955200 progress=54.00% BPC=0.7063 rate=8.83% top100=96.93%
chunks=263700 bytes=540057600 progress=54.01% BPC=0.7063 rate=8.83% top100=96.93%
chunks=263750 bytes=540160000 progress=54.02% BPC=0.7063 rate=8.83% top100=96.93%
chunks=263800 bytes=540262400 progress=54.03% BPC=0.7063 rate=8.83% top100=96.93%
chunks=263850 bytes=540364800 progress=54.04% BPC=0.7062 rate=8.83% top100=96.93%
chunks=263900 bytes=540467200 progress=54.05% BPC=0.7062 rate=8.83% top100=96.93%
chunks=263950 bytes=540569600 progress=54.06% BPC=0.7062 rate=8.83% top100=96.93%
chunks=264000 bytes=540672000 progress=54.07% BPC=0.7062 rate=8.83% top100=96.93%
chunks=264050 bytes=540774400 progress=54.08% BPC=0.7061 rate=8.83% top100=96.93%
chunks=264100 bytes=540876800 progress=54.09% BPC=0.7061 rate=8.83% top100=96.93%
chunks=264150 bytes=540979200 progress=54.10% BPC=0.7061 rate=8.83% top100=96.93%
chunks=264200 bytes=541081600 progress=54.11% BPC=0.7060 rate=8.83% top100=96.93%
chunks=264250 bytes=541184000 progress=54.12% BPC=0.7060 rate=8.82% top100=96.93%
chunks=264300 bytes=541286400 progress=54.13% BPC=0.7059 rate=8.82% top100=96.93%
chunks=264350 bytes=541388800 progress=54.14% BPC=0.7059 rate=8.82% top100=96.93%
chunks=264400 bytes=541491200 progress=54.15% BPC=0.7059 rate=8.82% top100=96.94%
chunks=264450 bytes=541593600 progress=54.16% BPC=0.7058 rate=8.82% top100=96.94%
chunks=264500 bytes=541696000 progress=54.17% BPC=0.7058 rate=8.82% top100=96.94%
chunks=264550 bytes=541798400 progress=54.18% BPC=0.7058 rate=8.82% top100=96.94%
chunks=264600 bytes=541900800 progress=54.19% BPC=0.7058 rate=8.82% top100=96.94%
chunks=264650 bytes=542003200 progress=54.20% BPC=0.7057 rate=8.82% top100=96.94%
chunks=264700 bytes=542105600 progress=54.21% BPC=0.7057 rate=8.82% top100=96.94%
chunks=264750 bytes=542208000 progress=54.22% BPC=0.7057 rate=8.82% top100=96.94%
chunks=264800 bytes=542310400 progress=54.23% BPC=0.7056 rate=8.82% top100=96.94%
chunks=264850 bytes=542412800 progress=54.24% BPC=0.7056 rate=8.82% top100=96.94%
chunks=264900 bytes=542515200 progress=54.25% BPC=0.7056 rate=8.82% top100=96.94%
chunks=264950 bytes=542617600 progress=54.26% BPC=0.7055 rate=8.82% top100=96.94%
chunks=265000 bytes=542720000 progress=54.27% BPC=0.7055 rate=8.82% top100=96.94%
chunks=265050 bytes=542822400 progress=54.28% BPC=0.7055 rate=8.82% top100=96.94%
chunks=265100 bytes=542924800 progress=54.29% BPC=0.7054 rate=8.82% top100=96.94%
chunks=265150 bytes=543027200 progress=54.30% BPC=0.7054 rate=8.82% top100=96.94%
chunks=265200 bytes=543129600 progress=54.31% BPC=0.7054 rate=8.82% top100=96.94%
chunks=265250 bytes=543232000 progress=54.32% BPC=0.7054 rate=8.82% top100=96.94%
chunks=265300 bytes=543334400 progress=54.33% BPC=0.7053 rate=8.82% top100=96.94%
chunks=265350 bytes=543436800 progress=54.34% BPC=0.7053 rate=8.82% top100=96.94%
chunks=265400 bytes=543539200 progress=54.35% BPC=0.7052 rate=8.82% top100=96.94%
chunks=265450 bytes=543641600 progress=54.36% BPC=0.7052 rate=8.81% top100=96.94%
chunks=265500 bytes=543744000 progress=54.37% BPC=0.7052 rate=8.81% top100=96.94%
chunks=265550 bytes=543846400 progress=54.38% BPC=0.7051 rate=8.81% top100=96.94%
chunks=265600 bytes=543948800 progress=54.39% BPC=0.7051 rate=8.81% top100=96.94%
chunks=265650 bytes=544051200 progress=54.41% BPC=0.7050 rate=8.81% top100=96.94%
chunks=265700 bytes=544153600 progress=54.42% BPC=0.7050 rate=8.81% top100=96.94%
chunks=265750 bytes=544256000 progress=54.43% BPC=0.7050 rate=8.81% top100=96.94%
chunks=265800 bytes=544358400 progress=54.44% BPC=0.7049 rate=8.81% top100=96.94%
chunks=265850 bytes=544460800 progress=54.45% BPC=0.7049 rate=8.81% top100=96.95%
chunks=265900 bytes=544563200 progress=54.46% BPC=0.7048 rate=8.81% top100=96.95%
chunks=265950 bytes=544665600 progress=54.47% BPC=0.7048 rate=8.81% top100=96.95%
chunks=266000 bytes=544768000 progress=54.48% BPC=0.7048 rate=8.81% top100=96.95%
chunks=266050 bytes=544870400 progress=54.49% BPC=0.7047 rate=8.81% top100=96.95%
chunks=266100 bytes=544972800 progress=54.50% BPC=0.7047 rate=8.81% top100=96.95%
chunks=266150 bytes=545075200 progress=54.51% BPC=0.7047 rate=8.81% top100=96.95%
chunks=266200 bytes=545177600 progress=54.52% BPC=0.7046 rate=8.81% top100=96.95%
chunks=266250 bytes=545280000 progress=54.53% BPC=0.7046 rate=8.81% top100=96.95%
chunks=266300 bytes=545382400 progress=54.54% BPC=0.7046 rate=8.81% top100=96.95%
chunks=266350 bytes=545484800 progress=54.55% BPC=0.7046 rate=8.81% top100=96.95%
chunks=266400 bytes=545587200 progress=54.56% BPC=0.7046 rate=8.81% top100=96.95%
chunks=266450 bytes=545689600 progress=54.57% BPC=0.7046 rate=8.81% top100=96.95%
chunks=266500 bytes=545792000 progress=54.58% BPC=0.7046 rate=8.81% top100=96.95%
chunks=266550 bytes=545894400 progress=54.59% BPC=0.7046 rate=8.81% top100=96.95%
chunks=266600 bytes=545996800 progress=54.60% BPC=0.7045 rate=8.81% top100=96.95%
chunks=266650 bytes=546099200 progress=54.61% BPC=0.7045 rate=8.81% top100=96.95%
chunks=266700 bytes=546201600 progress=54.62% BPC=0.7044 rate=8.81% top100=96.95%
chunks=266750 bytes=546304000 progress=54.63% BPC=0.7044 rate=8.81% top100=96.95%
chunks=266800 bytes=546406400 progress=54.64% BPC=0.7044 rate=8.80% top100=96.95%
chunks=266850 bytes=546508800 progress=54.65% BPC=0.7043 rate=8.80% top100=96.95%
chunks=266900 bytes=546611200 progress=54.66% BPC=0.7043 rate=8.80% top100=96.95%
chunks=266950 bytes=546713600 progress=54.67% BPC=0.7043 rate=8.80% top100=96.95%
chunks=267000 bytes=546816000 progress=54.68% BPC=0.7042 rate=8.80% top100=96.95%
chunks=267050 bytes=546918400 progress=54.69% BPC=0.7043 rate=8.80% top100=96.95%
chunks=267100 bytes=547020800 progress=54.70% BPC=0.7042 rate=8.80% top100=96.95%
chunks=267150 bytes=547123200 progress=54.71% BPC=0.7042 rate=8.80% top100=96.95%
chunks=267200 bytes=547225600 progress=54.72% BPC=0.7042 rate=8.80% top100=96.95%
chunks=267250 bytes=547328000 progress=54.73% BPC=0.7041 rate=8.80% top100=96.95%
chunks=267300 bytes=547430400 progress=54.74% BPC=0.7041 rate=8.80% top100=96.95%
chunks=267350 bytes=547532800 progress=54.75% BPC=0.7041 rate=8.80% top100=96.95%
chunks=267400 bytes=547635200 progress=54.76% BPC=0.7041 rate=8.80% top100=96.95%
chunks=267450 bytes=547737600 progress=54.77% BPC=0.7040 rate=8.80% top100=96.95%
chunks=267500 bytes=547840000 progress=54.78% BPC=0.7040 rate=8.80% top100=96.95%
chunks=267550 bytes=547942400 progress=54.79% BPC=0.7040 rate=8.80% top100=96.96%
chunks=267600 bytes=548044800 progress=54.80% BPC=0.7039 rate=8.80% top100=96.96%
chunks=267650 bytes=548147200 progress=54.81% BPC=0.7039 rate=8.80% top100=96.96%
chunks=267700 bytes=548249600 progress=54.82% BPC=0.7039 rate=8.80% top100=96.96%
chunks=267750 bytes=548352000 progress=54.84% BPC=0.7038 rate=8.80% top100=96.96%
chunks=267800 bytes=548454400 progress=54.85% BPC=0.7038 rate=8.80% top100=96.96%
chunks=267850 bytes=548556800 progress=54.86% BPC=0.7038 rate=8.80% top100=96.96%
chunks=267900 bytes=548659200 progress=54.87% BPC=0.7038 rate=8.80% top100=96.96%
chunks=267950 bytes=548761600 progress=54.88% BPC=0.7038 rate=8.80% top100=96.96%
chunks=268000 bytes=548864000 progress=54.89% BPC=0.7037 rate=8.80% top100=96.96%
chunks=268050 bytes=548966400 progress=54.90% BPC=0.7037 rate=8.80% top100=96.96%
chunks=268100 bytes=549068800 progress=54.91% BPC=0.7037 rate=8.80% top100=96.96%
chunks=268150 bytes=549171200 progress=54.92% BPC=0.7036 rate=8.80% top100=96.96%
chunks=268200 bytes=549273600 progress=54.93% BPC=0.7036 rate=8.80% top100=96.96%
chunks=268250 bytes=549376000 progress=54.94% BPC=0.7036 rate=8.79% top100=96.96%
chunks=268300 bytes=549478400 progress=54.95% BPC=0.7035 rate=8.79% top100=96.96%
chunks=268350 bytes=549580800 progress=54.96% BPC=0.7035 rate=8.79% top100=96.96%
chunks=268400 bytes=549683200 progress=54.97% BPC=0.7035 rate=8.79% top100=96.96%
chunks=268450 bytes=549785600 progress=54.98% BPC=0.7034 rate=8.79% top100=96.96%
chunks=268500 bytes=549888000 progress=54.99% BPC=0.7034 rate=8.79% top100=96.96%
chunks=268550 bytes=549990400 progress=55.00% BPC=0.7034 rate=8.79% top100=96.96%
chunks=268600 bytes=550092800 progress=55.01% BPC=0.7033 rate=8.79% top100=96.96%
chunks=268650 bytes=550195200 progress=55.02% BPC=0.7033 rate=8.79% top100=96.96%
chunks=268700 bytes=550297600 progress=55.03% BPC=0.7033 rate=8.79% top100=96.96%
chunks=268750 bytes=550400000 progress=55.04% BPC=0.7032 rate=8.79% top100=96.96%
chunks=268800 bytes=550502400 progress=55.05% BPC=0.7032 rate=8.79% top100=96.96%
chunks=268850 bytes=550604800 progress=55.06% BPC=0.7031 rate=8.79% top100=96.96%
chunks=268900 bytes=550707200 progress=55.07% BPC=0.7031 rate=8.79% top100=96.96%
chunks=268950 bytes=550809600 progress=55.08% BPC=0.7031 rate=8.79% top100=96.96%
chunks=269000 bytes=550912000 progress=55.09% BPC=0.7031 rate=8.79% top100=96.96%
chunks=269050 bytes=551014400 progress=55.10% BPC=0.7030 rate=8.79% top100=96.96%
chunks=269100 bytes=551116800 progress=55.11% BPC=0.7030 rate=8.79% top100=96.96%
chunks=269150 bytes=551219200 progress=55.12% BPC=0.7030 rate=8.79% top100=96.97%
chunks=269200 bytes=551321600 progress=55.13% BPC=0.7029 rate=8.79% top100=96.97%
chunks=269250 bytes=551424000 progress=55.14% BPC=0.7029 rate=8.79% top100=96.97%
chunks=269300 bytes=551526400 progress=55.15% BPC=0.7029 rate=8.79% top100=96.97%
chunks=269350 bytes=551628800 progress=55.16% BPC=0.7028 rate=8.79% top100=96.97%
chunks=269400 bytes=551731200 progress=55.17% BPC=0.7028 rate=8.78% top100=96.97%
chunks=269450 bytes=551833600 progress=55.18% BPC=0.7027 rate=8.78% top100=96.97%
chunks=269500 bytes=551936000 progress=55.19% BPC=0.7027 rate=8.78% top100=96.97%
chunks=269550 bytes=552038400 progress=55.20% BPC=0.7027 rate=8.78% top100=96.97%
chunks=269600 bytes=552140800 progress=55.21% BPC=0.7026 rate=8.78% top100=96.97%
chunks=269650 bytes=552243200 progress=55.22% BPC=0.7026 rate=8.78% top100=96.97%
chunks=269700 bytes=552345600 progress=55.23% BPC=0.7025 rate=8.78% top100=96.97%
chunks=269750 bytes=552448000 progress=55.24% BPC=0.7025 rate=8.78% top100=96.97%
chunks=269800 bytes=552550400 progress=55.26% BPC=0.7025 rate=8.78% top100=96.97%
chunks=269850 bytes=552652800 progress=55.27% BPC=0.7024 rate=8.78% top100=96.97%
chunks=269900 bytes=552755200 progress=55.28% BPC=0.7024 rate=8.78% top100=96.97%
chunks=269950 bytes=552857600 progress=55.29% BPC=0.7023 rate=8.78% top100=96.97%
chunks=270000 bytes=552960000 progress=55.30% BPC=0.7023 rate=8.78% top100=96.97%
chunks=270050 bytes=553062400 progress=55.31% BPC=0.7022 rate=8.78% top100=96.97%
chunks=270100 bytes=553164800 progress=55.32% BPC=0.7022 rate=8.78% top100=96.97%
chunks=270150 bytes=553267200 progress=55.33% BPC=0.7022 rate=8.78% top100=96.97%
chunks=270200 bytes=553369600 progress=55.34% BPC=0.7021 rate=8.78% top100=96.97%
chunks=270250 bytes=553472000 progress=55.35% BPC=0.7021 rate=8.78% top100=96.97%
chunks=270300 bytes=553574400 progress=55.36% BPC=0.7021 rate=8.78% top100=96.97%
chunks=270350 bytes=553676800 progress=55.37% BPC=0.7020 rate=8.78% top100=96.97%
chunks=270400 bytes=553779200 progress=55.38% BPC=0.7020 rate=8.77% top100=96.98%
chunks=270450 bytes=553881600 progress=55.39% BPC=0.7020 rate=8.77% top100=96.98%
chunks=270500 bytes=553984000 progress=55.40% BPC=0.7019 rate=8.77% top100=96.98%
chunks=270550 bytes=554086400 progress=55.41% BPC=0.7019 rate=8.77% top100=96.98%
chunks=270600 bytes=554188800 progress=55.42% BPC=0.7019 rate=8.77% top100=96.98%
chunks=270650 bytes=554291200 progress=55.43% BPC=0.7019 rate=8.77% top100=96.98%
chunks=270700 bytes=554393600 progress=55.44% BPC=0.7019 rate=8.77% top100=96.98%
chunks=270750 bytes=554496000 progress=55.45% BPC=0.7019 rate=8.77% top100=96.98%
chunks=270800 bytes=554598400 progress=55.46% BPC=0.7018 rate=8.77% top100=96.98%
chunks=270850 bytes=554700800 progress=55.47% BPC=0.7018 rate=8.77% top100=96.98%
chunks=270900 bytes=554803200 progress=55.48% BPC=0.7018 rate=8.77% top100=96.98%
chunks=270950 bytes=554905600 progress=55.49% BPC=0.7018 rate=8.77% top100=96.98%
chunks=271000 bytes=555008000 progress=55.50% BPC=0.7017 rate=8.77% top100=96.98%
chunks=271050 bytes=555110400 progress=55.51% BPC=0.7017 rate=8.77% top100=96.98%
chunks=271100 bytes=555212800 progress=55.52% BPC=0.7017 rate=8.77% top100=96.98%
chunks=271150 bytes=555315200 progress=55.53% BPC=0.7016 rate=8.77% top100=96.98%
chunks=271200 bytes=555417600 progress=55.54% BPC=0.7016 rate=8.77% top100=96.98%
chunks=271250 bytes=555520000 progress=55.55% BPC=0.7016 rate=8.77% top100=96.98%
chunks=271300 bytes=555622400 progress=55.56% BPC=0.7015 rate=8.77% top100=96.98%
chunks=271350 bytes=555724800 progress=55.57% BPC=0.7015 rate=8.77% top100=96.98%
chunks=271400 bytes=555827200 progress=55.58% BPC=0.7014 rate=8.77% top100=96.98%
chunks=271450 bytes=555929600 progress=55.59% BPC=0.7014 rate=8.77% top100=96.98%
chunks=271500 bytes=556032000 progress=55.60% BPC=0.7013 rate=8.77% top100=96.98%
chunks=271550 bytes=556134400 progress=55.61% BPC=0.7013 rate=8.77% top100=96.98%
chunks=271600 bytes=556236800 progress=55.62% BPC=0.7012 rate=8.77% top100=96.98%
chunks=271650 bytes=556339200 progress=55.63% BPC=0.7013 rate=8.77% top100=96.98%
chunks=271700 bytes=556441600 progress=55.64% BPC=0.7012 rate=8.77% top100=96.98%
chunks=271750 bytes=556544000 progress=55.65% BPC=0.7012 rate=8.76% top100=96.98%
chunks=271800 bytes=556646400 progress=55.66% BPC=0.7011 rate=8.76% top100=96.98%
chunks=271850 bytes=556748800 progress=55.67% BPC=0.7011 rate=8.76% top100=96.98%
chunks=271900 bytes=556851200 progress=55.69% BPC=0.7011 rate=8.76% top100=96.98%
chunks=271950 bytes=556953600 progress=55.70% BPC=0.7010 rate=8.76% top100=96.98%
chunks=272000 bytes=557056000 progress=55.71% BPC=0.7010 rate=8.76% top100=96.98%
chunks=272050 bytes=557158400 progress=55.72% BPC=0.7009 rate=8.76% top100=96.98%
chunks=272100 bytes=557260800 progress=55.73% BPC=0.7009 rate=8.76% top100=96.99%
chunks=272150 bytes=557363200 progress=55.74% BPC=0.7008 rate=8.76% top100=96.99%
chunks=272200 bytes=557465600 progress=55.75% BPC=0.7008 rate=8.76% top100=96.99%
chunks=272250 bytes=557568000 progress=55.76% BPC=0.7008 rate=8.76% top100=96.99%
chunks=272300 bytes=557670400 progress=55.77% BPC=0.7007 rate=8.76% top100=96.99%
chunks=272350 bytes=557772800 progress=55.78% BPC=0.7007 rate=8.76% top100=96.99%
chunks=272400 bytes=557875200 progress=55.79% BPC=0.7006 rate=8.76% top100=96.99%
chunks=272450 bytes=557977600 progress=55.80% BPC=0.7006 rate=8.76% top100=96.99%
chunks=272500 bytes=558080000 progress=55.81% BPC=0.7006 rate=8.76% top100=96.99%
chunks=272550 bytes=558182400 progress=55.82% BPC=0.7005 rate=8.76% top100=96.99%
chunks=272600 bytes=558284800 progress=55.83% BPC=0.7005 rate=8.76% top100=96.99%
chunks=272650 bytes=558387200 progress=55.84% BPC=0.7005 rate=8.76% top100=96.99%
chunks=272700 bytes=558489600 progress=55.85% BPC=0.7005 rate=8.76% top100=96.99%
chunks=272750 bytes=558592000 progress=55.86% BPC=0.7005 rate=8.76% top100=96.99%
chunks=272800 bytes=558694400 progress=55.87% BPC=0.7005 rate=8.76% top100=96.99%
chunks=272850 bytes=558796800 progress=55.88% BPC=0.7004 rate=8.76% top100=96.99%
chunks=272900 bytes=558899200 progress=55.89% BPC=0.7004 rate=8.75% top100=96.99%
chunks=272950 bytes=559001600 progress=55.90% BPC=0.7004 rate=8.75% top100=96.99%
chunks=273000 bytes=559104000 progress=55.91% BPC=0.7004 rate=8.75% top100=96.99%
chunks=273050 bytes=559206400 progress=55.92% BPC=0.7004 rate=8.75% top100=96.99%
chunks=273100 bytes=559308800 progress=55.93% BPC=0.7004 rate=8.75% top100=96.99%
chunks=273150 bytes=559411200 progress=55.94% BPC=0.7003 rate=8.75% top100=96.99%
chunks=273200 bytes=559513600 progress=55.95% BPC=0.7003 rate=8.75% top100=96.99%
chunks=273250 bytes=559616000 progress=55.96% BPC=0.7002 rate=8.75% top100=96.99%
chunks=273300 bytes=559718400 progress=55.97% BPC=0.7002 rate=8.75% top100=96.99%
chunks=273350 bytes=559820800 progress=55.98% BPC=0.7002 rate=8.75% top100=96.99%
chunks=273400 bytes=559923200 progress=55.99% BPC=0.7001 rate=8.75% top100=96.99%
chunks=273450 bytes=560025600 progress=56.00% BPC=0.7001 rate=8.75% top100=96.99%
chunks=273500 bytes=560128000 progress=56.01% BPC=0.7000 rate=8.75% top100=96.99%
chunks=273550 bytes=560230400 progress=56.02% BPC=0.7000 rate=8.75% top100=96.99%
chunks=273600 bytes=560332800 progress=56.03% BPC=0.6999 rate=8.75% top100=96.99%
chunks=273650 bytes=560435200 progress=56.04% BPC=0.6999 rate=8.75% top100=96.99%
chunks=273700 bytes=560537600 progress=56.05% BPC=0.6999 rate=8.75% top100=97.00%
chunks=273750 bytes=560640000 progress=56.06% BPC=0.6998 rate=8.75% top100=97.00%
chunks=273800 bytes=560742400 progress=56.07% BPC=0.6998 rate=8.75% top100=97.00%
chunks=273850 bytes=560844800 progress=56.08% BPC=0.6998 rate=8.75% top100=97.00%
chunks=273900 bytes=560947200 progress=56.09% BPC=0.6997 rate=8.75% top100=97.00%
chunks=273950 bytes=561049600 progress=56.10% BPC=0.6997 rate=8.75% top100=97.00%
chunks=274000 bytes=561152000 progress=56.12% BPC=0.6996 rate=8.75% top100=97.00%
chunks=274050 bytes=561254400 progress=56.13% BPC=0.6996 rate=8.74% top100=97.00%
chunks=274100 bytes=561356800 progress=56.14% BPC=0.6995 rate=8.74% top100=97.00%
chunks=274150 bytes=561459200 progress=56.15% BPC=0.6995 rate=8.74% top100=97.00%
chunks=274200 bytes=561561600 progress=56.16% BPC=0.6995 rate=8.74% top100=97.00%
chunks=274250 bytes=561664000 progress=56.17% BPC=0.6994 rate=8.74% top100=97.00%
chunks=274300 bytes=561766400 progress=56.18% BPC=0.6994 rate=8.74% top100=97.00%
chunks=274350 bytes=561868800 progress=56.19% BPC=0.6994 rate=8.74% top100=97.00%
chunks=274400 bytes=561971200 progress=56.20% BPC=0.6993 rate=8.74% top100=97.00%
chunks=274450 bytes=562073600 progress=56.21% BPC=0.6993 rate=8.74% top100=97.00%
chunks=274500 bytes=562176000 progress=56.22% BPC=0.6992 rate=8.74% top100=97.00%
chunks=274550 bytes=562278400 progress=56.23% BPC=0.6992 rate=8.74% top100=97.00%
chunks=274600 bytes=562380800 progress=56.24% BPC=0.6992 rate=8.74% top100=97.00%
chunks=274650 bytes=562483200 progress=56.25% BPC=0.6992 rate=8.74% top100=97.00%
chunks=274700 bytes=562585600 progress=56.26% BPC=0.6991 rate=8.74% top100=97.00%
chunks=274750 bytes=562688000 progress=56.27% BPC=0.6991 rate=8.74% top100=97.00%
chunks=274800 bytes=562790400 progress=56.28% BPC=0.6991 rate=8.74% top100=97.00%
chunks=274850 bytes=562892800 progress=56.29% BPC=0.6990 rate=8.74% top100=97.00%
chunks=274900 bytes=562995200 progress=56.30% BPC=0.6990 rate=8.74% top100=97.00%
chunks=274950 bytes=563097600 progress=56.31% BPC=0.6990 rate=8.74% top100=97.00%
chunks=275000 bytes=563200000 progress=56.32% BPC=0.6989 rate=8.74% top100=97.00%
chunks=275050 bytes=563302400 progress=56.33% BPC=0.6989 rate=8.74% top100=97.00%
chunks=275100 bytes=563404800 progress=56.34% BPC=0.6988 rate=8.74% top100=97.00%
chunks=275150 bytes=563507200 progress=56.35% BPC=0.6988 rate=8.73% top100=97.00%
chunks=275200 bytes=563609600 progress=56.36% BPC=0.6987 rate=8.73% top100=97.00%
chunks=275250 bytes=563712000 progress=56.37% BPC=0.6987 rate=8.73% top100=97.00%
chunks=275300 bytes=563814400 progress=56.38% BPC=0.6987 rate=8.73% top100=97.01%
chunks=275350 bytes=563916800 progress=56.39% BPC=0.6986 rate=8.73% top100=97.01%
chunks=275400 bytes=564019200 progress=56.40% BPC=0.6986 rate=8.73% top100=97.01%
chunks=275450 bytes=564121600 progress=56.41% BPC=0.6985 rate=8.73% top100=97.01%
chunks=275500 bytes=564224000 progress=56.42% BPC=0.6985 rate=8.73% top100=97.01%
chunks=275550 bytes=564326400 progress=56.43% BPC=0.6985 rate=8.73% top100=97.01%
chunks=275600 bytes=564428800 progress=56.44% BPC=0.6984 rate=8.73% top100=97.01%
chunks=275650 bytes=564531200 progress=56.45% BPC=0.6984 rate=8.73% top100=97.01%
chunks=275700 bytes=564633600 progress=56.46% BPC=0.6983 rate=8.73% top100=97.01%
chunks=275750 bytes=564736000 progress=56.47% BPC=0.6983 rate=8.73% top100=97.01%
chunks=275800 bytes=564838400 progress=56.48% BPC=0.6982 rate=8.73% top100=97.01%
chunks=275850 bytes=564940800 progress=56.49% BPC=0.6982 rate=8.73% top100=97.01%
chunks=275900 bytes=565043200 progress=56.50% BPC=0.6981 rate=8.73% top100=97.01%
chunks=275950 bytes=565145600 progress=56.51% BPC=0.6981 rate=8.73% top100=97.01%
chunks=276000 bytes=565248000 progress=56.52% BPC=0.6981 rate=8.73% top100=97.01%
chunks=276050 bytes=565350400 progress=56.54% BPC=0.6980 rate=8.73% top100=97.01%
chunks=276100 bytes=565452800 progress=56.55% BPC=0.6980 rate=8.72% top100=97.01%
chunks=276150 bytes=565555200 progress=56.56% BPC=0.6979 rate=8.72% top100=97.01%
chunks=276200 bytes=565657600 progress=56.57% BPC=0.6979 rate=8.72% top100=97.01%
chunks=276250 bytes=565760000 progress=56.58% BPC=0.6979 rate=8.72% top100=97.01%
chunks=276300 bytes=565862400 progress=56.59% BPC=0.6978 rate=8.72% top100=97.01%
chunks=276350 bytes=565964800 progress=56.60% BPC=0.6978 rate=8.72% top100=97.01%
chunks=276400 bytes=566067200 progress=56.61% BPC=0.6977 rate=8.72% top100=97.01%
chunks=276450 bytes=566169600 progress=56.62% BPC=0.6977 rate=8.72% top100=97.01%
chunks=276500 bytes=566272000 progress=56.63% BPC=0.6977 rate=8.72% top100=97.01%
chunks=276550 bytes=566374400 progress=56.64% BPC=0.6976 rate=8.72% top100=97.01%
chunks=276600 bytes=566476800 progress=56.65% BPC=0.6976 rate=8.72% top100=97.01%
chunks=276650 bytes=566579200 progress=56.66% BPC=0.6976 rate=8.72% top100=97.02%
chunks=276700 bytes=566681600 progress=56.67% BPC=0.6975 rate=8.72% top100=97.02%
chunks=276750 bytes=566784000 progress=56.68% BPC=0.6975 rate=8.72% top100=97.02%
chunks=276800 bytes=566886400 progress=56.69% BPC=0.6975 rate=8.72% top100=97.02%
chunks=276850 bytes=566988800 progress=56.70% BPC=0.6974 rate=8.72% top100=97.02%
chunks=276900 bytes=567091200 progress=56.71% BPC=0.6974 rate=8.72% top100=97.02%
chunks=276950 bytes=567193600 progress=56.72% BPC=0.6973 rate=8.72% top100=97.02%
chunks=277000 bytes=567296000 progress=56.73% BPC=0.6973 rate=8.72% top100=97.02%
chunks=277050 bytes=567398400 progress=56.74% BPC=0.6973 rate=8.72% top100=97.02%
chunks=277100 bytes=567500800 progress=56.75% BPC=0.6972 rate=8.72% top100=97.02%
chunks=277150 bytes=567603200 progress=56.76% BPC=0.6972 rate=8.71% top100=97.02%
chunks=277200 bytes=567705600 progress=56.77% BPC=0.6972 rate=8.71% top100=97.02%
chunks=277250 bytes=567808000 progress=56.78% BPC=0.6971 rate=8.71% top100=97.02%
chunks=277300 bytes=567910400 progress=56.79% BPC=0.6971 rate=8.71% top100=97.02%
chunks=277350 bytes=568012800 progress=56.80% BPC=0.6970 rate=8.71% top100=97.02%
chunks=277400 bytes=568115200 progress=56.81% BPC=0.6970 rate=8.71% top100=97.02%
chunks=277450 bytes=568217600 progress=56.82% BPC=0.6970 rate=8.71% top100=97.02%
chunks=277500 bytes=568320000 progress=56.83% BPC=0.6969 rate=8.71% top100=97.02%
chunks=277550 bytes=568422400 progress=56.84% BPC=0.6969 rate=8.71% top100=97.02%
chunks=277600 bytes=568524800 progress=56.85% BPC=0.6969 rate=8.71% top100=97.02%
chunks=277650 bytes=568627200 progress=56.86% BPC=0.6968 rate=8.71% top100=97.02%
chunks=277700 bytes=568729600 progress=56.87% BPC=0.6968 rate=8.71% top100=97.02%
chunks=277750 bytes=568832000 progress=56.88% BPC=0.6967 rate=8.71% top100=97.02%
chunks=277800 bytes=568934400 progress=56.89% BPC=0.6967 rate=8.71% top100=97.02%
chunks=277850 bytes=569036800 progress=56.90% BPC=0.6967 rate=8.71% top100=97.02%
chunks=277900 bytes=569139200 progress=56.91% BPC=0.6966 rate=8.71% top100=97.02%
chunks=277950 bytes=569241600 progress=56.92% BPC=0.6966 rate=8.71% top100=97.02%
chunks=278000 bytes=569344000 progress=56.93% BPC=0.6966 rate=8.71% top100=97.02%
chunks=278050 bytes=569446400 progress=56.94% BPC=0.6965 rate=8.71% top100=97.03%
chunks=278100 bytes=569548800 progress=56.95% BPC=0.6965 rate=8.71% top100=97.03%
chunks=278150 bytes=569651200 progress=56.97% BPC=0.6965 rate=8.71% top100=97.03%
chunks=278200 bytes=569753600 progress=56.98% BPC=0.6964 rate=8.71% top100=97.03%
chunks=278250 bytes=569856000 progress=56.99% BPC=0.6964 rate=8.70% top100=97.03%
chunks=278300 bytes=569958400 progress=57.00% BPC=0.6964 rate=8.70% top100=97.03%
chunks=278350 bytes=570060800 progress=57.01% BPC=0.6963 rate=8.70% top100=97.03%
chunks=278400 bytes=570163200 progress=57.02% BPC=0.6963 rate=8.70% top100=97.03%
chunks=278450 bytes=570265600 progress=57.03% BPC=0.6963 rate=8.70% top100=97.03%
chunks=278500 bytes=570368000 progress=57.04% BPC=0.6962 rate=8.70% top100=97.03%
chunks=278550 bytes=570470400 progress=57.05% BPC=0.6962 rate=8.70% top100=97.03%
chunks=278600 bytes=570572800 progress=57.06% BPC=0.6961 rate=8.70% top100=97.03%
chunks=278650 bytes=570675200 progress=57.07% BPC=0.6961 rate=8.70% top100=97.03%
chunks=278700 bytes=570777600 progress=57.08% BPC=0.6961 rate=8.70% top100=97.03%
chunks=278750 bytes=570880000 progress=57.09% BPC=0.6960 rate=8.70% top100=97.03%
chunks=278800 bytes=570982400 progress=57.10% BPC=0.6960 rate=8.70% top100=97.03%
chunks=278850 bytes=571084800 progress=57.11% BPC=0.6960 rate=8.70% top100=97.03%
chunks=278900 bytes=571187200 progress=57.12% BPC=0.6959 rate=8.70% top100=97.03%
chunks=278950 bytes=571289600 progress=57.13% BPC=0.6959 rate=8.70% top100=97.03%
chunks=279000 bytes=571392000 progress=57.14% BPC=0.6959 rate=8.70% top100=97.03%
chunks=279050 bytes=571494400 progress=57.15% BPC=0.6959 rate=8.70% top100=97.03%
chunks=279100 bytes=571596800 progress=57.16% BPC=0.6958 rate=8.70% top100=97.03%
chunks=279150 bytes=571699200 progress=57.17% BPC=0.6958 rate=8.70% top100=97.03%
chunks=279200 bytes=571801600 progress=57.18% BPC=0.6958 rate=8.70% top100=97.03%
chunks=279250 bytes=571904000 progress=57.19% BPC=0.6957 rate=8.70% top100=97.03%
chunks=279300 bytes=572006400 progress=57.20% BPC=0.6957 rate=8.70% top100=97.03%
chunks=279350 bytes=572108800 progress=57.21% BPC=0.6957 rate=8.70% top100=97.03%
chunks=279400 bytes=572211200 progress=57.22% BPC=0.6957 rate=8.70% top100=97.03%
chunks=279450 bytes=572313600 progress=57.23% BPC=0.6956 rate=8.70% top100=97.03%
chunks=279500 bytes=572416000 progress=57.24% BPC=0.6956 rate=8.69% top100=97.04%
chunks=279550 bytes=572518400 progress=57.25% BPC=0.6956 rate=8.69% top100=97.04%
chunks=279600 bytes=572620800 progress=57.26% BPC=0.6955 rate=8.69% top100=97.04%
chunks=279650 bytes=572723200 progress=57.27% BPC=0.6955 rate=8.69% top100=97.04%
chunks=279700 bytes=572825600 progress=57.28% BPC=0.6954 rate=8.69% top100=97.04%
chunks=279750 bytes=572928000 progress=57.29% BPC=0.6954 rate=8.69% top100=97.04%
chunks=279800 bytes=573030400 progress=57.30% BPC=0.6954 rate=8.69% top100=97.04%
chunks=279850 bytes=573132800 progress=57.31% BPC=0.6953 rate=8.69% top100=97.04%
chunks=279900 bytes=573235200 progress=57.32% BPC=0.6953 rate=8.69% top100=97.04%
chunks=279950 bytes=573337600 progress=57.33% BPC=0.6953 rate=8.69% top100=97.04%
chunks=280000 bytes=573440000 progress=57.34% BPC=0.6953 rate=8.69% top100=97.04%
chunks=280050 bytes=573542400 progress=57.35% BPC=0.6952 rate=8.69% top100=97.04%
chunks=280100 bytes=573644800 progress=57.36% BPC=0.6952 rate=8.69% top100=97.04%
chunks=280150 bytes=573747200 progress=57.37% BPC=0.6952 rate=8.69% top100=97.04%
chunks=280200 bytes=573849600 progress=57.38% BPC=0.6951 rate=8.69% top100=97.04%
chunks=280250 bytes=573952000 progress=57.40% BPC=0.6951 rate=8.69% top100=97.04%
chunks=280300 bytes=574054400 progress=57.41% BPC=0.6951 rate=8.69% top100=97.04%
chunks=280350 bytes=574156800 progress=57.42% BPC=0.6950 rate=8.69% top100=97.04%
chunks=280400 bytes=574259200 progress=57.43% BPC=0.6950 rate=8.69% top100=97.04%
chunks=280450 bytes=574361600 progress=57.44% BPC=0.6950 rate=8.69% top100=97.04%
chunks=280500 bytes=574464000 progress=57.45% BPC=0.6949 rate=8.69% top100=97.04%
chunks=280550 bytes=574566400 progress=57.46% BPC=0.6949 rate=8.69% top100=97.04%
chunks=280600 bytes=574668800 progress=57.47% BPC=0.6949 rate=8.69% top100=97.04%
chunks=280650 bytes=574771200 progress=57.48% BPC=0.6948 rate=8.69% top100=97.04%
chunks=280700 bytes=574873600 progress=57.49% BPC=0.6948 rate=8.69% top100=97.04%
chunks=280750 bytes=574976000 progress=57.50% BPC=0.6948 rate=8.68% top100=97.04%
chunks=280800 bytes=575078400 progress=57.51% BPC=0.6947 rate=8.68% top100=97.04%
chunks=280850 bytes=575180800 progress=57.52% BPC=0.6947 rate=8.68% top100=97.04%
chunks=280900 bytes=575283200 progress=57.53% BPC=0.6947 rate=8.68% top100=97.04%
chunks=280950 bytes=575385600 progress=57.54% BPC=0.6947 rate=8.68% top100=97.04%
chunks=281000 bytes=575488000 progress=57.55% BPC=0.6946 rate=8.68% top100=97.04%
chunks=281050 bytes=575590400 progress=57.56% BPC=0.6946 rate=8.68% top100=97.05%
chunks=281100 bytes=575692800 progress=57.57% BPC=0.6946 rate=8.68% top100=97.05%
chunks=281150 bytes=575795200 progress=57.58% BPC=0.6945 rate=8.68% top100=97.05%
chunks=281200 bytes=575897600 progress=57.59% BPC=0.6945 rate=8.68% top100=97.05%
chunks=281250 bytes=576000000 progress=57.60% BPC=0.6945 rate=8.68% top100=97.05%
chunks=281300 bytes=576102400 progress=57.61% BPC=0.6944 rate=8.68% top100=97.05%
chunks=281350 bytes=576204800 progress=57.62% BPC=0.6944 rate=8.68% top100=97.05%
chunks=281400 bytes=576307200 progress=57.63% BPC=0.6944 rate=8.68% top100=97.05%
chunks=281450 bytes=576409600 progress=57.64% BPC=0.6943 rate=8.68% top100=97.05%
chunks=281500 bytes=576512000 progress=57.65% BPC=0.6943 rate=8.68% top100=97.05%
chunks=281550 bytes=576614400 progress=57.66% BPC=0.6943 rate=8.68% top100=97.05%
chunks=281600 bytes=576716800 progress=57.67% BPC=0.6942 rate=8.68% top100=97.05%
chunks=281650 bytes=576819200 progress=57.68% BPC=0.6942 rate=8.68% top100=97.05%
chunks=281700 bytes=576921600 progress=57.69% BPC=0.6942 rate=8.68% top100=97.05%
chunks=281750 bytes=577024000 progress=57.70% BPC=0.6941 rate=8.68% top100=97.05%
chunks=281800 bytes=577126400 progress=57.71% BPC=0.6941 rate=8.68% top100=97.05%
chunks=281850 bytes=577228800 progress=57.72% BPC=0.6941 rate=8.68% top100=97.05%
chunks=281900 bytes=577331200 progress=57.73% BPC=0.6941 rate=8.68% top100=97.05%
chunks=281950 bytes=577433600 progress=57.74% BPC=0.6940 rate=8.68% top100=97.05%
chunks=282000 bytes=577536000 progress=57.75% BPC=0.6940 rate=8.67% top100=97.05%
chunks=282050 bytes=577638400 progress=57.76% BPC=0.6939 rate=8.67% top100=97.05%
chunks=282100 bytes=577740800 progress=57.77% BPC=0.6939 rate=8.67% top100=97.05%
chunks=282150 bytes=577843200 progress=57.78% BPC=0.6939 rate=8.67% top100=97.05%
chunks=282200 bytes=577945600 progress=57.79% BPC=0.6938 rate=8.67% top100=97.05%
chunks=282250 bytes=578048000 progress=57.80% BPC=0.6938 rate=8.67% top100=97.05%
chunks=282300 bytes=578150400 progress=57.82% BPC=0.6938 rate=8.67% top100=97.05%
chunks=282350 bytes=578252800 progress=57.83% BPC=0.6937 rate=8.67% top100=97.05%
chunks=282400 bytes=578355200 progress=57.84% BPC=0.6937 rate=8.67% top100=97.05%
chunks=282450 bytes=578457600 progress=57.85% BPC=0.6937 rate=8.67% top100=97.05%
chunks=282500 bytes=578560000 progress=57.86% BPC=0.6937 rate=8.67% top100=97.05%
chunks=282550 bytes=578662400 progress=57.87% BPC=0.6936 rate=8.67% top100=97.05%
chunks=282600 bytes=578764800 progress=57.88% BPC=0.6936 rate=8.67% top100=97.06%
chunks=282650 bytes=578867200 progress=57.89% BPC=0.6936 rate=8.67% top100=97.06%
chunks=282700 bytes=578969600 progress=57.90% BPC=0.6936 rate=8.67% top100=97.06%
chunks=282750 bytes=579072000 progress=57.91% BPC=0.6935 rate=8.67% top100=97.06%
chunks=282800 bytes=579174400 progress=57.92% BPC=0.6935 rate=8.67% top100=97.06%
chunks=282850 bytes=579276800 progress=57.93% BPC=0.6935 rate=8.67% top100=97.06%
chunks=282900 bytes=579379200 progress=57.94% BPC=0.6935 rate=8.67% top100=97.06%
chunks=282950 bytes=579481600 progress=57.95% BPC=0.6934 rate=8.67% top100=97.06%
chunks=283000 bytes=579584000 progress=57.96% BPC=0.6934 rate=8.67% top100=97.06%
chunks=283050 bytes=579686400 progress=57.97% BPC=0.6934 rate=8.67% top100=97.06%
chunks=283100 bytes=579788800 progress=57.98% BPC=0.6933 rate=8.67% top100=97.06%
chunks=283150 bytes=579891200 progress=57.99% BPC=0.6933 rate=8.67% top100=97.06%
chunks=283200 bytes=579993600 progress=58.00% BPC=0.6933 rate=8.67% top100=97.06%
chunks=283250 bytes=580096000 progress=58.01% BPC=0.6932 rate=8.67% top100=97.06%
chunks=283300 bytes=580198400 progress=58.02% BPC=0.6932 rate=8.67% top100=97.06%
chunks=283350 bytes=580300800 progress=58.03% BPC=0.6932 rate=8.66% top100=97.06%
chunks=283400 bytes=580403200 progress=58.04% BPC=0.6931 rate=8.66% top100=97.06%
chunks=283450 bytes=580505600 progress=58.05% BPC=0.6931 rate=8.66% top100=97.06%
chunks=283500 bytes=580608000 progress=58.06% BPC=0.6931 rate=8.66% top100=97.06%
chunks=283550 bytes=580710400 progress=58.07% BPC=0.6931 rate=8.66% top100=97.06%
chunks=283600 bytes=580812800 progress=58.08% BPC=0.6930 rate=8.66% top100=97.06%
chunks=283650 bytes=580915200 progress=58.09% BPC=0.6930 rate=8.66% top100=97.06%
chunks=283700 bytes=581017600 progress=58.10% BPC=0.6930 rate=8.66% top100=97.06%
chunks=283750 bytes=581120000 progress=58.11% BPC=0.6929 rate=8.66% top100=97.06%
chunks=283800 bytes=581222400 progress=58.12% BPC=0.6929 rate=8.66% top100=97.06%
chunks=283850 bytes=581324800 progress=58.13% BPC=0.6929 rate=8.66% top100=97.06%
chunks=283900 bytes=581427200 progress=58.14% BPC=0.6928 rate=8.66% top100=97.06%
chunks=283950 bytes=581529600 progress=58.15% BPC=0.6928 rate=8.66% top100=97.06%
chunks=284000 bytes=581632000 progress=58.16% BPC=0.6927 rate=8.66% top100=97.06%
chunks=284050 bytes=581734400 progress=58.17% BPC=0.6927 rate=8.66% top100=97.06%
chunks=284100 bytes=581836800 progress=58.18% BPC=0.6927 rate=8.66% top100=97.06%
chunks=284150 bytes=581939200 progress=58.19% BPC=0.6926 rate=8.66% top100=97.06%
chunks=284200 bytes=582041600 progress=58.20% BPC=0.6926 rate=8.66% top100=97.07%
chunks=284250 bytes=582144000 progress=58.21% BPC=0.6925 rate=8.66% top100=97.07%
chunks=284300 bytes=582246400 progress=58.22% BPC=0.6925 rate=8.66% top100=97.07%
chunks=284350 bytes=582348800 progress=58.23% BPC=0.6925 rate=8.66% top100=97.07%
chunks=284400 bytes=582451200 progress=58.25% BPC=0.6924 rate=8.66% top100=97.07%
chunks=284450 bytes=582553600 progress=58.26% BPC=0.6924 rate=8.65% top100=97.07%
chunks=284500 bytes=582656000 progress=58.27% BPC=0.6923 rate=8.65% top100=97.07%
chunks=284550 bytes=582758400 progress=58.28% BPC=0.6923 rate=8.65% top100=97.07%
chunks=284600 bytes=582860800 progress=58.29% BPC=0.6922 rate=8.65% top100=97.07%
chunks=284650 bytes=582963200 progress=58.30% BPC=0.6922 rate=8.65% top100=97.07%
chunks=284700 bytes=583065600 progress=58.31% BPC=0.6922 rate=8.65% top100=97.07%
chunks=284750 bytes=583168000 progress=58.32% BPC=0.6921 rate=8.65% top100=97.07%
chunks=284800 bytes=583270400 progress=58.33% BPC=0.6921 rate=8.65% top100=97.07%
chunks=284850 bytes=583372800 progress=58.34% BPC=0.6921 rate=8.65% top100=97.07%
chunks=284900 bytes=583475200 progress=58.35% BPC=0.6920 rate=8.65% top100=97.07%
chunks=284950 bytes=583577600 progress=58.36% BPC=0.6920 rate=8.65% top100=97.07%
chunks=285000 bytes=583680000 progress=58.37% BPC=0.6919 rate=8.65% top100=97.07%
chunks=285050 bytes=583782400 progress=58.38% BPC=0.6919 rate=8.65% top100=97.07%
chunks=285100 bytes=583884800 progress=58.39% BPC=0.6919 rate=8.65% top100=97.07%
chunks=285150 bytes=583987200 progress=58.40% BPC=0.6919 rate=8.65% top100=97.07%
chunks=285200 bytes=584089600 progress=58.41% BPC=0.6918 rate=8.65% top100=97.07%
chunks=285250 bytes=584192000 progress=58.42% BPC=0.6918 rate=8.65% top100=97.07%
chunks=285300 bytes=584294400 progress=58.43% BPC=0.6917 rate=8.65% top100=97.07%
chunks=285350 bytes=584396800 progress=58.44% BPC=0.6917 rate=8.65% top100=97.07%
chunks=285400 bytes=584499200 progress=58.45% BPC=0.6916 rate=8.65% top100=97.07%
chunks=285450 bytes=584601600 progress=58.46% BPC=0.6916 rate=8.64% top100=97.07%
chunks=285500 bytes=584704000 progress=58.47% BPC=0.6915 rate=8.64% top100=97.07%
chunks=285550 bytes=584806400 progress=58.48% BPC=0.6915 rate=8.64% top100=97.07%
chunks=285600 bytes=584908800 progress=58.49% BPC=0.6915 rate=8.64% top100=97.07%
chunks=285650 bytes=585011200 progress=58.50% BPC=0.6914 rate=8.64% top100=97.07%
chunks=285700 bytes=585113600 progress=58.51% BPC=0.6914 rate=8.64% top100=97.08%
chunks=285750 bytes=585216000 progress=58.52% BPC=0.6913 rate=8.64% top100=97.08%
chunks=285800 bytes=585318400 progress=58.53% BPC=0.6913 rate=8.64% top100=97.08%
chunks=285850 bytes=585420800 progress=58.54% BPC=0.6912 rate=8.64% top100=97.08%
chunks=285900 bytes=585523200 progress=58.55% BPC=0.6912 rate=8.64% top100=97.08%
chunks=285950 bytes=585625600 progress=58.56% BPC=0.6911 rate=8.64% top100=97.08%
chunks=286000 bytes=585728000 progress=58.57% BPC=0.6911 rate=8.64% top100=97.08%
chunks=286050 bytes=585830400 progress=58.58% BPC=0.6911 rate=8.64% top100=97.08%
chunks=286100 bytes=585932800 progress=58.59% BPC=0.6910 rate=8.64% top100=97.08%
chunks=286150 bytes=586035200 progress=58.60% BPC=0.6910 rate=8.64% top100=97.08%
chunks=286200 bytes=586137600 progress=58.61% BPC=0.6910 rate=8.64% top100=97.08%
chunks=286250 bytes=586240000 progress=58.62% BPC=0.6909 rate=8.64% top100=97.08%
chunks=286300 bytes=586342400 progress=58.63% BPC=0.6909 rate=8.64% top100=97.08%
chunks=286350 bytes=586444800 progress=58.64% BPC=0.6909 rate=8.64% top100=97.08%
chunks=286400 bytes=586547200 progress=58.65% BPC=0.6908 rate=8.64% top100=97.08%
chunks=286450 bytes=586649600 progress=58.66% BPC=0.6909 rate=8.64% top100=97.08%
chunks=286500 bytes=586752000 progress=58.68% BPC=0.6908 rate=8.64% top100=97.08%
chunks=286550 bytes=586854400 progress=58.69% BPC=0.6908 rate=8.64% top100=97.08%
chunks=286600 bytes=586956800 progress=58.70% BPC=0.6908 rate=8.64% top100=97.08%
chunks=286650 bytes=587059200 progress=58.71% BPC=0.6908 rate=8.64% top100=97.08%
chunks=286700 bytes=587161600 progress=58.72% BPC=0.6908 rate=8.64% top100=97.08%
chunks=286750 bytes=587264000 progress=58.73% BPC=0.6909 rate=8.64% top100=97.08%
chunks=286800 bytes=587366400 progress=58.74% BPC=0.6909 rate=8.64% top100=97.08%
chunks=286850 bytes=587468800 progress=58.75% BPC=0.6909 rate=8.64% top100=97.08%
chunks=286900 bytes=587571200 progress=58.76% BPC=0.6909 rate=8.64% top100=97.08%
chunks=286950 bytes=587673600 progress=58.77% BPC=0.6909 rate=8.64% top100=97.08%
chunks=287000 bytes=587776000 progress=58.78% BPC=0.6909 rate=8.64% top100=97.08%
chunks=287050 bytes=587878400 progress=58.79% BPC=0.6909 rate=8.64% top100=97.08%
chunks=287100 bytes=587980800 progress=58.80% BPC=0.6909 rate=8.64% top100=97.08%
chunks=287150 bytes=588083200 progress=58.81% BPC=0.6909 rate=8.64% top100=97.08%
chunks=287200 bytes=588185600 progress=58.82% BPC=0.6910 rate=8.64% top100=97.08%
chunks=287250 bytes=588288000 progress=58.83% BPC=0.6910 rate=8.64% top100=97.08%
chunks=287300 bytes=588390400 progress=58.84% BPC=0.6910 rate=8.64% top100=97.08%
chunks=287350 bytes=588492800 progress=58.85% BPC=0.6910 rate=8.64% top100=97.08%
chunks=287400 bytes=588595200 progress=58.86% BPC=0.6910 rate=8.64% top100=97.08%
chunks=287450 bytes=588697600 progress=58.87% BPC=0.6910 rate=8.64% top100=97.08%
chunks=287500 bytes=588800000 progress=58.88% BPC=0.6910 rate=8.64% top100=97.08%
chunks=287550 bytes=588902400 progress=58.89% BPC=0.6910 rate=8.64% top100=97.08%
chunks=287600 bytes=589004800 progress=58.90% BPC=0.6910 rate=8.64% top100=97.08%
chunks=287650 bytes=589107200 progress=58.91% BPC=0.6910 rate=8.64% top100=97.08%
chunks=287700 bytes=589209600 progress=58.92% BPC=0.6910 rate=8.64% top100=97.08%
chunks=287750 bytes=589312000 progress=58.93% BPC=0.6910 rate=8.64% top100=97.08%
chunks=287800 bytes=589414400 progress=58.94% BPC=0.6909 rate=8.64% top100=97.08%
chunks=287850 bytes=589516800 progress=58.95% BPC=0.6909 rate=8.64% top100=97.08%
chunks=287900 bytes=589619200 progress=58.96% BPC=0.6909 rate=8.64% top100=97.08%
chunks=287950 bytes=589721600 progress=58.97% BPC=0.6908 rate=8.64% top100=97.08%
chunks=288000 bytes=589824000 progress=58.98% BPC=0.6908 rate=8.64% top100=97.08%
chunks=288050 bytes=589926400 progress=58.99% BPC=0.6908 rate=8.64% top100=97.08%
chunks=288100 bytes=590028800 progress=59.00% BPC=0.6909 rate=8.64% top100=97.08%
chunks=288150 bytes=590131200 progress=59.01% BPC=0.6909 rate=8.64% top100=97.08%
chunks=288200 bytes=590233600 progress=59.02% BPC=0.6909 rate=8.64% top100=97.08%
chunks=288250 bytes=590336000 progress=59.03% BPC=0.6909 rate=8.64% top100=97.08%
chunks=288300 bytes=590438400 progress=59.04% BPC=0.6909 rate=8.64% top100=97.08%
chunks=288350 bytes=590540800 progress=59.05% BPC=0.6909 rate=8.64% top100=97.08%
chunks=288400 bytes=590643200 progress=59.06% BPC=0.6909 rate=8.64% top100=97.08%
chunks=288450 bytes=590745600 progress=59.07% BPC=0.6909 rate=8.64% top100=97.08%
chunks=288500 bytes=590848000 progress=59.08% BPC=0.6909 rate=8.64% top100=97.08%
chunks=288550 bytes=590950400 progress=59.10% BPC=0.6909 rate=8.64% top100=97.08%
chunks=288600 bytes=591052800 progress=59.11% BPC=0.6909 rate=8.64% top100=97.08%
chunks=288650 bytes=591155200 progress=59.12% BPC=0.6910 rate=8.64% top100=97.08%
chunks=288700 bytes=591257600 progress=59.13% BPC=0.6910 rate=8.64% top100=97.08%
chunks=288750 bytes=591360000 progress=59.14% BPC=0.6910 rate=8.64% top100=97.08%
chunks=288800 bytes=591462400 progress=59.15% BPC=0.6910 rate=8.64% top100=97.08%
chunks=288850 bytes=591564800 progress=59.16% BPC=0.6910 rate=8.64% top100=97.08%
chunks=288900 bytes=591667200 progress=59.17% BPC=0.6910 rate=8.64% top100=97.08%
chunks=288950 bytes=591769600 progress=59.18% BPC=0.6910 rate=8.64% top100=97.08%
chunks=289000 bytes=591872000 progress=59.19% BPC=0.6910 rate=8.64% top100=97.08%
chunks=289050 bytes=591974400 progress=59.20% BPC=0.6910 rate=8.64% top100=97.08%
chunks=289100 bytes=592076800 progress=59.21% BPC=0.6910 rate=8.64% top100=97.08%
chunks=289150 bytes=592179200 progress=59.22% BPC=0.6909 rate=8.64% top100=97.08%
chunks=289200 bytes=592281600 progress=59.23% BPC=0.6909 rate=8.64% top100=97.08%
chunks=289250 bytes=592384000 progress=59.24% BPC=0.6909 rate=8.64% top100=97.08%
chunks=289300 bytes=592486400 progress=59.25% BPC=0.6909 rate=8.64% top100=97.08%
chunks=289350 bytes=592588800 progress=59.26% BPC=0.6909 rate=8.64% top100=97.08%
chunks=289400 bytes=592691200 progress=59.27% BPC=0.6909 rate=8.64% top100=97.08%
chunks=289450 bytes=592793600 progress=59.28% BPC=0.6909 rate=8.64% top100=97.08%
chunks=289500 bytes=592896000 progress=59.29% BPC=0.6909 rate=8.64% top100=97.08%
chunks=289550 bytes=592998400 progress=59.30% BPC=0.6910 rate=8.64% top100=97.08%
chunks=289600 bytes=593100800 progress=59.31% BPC=0.6910 rate=8.64% top100=97.08%
chunks=289650 bytes=593203200 progress=59.32% BPC=0.6910 rate=8.64% top100=97.08%
chunks=289700 bytes=593305600 progress=59.33% BPC=0.6910 rate=8.64% top100=97.08%
chunks=289750 bytes=593408000 progress=59.34% BPC=0.6910 rate=8.64% top100=97.08%
chunks=289800 bytes=593510400 progress=59.35% BPC=0.6910 rate=8.64% top100=97.08%
chunks=289850 bytes=593612800 progress=59.36% BPC=0.6910 rate=8.64% top100=97.08%
chunks=289900 bytes=593715200 progress=59.37% BPC=0.6911 rate=8.64% top100=97.08%
chunks=289950 bytes=593817600 progress=59.38% BPC=0.6911 rate=8.64% top100=97.08%
chunks=290000 bytes=593920000 progress=59.39% BPC=0.6911 rate=8.64% top100=97.08%
chunks=290050 bytes=594022400 progress=59.40% BPC=0.6911 rate=8.64% top100=97.08%
chunks=290100 bytes=594124800 progress=59.41% BPC=0.6911 rate=8.64% top100=97.08%
chunks=290150 bytes=594227200 progress=59.42% BPC=0.6911 rate=8.64% top100=97.08%
chunks=290200 bytes=594329600 progress=59.43% BPC=0.6911 rate=8.64% top100=97.08%
chunks=290250 bytes=594432000 progress=59.44% BPC=0.6911 rate=8.64% top100=97.08%
chunks=290300 bytes=594534400 progress=59.45% BPC=0.6912 rate=8.64% top100=97.08%
chunks=290350 bytes=594636800 progress=59.46% BPC=0.6912 rate=8.64% top100=97.08%
chunks=290400 bytes=594739200 progress=59.47% BPC=0.6912 rate=8.64% top100=97.08%
chunks=290450 bytes=594841600 progress=59.48% BPC=0.6912 rate=8.64% top100=97.08%
chunks=290500 bytes=594944000 progress=59.49% BPC=0.6912 rate=8.64% top100=97.08%
chunks=290550 bytes=595046400 progress=59.50% BPC=0.6912 rate=8.64% top100=97.08%
chunks=290600 bytes=595148800 progress=59.51% BPC=0.6912 rate=8.64% top100=97.08%
chunks=290650 bytes=595251200 progress=59.53% BPC=0.6913 rate=8.64% top100=97.08%
chunks=290700 bytes=595353600 progress=59.54% BPC=0.6913 rate=8.64% top100=97.08%
chunks=290750 bytes=595456000 progress=59.55% BPC=0.6913 rate=8.64% top100=97.08%
chunks=290800 bytes=595558400 progress=59.56% BPC=0.6913 rate=8.64% top100=97.08%
chunks=290850 bytes=595660800 progress=59.57% BPC=0.6913 rate=8.64% top100=97.08%
chunks=290900 bytes=595763200 progress=59.58% BPC=0.6913 rate=8.64% top100=97.08%
chunks=290950 bytes=595865600 progress=59.59% BPC=0.6913 rate=8.64% top100=97.08%
chunks=291000 bytes=595968000 progress=59.60% BPC=0.6914 rate=8.64% top100=97.08%
chunks=291050 bytes=596070400 progress=59.61% BPC=0.6914 rate=8.64% top100=97.07%
chunks=291100 bytes=596172800 progress=59.62% BPC=0.6914 rate=8.64% top100=97.07%
chunks=291150 bytes=596275200 progress=59.63% BPC=0.6914 rate=8.64% top100=97.07%
chunks=291200 bytes=596377600 progress=59.64% BPC=0.6915 rate=8.64% top100=97.07%
chunks=291250 bytes=596480000 progress=59.65% BPC=0.6915 rate=8.64% top100=97.07%
chunks=291300 bytes=596582400 progress=59.66% BPC=0.6915 rate=8.64% top100=97.07%
chunks=291350 bytes=596684800 progress=59.67% BPC=0.6915 rate=8.64% top100=97.07%
chunks=291400 bytes=596787200 progress=59.68% BPC=0.6915 rate=8.64% top100=97.07%
chunks=291450 bytes=596889600 progress=59.69% BPC=0.6915 rate=8.64% top100=97.07%
chunks=291500 bytes=596992000 progress=59.70% BPC=0.6915 rate=8.64% top100=97.07%
chunks=291550 bytes=597094400 progress=59.71% BPC=0.6915 rate=8.64% top100=97.07%
chunks=291600 bytes=597196800 progress=59.72% BPC=0.6915 rate=8.64% top100=97.07%
chunks=291650 bytes=597299200 progress=59.73% BPC=0.6915 rate=8.64% top100=97.07%
chunks=291700 bytes=597401600 progress=59.74% BPC=0.6916 rate=8.64% top100=97.07%
chunks=291750 bytes=597504000 progress=59.75% BPC=0.6916 rate=8.64% top100=97.07%
chunks=291800 bytes=597606400 progress=59.76% BPC=0.6916 rate=8.64% top100=97.07%
chunks=291850 bytes=597708800 progress=59.77% BPC=0.6916 rate=8.65% top100=97.07%
chunks=291900 bytes=597811200 progress=59.78% BPC=0.6916 rate=8.65% top100=97.07%
chunks=291950 bytes=597913600 progress=59.79% BPC=0.6916 rate=8.65% top100=97.07%
chunks=292000 bytes=598016000 progress=59.80% BPC=0.6916 rate=8.65% top100=97.07%
chunks=292050 bytes=598118400 progress=59.81% BPC=0.6916 rate=8.65% top100=97.07%
chunks=292100 bytes=598220800 progress=59.82% BPC=0.6917 rate=8.65% top100=97.07%
chunks=292150 bytes=598323200 progress=59.83% BPC=0.6917 rate=8.65% top100=97.07%
chunks=292200 bytes=598425600 progress=59.84% BPC=0.6917 rate=8.65% top100=97.07%
chunks=292250 bytes=598528000 progress=59.85% BPC=0.6917 rate=8.65% top100=97.07%
chunks=292300 bytes=598630400 progress=59.86% BPC=0.6917 rate=8.65% top100=97.07%
chunks=292350 bytes=598732800 progress=59.87% BPC=0.6917 rate=8.65% top100=97.07%
chunks=292400 bytes=598835200 progress=59.88% BPC=0.6917 rate=8.65% top100=97.07%
chunks=292450 bytes=598937600 progress=59.89% BPC=0.6917 rate=8.65% top100=97.07%
chunks=292500 bytes=599040000 progress=59.90% BPC=0.6918 rate=8.65% top100=97.07%
chunks=292550 bytes=599142400 progress=59.91% BPC=0.6918 rate=8.65% top100=97.07%
chunks=292600 bytes=599244800 progress=59.92% BPC=0.6918 rate=8.65% top100=97.07%
chunks=292650 bytes=599347200 progress=59.93% BPC=0.6918 rate=8.65% top100=97.07%
chunks=292700 bytes=599449600 progress=59.94% BPC=0.6918 rate=8.65% top100=97.07%
chunks=292750 bytes=599552000 progress=59.96% BPC=0.6918 rate=8.65% top100=97.07%
chunks=292800 bytes=599654400 progress=59.97% BPC=0.6918 rate=8.65% top100=97.07%
chunks=292850 bytes=599756800 progress=59.98% BPC=0.6918 rate=8.65% top100=97.07%
chunks=292900 bytes=599859200 progress=59.99% BPC=0.6918 rate=8.65% top100=97.07%
chunks=292950 bytes=599961600 progress=60.00% BPC=0.6918 rate=8.65% top100=97.07%
chunks=293000 bytes=600064000 progress=60.01% BPC=0.6918 rate=8.65% top100=97.07%
chunks=293050 bytes=600166400 progress=60.02% BPC=0.6919 rate=8.65% top100=97.07%
chunks=293100 bytes=600268800 progress=60.03% BPC=0.6919 rate=8.65% top100=97.07%
chunks=293150 bytes=600371200 progress=60.04% BPC=0.6919 rate=8.65% top100=97.07%
chunks=293200 bytes=600473600 progress=60.05% BPC=0.6919 rate=8.65% top100=97.07%
chunks=293250 bytes=600576000 progress=60.06% BPC=0.6919 rate=8.65% top100=97.07%
chunks=293300 bytes=600678400 progress=60.07% BPC=0.6919 rate=8.65% top100=97.07%
chunks=293350 bytes=600780800 progress=60.08% BPC=0.6919 rate=8.65% top100=97.07%
chunks=293400 bytes=600883200 progress=60.09% BPC=0.6920 rate=8.65% top100=97.07%
chunks=293450 bytes=600985600 progress=60.10% BPC=0.6920 rate=8.65% top100=97.07%
chunks=293500 bytes=601088000 progress=60.11% BPC=0.6920 rate=8.65% top100=97.07%
chunks=293550 bytes=601190400 progress=60.12% BPC=0.6920 rate=8.65% top100=97.07%
chunks=293600 bytes=601292800 progress=60.13% BPC=0.6920 rate=8.65% top100=97.07%
chunks=293650 bytes=601395200 progress=60.14% BPC=0.6920 rate=8.65% top100=97.07%
chunks=293700 bytes=601497600 progress=60.15% BPC=0.6920 rate=8.65% top100=97.07%
chunks=293750 bytes=601600000 progress=60.16% BPC=0.6920 rate=8.65% top100=97.07%
chunks=293800 bytes=601702400 progress=60.17% BPC=0.6920 rate=8.65% top100=97.07%
chunks=293850 bytes=601804800 progress=60.18% BPC=0.6920 rate=8.65% top100=97.07%
chunks=293900 bytes=601907200 progress=60.19% BPC=0.6921 rate=8.65% top100=97.07%
chunks=293950 bytes=602009600 progress=60.20% BPC=0.6921 rate=8.65% top100=97.07%
chunks=294000 bytes=602112000 progress=60.21% BPC=0.6921 rate=8.65% top100=97.07%
chunks=294050 bytes=602214400 progress=60.22% BPC=0.6921 rate=8.65% top100=97.07%
chunks=294100 bytes=602316800 progress=60.23% BPC=0.6921 rate=8.65% top100=97.07%
chunks=294150 bytes=602419200 progress=60.24% BPC=0.6921 rate=8.65% top100=97.07%
chunks=294200 bytes=602521600 progress=60.25% BPC=0.6921 rate=8.65% top100=97.07%
chunks=294250 bytes=602624000 progress=60.26% BPC=0.6921 rate=8.65% top100=97.07%
chunks=294300 bytes=602726400 progress=60.27% BPC=0.6921 rate=8.65% top100=97.07%
chunks=294350 bytes=602828800 progress=60.28% BPC=0.6921 rate=8.65% top100=97.07%
chunks=294400 bytes=602931200 progress=60.29% BPC=0.6922 rate=8.65% top100=97.07%
chunks=294450 bytes=603033600 progress=60.30% BPC=0.6922 rate=8.65% top100=97.07%
chunks=294500 bytes=603136000 progress=60.31% BPC=0.6922 rate=8.65% top100=97.07%
chunks=294550 bytes=603238400 progress=60.32% BPC=0.6922 rate=8.65% top100=97.07%
chunks=294600 bytes=603340800 progress=60.33% BPC=0.6922 rate=8.65% top100=97.07%
chunks=294650 bytes=603443200 progress=60.34% BPC=0.6922 rate=8.65% top100=97.07%
chunks=294700 bytes=603545600 progress=60.35% BPC=0.6922 rate=8.65% top100=97.07%
chunks=294750 bytes=603648000 progress=60.36% BPC=0.6922 rate=8.65% top100=97.07%
chunks=294800 bytes=603750400 progress=60.38% BPC=0.6922 rate=8.65% top100=97.07%
chunks=294850 bytes=603852800 progress=60.39% BPC=0.6922 rate=8.65% top100=97.07%
chunks=294900 bytes=603955200 progress=60.40% BPC=0.6923 rate=8.65% top100=97.07%
chunks=294950 bytes=604057600 progress=60.41% BPC=0.6923 rate=8.65% top100=97.07%
chunks=295000 bytes=604160000 progress=60.42% BPC=0.6923 rate=8.65% top100=97.07%
chunks=295050 bytes=604262400 progress=60.43% BPC=0.6923 rate=8.65% top100=97.07%
chunks=295100 bytes=604364800 progress=60.44% BPC=0.6923 rate=8.65% top100=97.07%
chunks=295150 bytes=604467200 progress=60.45% BPC=0.6923 rate=8.65% top100=97.07%
chunks=295200 bytes=604569600 progress=60.46% BPC=0.6923 rate=8.65% top100=97.07%
chunks=295250 bytes=604672000 progress=60.47% BPC=0.6924 rate=8.65% top100=97.07%
chunks=295300 bytes=604774400 progress=60.48% BPC=0.6924 rate=8.65% top100=97.07%
chunks=295350 bytes=604876800 progress=60.49% BPC=0.6924 rate=8.65% top100=97.07%
chunks=295400 bytes=604979200 progress=60.50% BPC=0.6924 rate=8.66% top100=97.07%
chunks=295450 bytes=605081600 progress=60.51% BPC=0.6924 rate=8.66% top100=97.07%
chunks=295500 bytes=605184000 progress=60.52% BPC=0.6924 rate=8.66% top100=97.07%
chunks=295550 bytes=605286400 progress=60.53% BPC=0.6924 rate=8.66% top100=97.07%
chunks=295600 bytes=605388800 progress=60.54% BPC=0.6924 rate=8.66% top100=97.07%
chunks=295650 bytes=605491200 progress=60.55% BPC=0.6924 rate=8.66% top100=97.07%
chunks=295700 bytes=605593600 progress=60.56% BPC=0.6925 rate=8.66% top100=97.06%
chunks=295750 bytes=605696000 progress=60.57% BPC=0.6925 rate=8.66% top100=97.06%
chunks=295800 bytes=605798400 progress=60.58% BPC=0.6925 rate=8.66% top100=97.06%
chunks=295850 bytes=605900800 progress=60.59% BPC=0.6925 rate=8.66% top100=97.06%
chunks=295900 bytes=606003200 progress=60.60% BPC=0.6925 rate=8.66% top100=97.06%
chunks=295950 bytes=606105600 progress=60.61% BPC=0.6925 rate=8.66% top100=97.06%
chunks=296000 bytes=606208000 progress=60.62% BPC=0.6925 rate=8.66% top100=97.06%
chunks=296050 bytes=606310400 progress=60.63% BPC=0.6925 rate=8.66% top100=97.06%
chunks=296100 bytes=606412800 progress=60.64% BPC=0.6925 rate=8.66% top100=97.06%
chunks=296150 bytes=606515200 progress=60.65% BPC=0.6925 rate=8.66% top100=97.06%
chunks=296200 bytes=606617600 progress=60.66% BPC=0.6925 rate=8.66% top100=97.06%
chunks=296250 bytes=606720000 progress=60.67% BPC=0.6925 rate=8.66% top100=97.06%
chunks=296300 bytes=606822400 progress=60.68% BPC=0.6925 rate=8.66% top100=97.06%
chunks=296350 bytes=606924800 progress=60.69% BPC=0.6925 rate=8.66% top100=97.06%
chunks=296400 bytes=607027200 progress=60.70% BPC=0.6925 rate=8.66% top100=97.06%
chunks=296450 bytes=607129600 progress=60.71% BPC=0.6925 rate=8.66% top100=97.06%
chunks=296500 bytes=607232000 progress=60.72% BPC=0.6926 rate=8.66% top100=97.06%
chunks=296550 bytes=607334400 progress=60.73% BPC=0.6925 rate=8.66% top100=97.06%
chunks=296600 bytes=607436800 progress=60.74% BPC=0.6925 rate=8.66% top100=97.06%
chunks=296650 bytes=607539200 progress=60.75% BPC=0.6925 rate=8.66% top100=97.06%
chunks=296700 bytes=607641600 progress=60.76% BPC=0.6925 rate=8.66% top100=97.06%
chunks=296750 bytes=607744000 progress=60.77% BPC=0.6926 rate=8.66% top100=97.06%
chunks=296800 bytes=607846400 progress=60.78% BPC=0.6926 rate=8.66% top100=97.06%
chunks=296850 bytes=607948800 progress=60.79% BPC=0.6926 rate=8.66% top100=97.06%
chunks=296900 bytes=608051200 progress=60.81% BPC=0.6926 rate=8.66% top100=97.06%
chunks=296950 bytes=608153600 progress=60.82% BPC=0.6926 rate=8.66% top100=97.06%
chunks=297000 bytes=608256000 progress=60.83% BPC=0.6926 rate=8.66% top100=97.06%
chunks=297050 bytes=608358400 progress=60.84% BPC=0.6926 rate=8.66% top100=97.06%
chunks=297100 bytes=608460800 progress=60.85% BPC=0.6926 rate=8.66% top100=97.06%
chunks=297150 bytes=608563200 progress=60.86% BPC=0.6926 rate=8.66% top100=97.06%
chunks=297200 bytes=608665600 progress=60.87% BPC=0.6927 rate=8.66% top100=97.06%
chunks=297250 bytes=608768000 progress=60.88% BPC=0.6927 rate=8.66% top100=97.06%
chunks=297300 bytes=608870400 progress=60.89% BPC=0.6927 rate=8.66% top100=97.06%
chunks=297350 bytes=608972800 progress=60.90% BPC=0.6927 rate=8.66% top100=97.06%
chunks=297400 bytes=609075200 progress=60.91% BPC=0.6927 rate=8.66% top100=97.06%
chunks=297450 bytes=609177600 progress=60.92% BPC=0.6927 rate=8.66% top100=97.06%
chunks=297500 bytes=609280000 progress=60.93% BPC=0.6927 rate=8.66% top100=97.06%
chunks=297550 bytes=609382400 progress=60.94% BPC=0.6927 rate=8.66% top100=97.06%
chunks=297600 bytes=609484800 progress=60.95% BPC=0.6927 rate=8.66% top100=97.06%
chunks=297650 bytes=609587200 progress=60.96% BPC=0.6927 rate=8.66% top100=97.06%
chunks=297700 bytes=609689600 progress=60.97% BPC=0.6928 rate=8.66% top100=97.06%
chunks=297750 bytes=609792000 progress=60.98% BPC=0.6928 rate=8.66% top100=97.06%
chunks=297800 bytes=609894400 progress=60.99% BPC=0.6928 rate=8.66% top100=97.06%
chunks=297850 bytes=609996800 progress=61.00% BPC=0.6928 rate=8.66% top100=97.06%
chunks=297900 bytes=610099200 progress=61.01% BPC=0.6928 rate=8.66% top100=97.06%
chunks=297950 bytes=610201600 progress=61.02% BPC=0.6928 rate=8.66% top100=97.06%
chunks=298000 bytes=610304000 progress=61.03% BPC=0.6928 rate=8.66% top100=97.06%
chunks=298050 bytes=610406400 progress=61.04% BPC=0.6928 rate=8.66% top100=97.06%
chunks=298100 bytes=610508800 progress=61.05% BPC=0.6928 rate=8.66% top100=97.06%
chunks=298150 bytes=610611200 progress=61.06% BPC=0.6928 rate=8.66% top100=97.06%
chunks=298200 bytes=610713600 progress=61.07% BPC=0.6928 rate=8.66% top100=97.06%
chunks=298250 bytes=610816000 progress=61.08% BPC=0.6928 rate=8.66% top100=97.06%
chunks=298300 bytes=610918400 progress=61.09% BPC=0.6929 rate=8.66% top100=97.06%
chunks=298350 bytes=611020800 progress=61.10% BPC=0.6929 rate=8.66% top100=97.06%
chunks=298400 bytes=611123200 progress=61.11% BPC=0.6929 rate=8.66% top100=97.06%
chunks=298450 bytes=611225600 progress=61.12% BPC=0.6929 rate=8.66% top100=97.06%
chunks=298500 bytes=611328000 progress=61.13% BPC=0.6929 rate=8.66% top100=97.06%
chunks=298550 bytes=611430400 progress=61.14% BPC=0.6929 rate=8.66% top100=97.06%
chunks=298600 bytes=611532800 progress=61.15% BPC=0.6929 rate=8.66% top100=97.06%
chunks=298650 bytes=611635200 progress=61.16% BPC=0.6929 rate=8.66% top100=97.06%
chunks=298700 bytes=611737600 progress=61.17% BPC=0.6929 rate=8.66% top100=97.06%
chunks=298750 bytes=611840000 progress=61.18% BPC=0.6930 rate=8.66% top100=97.06%
chunks=298800 bytes=611942400 progress=61.19% BPC=0.6930 rate=8.66% top100=97.06%
chunks=298850 bytes=612044800 progress=61.20% BPC=0.6929 rate=8.66% top100=97.06%
chunks=298900 bytes=612147200 progress=61.21% BPC=0.6930 rate=8.66% top100=97.06%
chunks=298950 bytes=612249600 progress=61.22% BPC=0.6930 rate=8.66% top100=97.06%
chunks=299000 bytes=612352000 progress=61.24% BPC=0.6930 rate=8.66% top100=97.06%
chunks=299050 bytes=612454400 progress=61.25% BPC=0.6930 rate=8.66% top100=97.06%
chunks=299100 bytes=612556800 progress=61.26% BPC=0.6930 rate=8.66% top100=97.06%
chunks=299150 bytes=612659200 progress=61.27% BPC=0.6930 rate=8.66% top100=97.06%
chunks=299200 bytes=612761600 progress=61.28% BPC=0.6930 rate=8.66% top100=97.06%
chunks=299250 bytes=612864000 progress=61.29% BPC=0.6930 rate=8.66% top100=97.06%
chunks=299300 bytes=612966400 progress=61.30% BPC=0.6931 rate=8.66% top100=97.06%
chunks=299350 bytes=613068800 progress=61.31% BPC=0.6931 rate=8.66% top100=97.06%
chunks=299400 bytes=613171200 progress=61.32% BPC=0.6931 rate=8.66% top100=97.06%
chunks=299450 bytes=613273600 progress=61.33% BPC=0.6931 rate=8.66% top100=97.06%
chunks=299500 bytes=613376000 progress=61.34% BPC=0.6931 rate=8.66% top100=97.06%
chunks=299550 bytes=613478400 progress=61.35% BPC=0.6931 rate=8.66% top100=97.06%
chunks=299600 bytes=613580800 progress=61.36% BPC=0.6931 rate=8.66% top100=97.06%
chunks=299650 bytes=613683200 progress=61.37% BPC=0.6931 rate=8.66% top100=97.06%
chunks=299700 bytes=613785600 progress=61.38% BPC=0.6931 rate=8.66% top100=97.06%
chunks=299750 bytes=613888000 progress=61.39% BPC=0.6931 rate=8.66% top100=97.06%
chunks=299800 bytes=613990400 progress=61.40% BPC=0.6931 rate=8.66% top100=97.06%
chunks=299850 bytes=614092800 progress=61.41% BPC=0.6931 rate=8.66% top100=97.06%
chunks=299900 bytes=614195200 progress=61.42% BPC=0.6931 rate=8.66% top100=97.06%
chunks=299950 bytes=614297600 progress=61.43% BPC=0.6932 rate=8.66% top100=97.06%
chunks=300000 bytes=614400000 progress=61.44% BPC=0.6932 rate=8.66% top100=97.06%
chunks=300050 bytes=614502400 progress=61.45% BPC=0.6932 rate=8.66% top100=97.06%
chunks=300100 bytes=614604800 progress=61.46% BPC=0.6932 rate=8.66% top100=97.06%
chunks=300150 bytes=614707200 progress=61.47% BPC=0.6932 rate=8.66% top100=97.06%
chunks=300200 bytes=614809600 progress=61.48% BPC=0.6932 rate=8.67% top100=97.06%
chunks=300250 bytes=614912000 progress=61.49% BPC=0.6932 rate=8.67% top100=97.06%
chunks=300300 bytes=615014400 progress=61.50% BPC=0.6932 rate=8.67% top100=97.06%
chunks=300350 bytes=615116800 progress=61.51% BPC=0.6932 rate=8.67% top100=97.06%
chunks=300400 bytes=615219200 progress=61.52% BPC=0.6932 rate=8.67% top100=97.06%
chunks=300450 bytes=615321600 progress=61.53% BPC=0.6932 rate=8.67% top100=97.06%
chunks=300500 bytes=615424000 progress=61.54% BPC=0.6932 rate=8.67% top100=97.06%
chunks=300550 bytes=615526400 progress=61.55% BPC=0.6932 rate=8.67% top100=97.06%
chunks=300600 bytes=615628800 progress=61.56% BPC=0.6933 rate=8.67% top100=97.06%
chunks=300650 bytes=615731200 progress=61.57% BPC=0.6932 rate=8.67% top100=97.06%
chunks=300700 bytes=615833600 progress=61.58% BPC=0.6933 rate=8.67% top100=97.06%
chunks=300750 bytes=615936000 progress=61.59% BPC=0.6933 rate=8.67% top100=97.06%
chunks=300800 bytes=616038400 progress=61.60% BPC=0.6933 rate=8.67% top100=97.06%
chunks=300850 bytes=616140800 progress=61.61% BPC=0.6933 rate=8.67% top100=97.06%
chunks=300900 bytes=616243200 progress=61.62% BPC=0.6933 rate=8.67% top100=97.06%
chunks=300950 bytes=616345600 progress=61.63% BPC=0.6933 rate=8.67% top100=97.06%
chunks=301000 bytes=616448000 progress=61.64% BPC=0.6932 rate=8.67% top100=97.06%
chunks=301050 bytes=616550400 progress=61.66% BPC=0.6932 rate=8.67% top100=97.06%
chunks=301100 bytes=616652800 progress=61.67% BPC=0.6932 rate=8.66% top100=97.06%
chunks=301150 bytes=616755200 progress=61.68% BPC=0.6932 rate=8.66% top100=97.06%
chunks=301200 bytes=616857600 progress=61.69% BPC=0.6931 rate=8.66% top100=97.06%
chunks=301250 bytes=616960000 progress=61.70% BPC=0.6931 rate=8.66% top100=97.06%
chunks=301300 bytes=617062400 progress=61.71% BPC=0.6931 rate=8.66% top100=97.06%
chunks=301350 bytes=617164800 progress=61.72% BPC=0.6930 rate=8.66% top100=97.06%
chunks=301400 bytes=617267200 progress=61.73% BPC=0.6930 rate=8.66% top100=97.06%
chunks=301450 bytes=617369600 progress=61.74% BPC=0.6930 rate=8.66% top100=97.06%
chunks=301500 bytes=617472000 progress=61.75% BPC=0.6930 rate=8.66% top100=97.06%
chunks=301550 bytes=617574400 progress=61.76% BPC=0.6929 rate=8.66% top100=97.06%
chunks=301600 bytes=617676800 progress=61.77% BPC=0.6929 rate=8.66% top100=97.06%
chunks=301650 bytes=617779200 progress=61.78% BPC=0.6929 rate=8.66% top100=97.06%
chunks=301700 bytes=617881600 progress=61.79% BPC=0.6929 rate=8.66% top100=97.06%
chunks=301750 bytes=617984000 progress=61.80% BPC=0.6929 rate=8.66% top100=97.06%
chunks=301800 bytes=618086400 progress=61.81% BPC=0.6928 rate=8.66% top100=97.06%
chunks=301850 bytes=618188800 progress=61.82% BPC=0.6928 rate=8.66% top100=97.06%
chunks=301900 bytes=618291200 progress=61.83% BPC=0.6928 rate=8.66% top100=97.06%
chunks=301950 bytes=618393600 progress=61.84% BPC=0.6928 rate=8.66% top100=97.06%
chunks=302000 bytes=618496000 progress=61.85% BPC=0.6928 rate=8.66% top100=97.06%
chunks=302050 bytes=618598400 progress=61.86% BPC=0.6927 rate=8.66% top100=97.06%
chunks=302100 bytes=618700800 progress=61.87% BPC=0.6927 rate=8.66% top100=97.06%
chunks=302150 bytes=618803200 progress=61.88% BPC=0.6927 rate=8.66% top100=97.06%
chunks=302200 bytes=618905600 progress=61.89% BPC=0.6927 rate=8.66% top100=97.06%
chunks=302250 bytes=619008000 progress=61.90% BPC=0.6927 rate=8.66% top100=97.06%
chunks=302300 bytes=619110400 progress=61.91% BPC=0.6927 rate=8.66% top100=97.06%
chunks=302350 bytes=619212800 progress=61.92% BPC=0.6926 rate=8.66% top100=97.06%
chunks=302400 bytes=619315200 progress=61.93% BPC=0.6926 rate=8.66% top100=97.06%
chunks=302450 bytes=619417600 progress=61.94% BPC=0.6926 rate=8.66% top100=97.06%
chunks=302500 bytes=619520000 progress=61.95% BPC=0.6926 rate=8.66% top100=97.06%
chunks=302550 bytes=619622400 progress=61.96% BPC=0.6926 rate=8.66% top100=97.07%
chunks=302600 bytes=619724800 progress=61.97% BPC=0.6925 rate=8.66% top100=97.07%
chunks=302650 bytes=619827200 progress=61.98% BPC=0.6925 rate=8.66% top100=97.07%
chunks=302700 bytes=619929600 progress=61.99% BPC=0.6925 rate=8.66% top100=97.07%
chunks=302750 bytes=620032000 progress=62.00% BPC=0.6925 rate=8.66% top100=97.07%
chunks=302800 bytes=620134400 progress=62.01% BPC=0.6925 rate=8.66% top100=97.07%
chunks=302850 bytes=620236800 progress=62.02% BPC=0.6925 rate=8.66% top100=97.07%
chunks=302900 bytes=620339200 progress=62.03% BPC=0.6925 rate=8.66% top100=97.07%
chunks=302950 bytes=620441600 progress=62.04% BPC=0.6925 rate=8.66% top100=97.07%
chunks=303000 bytes=620544000 progress=62.05% BPC=0.6926 rate=8.66% top100=97.07%
chunks=303050 bytes=620646400 progress=62.06% BPC=0.6926 rate=8.66% top100=97.07%
chunks=303100 bytes=620748800 progress=62.07% BPC=0.6926 rate=8.66% top100=97.07%
chunks=303150 bytes=620851200 progress=62.09% BPC=0.6926 rate=8.66% top100=97.07%
chunks=303200 bytes=620953600 progress=62.10% BPC=0.6926 rate=8.66% top100=97.07%
chunks=303250 bytes=621056000 progress=62.11% BPC=0.6926 rate=8.66% top100=97.07%
chunks=303300 bytes=621158400 progress=62.12% BPC=0.6926 rate=8.66% top100=97.07%
chunks=303350 bytes=621260800 progress=62.13% BPC=0.6926 rate=8.66% top100=97.07%
chunks=303400 bytes=621363200 progress=62.14% BPC=0.6926 rate=8.66% top100=97.07%
chunks=303450 bytes=621465600 progress=62.15% BPC=0.6926 rate=8.66% top100=97.07%
chunks=303500 bytes=621568000 progress=62.16% BPC=0.6926 rate=8.66% top100=97.07%
chunks=303550 bytes=621670400 progress=62.17% BPC=0.6926 rate=8.66% top100=97.07%
chunks=303600 bytes=621772800 progress=62.18% BPC=0.6926 rate=8.66% top100=97.07%
chunks=303650 bytes=621875200 progress=62.19% BPC=0.6927 rate=8.66% top100=97.06%
chunks=303700 bytes=621977600 progress=62.20% BPC=0.6927 rate=8.66% top100=97.06%
chunks=303750 bytes=622080000 progress=62.21% BPC=0.6927 rate=8.66% top100=97.06%
chunks=303800 bytes=622182400 progress=62.22% BPC=0.6927 rate=8.66% top100=97.06%
chunks=303850 bytes=622284800 progress=62.23% BPC=0.6927 rate=8.66% top100=97.06%
chunks=303900 bytes=622387200 progress=62.24% BPC=0.6926 rate=8.66% top100=97.07%
chunks=303950 bytes=622489600 progress=62.25% BPC=0.6926 rate=8.66% top100=97.07%
chunks=304000 bytes=622592000 progress=62.26% BPC=0.6927 rate=8.66% top100=97.07%
chunks=304050 bytes=622694400 progress=62.27% BPC=0.6927 rate=8.66% top100=97.06%
chunks=304100 bytes=622796800 progress=62.28% BPC=0.6927 rate=8.66% top100=97.06%
chunks=304150 bytes=622899200 progress=62.29% BPC=0.6927 rate=8.66% top100=97.06%
chunks=304200 bytes=623001600 progress=62.30% BPC=0.6927 rate=8.66% top100=97.06%
chunks=304250 bytes=623104000 progress=62.31% BPC=0.6927 rate=8.66% top100=97.06%
chunks=304300 bytes=623206400 progress=62.32% BPC=0.6927 rate=8.66% top100=97.06%
chunks=304350 bytes=623308800 progress=62.33% BPC=0.6927 rate=8.66% top100=97.06%
chunks=304400 bytes=623411200 progress=62.34% BPC=0.6927 rate=8.66% top100=97.06%
chunks=304450 bytes=623513600 progress=62.35% BPC=0.6927 rate=8.66% top100=97.06%
chunks=304500 bytes=623616000 progress=62.36% BPC=0.6927 rate=8.66% top100=97.06%
chunks=304550 bytes=623718400 progress=62.37% BPC=0.6927 rate=8.66% top100=97.06%
chunks=304600 bytes=623820800 progress=62.38% BPC=0.6928 rate=8.66% top100=97.06%
chunks=304650 bytes=623923200 progress=62.39% BPC=0.6928 rate=8.66% top100=97.06%
chunks=304700 bytes=624025600 progress=62.40% BPC=0.6928 rate=8.66% top100=97.06%
chunks=304750 bytes=624128000 progress=62.41% BPC=0.6928 rate=8.66% top100=97.06%
chunks=304800 bytes=624230400 progress=62.42% BPC=0.6928 rate=8.66% top100=97.06%
chunks=304850 bytes=624332800 progress=62.43% BPC=0.6928 rate=8.66% top100=97.06%
chunks=304900 bytes=624435200 progress=62.44% BPC=0.6928 rate=8.66% top100=97.06%
chunks=304950 bytes=624537600 progress=62.45% BPC=0.6928 rate=8.66% top100=97.06%
chunks=305000 bytes=624640000 progress=62.46% BPC=0.6928 rate=8.66% top100=97.06%
chunks=305050 bytes=624742400 progress=62.47% BPC=0.6928 rate=8.66% top100=97.06%
chunks=305100 bytes=624844800 progress=62.48% BPC=0.6928 rate=8.66% top100=97.06%
chunks=305150 bytes=624947200 progress=62.49% BPC=0.6928 rate=8.66% top100=97.06%
chunks=305200 bytes=625049600 progress=62.50% BPC=0.6929 rate=8.66% top100=97.06%
chunks=305250 bytes=625152000 progress=62.52% BPC=0.6929 rate=8.66% top100=97.06%
chunks=305300 bytes=625254400 progress=62.53% BPC=0.6929 rate=8.66% top100=97.06%
chunks=305350 bytes=625356800 progress=62.54% BPC=0.6929 rate=8.66% top100=97.06%
chunks=305400 bytes=625459200 progress=62.55% BPC=0.6929 rate=8.66% top100=97.06%
chunks=305450 bytes=625561600 progress=62.56% BPC=0.6929 rate=8.66% top100=97.06%
chunks=305500 bytes=625664000 progress=62.57% BPC=0.6929 rate=8.66% top100=97.06%
chunks=305550 bytes=625766400 progress=62.58% BPC=0.6929 rate=8.66% top100=97.06%
chunks=305600 bytes=625868800 progress=62.59% BPC=0.6929 rate=8.66% top100=97.06%
chunks=305650 bytes=625971200 progress=62.60% BPC=0.6929 rate=8.66% top100=97.06%
chunks=305700 bytes=626073600 progress=62.61% BPC=0.6929 rate=8.66% top100=97.06%
chunks=305750 bytes=626176000 progress=62.62% BPC=0.6929 rate=8.66% top100=97.06%
chunks=305800 bytes=626278400 progress=62.63% BPC=0.6930 rate=8.66% top100=97.06%
chunks=305850 bytes=626380800 progress=62.64% BPC=0.6930 rate=8.66% top100=97.06%
chunks=305900 bytes=626483200 progress=62.65% BPC=0.6930 rate=8.66% top100=97.06%
chunks=305950 bytes=626585600 progress=62.66% BPC=0.6930 rate=8.66% top100=97.06%
chunks=306000 bytes=626688000 progress=62.67% BPC=0.6930 rate=8.66% top100=97.06%
chunks=306050 bytes=626790400 progress=62.68% BPC=0.6930 rate=8.66% top100=97.06%
chunks=306100 bytes=626892800 progress=62.69% BPC=0.6930 rate=8.66% top100=97.06%
chunks=306150 bytes=626995200 progress=62.70% BPC=0.6931 rate=8.66% top100=97.06%
chunks=306200 bytes=627097600 progress=62.71% BPC=0.6931 rate=8.66% top100=97.06%
chunks=306250 bytes=627200000 progress=62.72% BPC=0.6931 rate=8.66% top100=97.06%
chunks=306300 bytes=627302400 progress=62.73% BPC=0.6931 rate=8.66% top100=97.06%
chunks=306350 bytes=627404800 progress=62.74% BPC=0.6931 rate=8.66% top100=97.06%
chunks=306400 bytes=627507200 progress=62.75% BPC=0.6931 rate=8.66% top100=97.06%
chunks=306450 bytes=627609600 progress=62.76% BPC=0.6931 rate=8.66% top100=97.06%
chunks=306500 bytes=627712000 progress=62.77% BPC=0.6932 rate=8.66% top100=97.06%
chunks=306550 bytes=627814400 progress=62.78% BPC=0.6932 rate=8.66% top100=97.06%
chunks=306600 bytes=627916800 progress=62.79% BPC=0.6932 rate=8.66% top100=97.06%
chunks=306650 bytes=628019200 progress=62.80% BPC=0.6932 rate=8.66% top100=97.06%
chunks=306700 bytes=628121600 progress=62.81% BPC=0.6932 rate=8.66% top100=97.06%
chunks=306750 bytes=628224000 progress=62.82% BPC=0.6932 rate=8.66% top100=97.06%
chunks=306800 bytes=628326400 progress=62.83% BPC=0.6932 rate=8.67% top100=97.06%
chunks=306850 bytes=628428800 progress=62.84% BPC=0.6932 rate=8.67% top100=97.06%
chunks=306900 bytes=628531200 progress=62.85% BPC=0.6932 rate=8.67% top100=97.06%
chunks=306950 bytes=628633600 progress=62.86% BPC=0.6932 rate=8.67% top100=97.06%
chunks=307000 bytes=628736000 progress=62.87% BPC=0.6932 rate=8.67% top100=97.06%
chunks=307050 bytes=628838400 progress=62.88% BPC=0.6932 rate=8.67% top100=97.06%
chunks=307100 bytes=628940800 progress=62.89% BPC=0.6932 rate=8.67% top100=97.06%
chunks=307150 bytes=629043200 progress=62.90% BPC=0.6933 rate=8.67% top100=97.06%
chunks=307200 bytes=629145600 progress=62.91% BPC=0.6933 rate=8.67% top100=97.06%
chunks=307250 bytes=629248000 progress=62.92% BPC=0.6933 rate=8.67% top100=97.06%
chunks=307300 bytes=629350400 progress=62.94% BPC=0.6933 rate=8.67% top100=97.06%
chunks=307350 bytes=629452800 progress=62.95% BPC=0.6933 rate=8.67% top100=97.06%
chunks=307400 bytes=629555200 progress=62.96% BPC=0.6933 rate=8.67% top100=97.06%
chunks=307450 bytes=629657600 progress=62.97% BPC=0.6933 rate=8.67% top100=97.06%
chunks=307500 bytes=629760000 progress=62.98% BPC=0.6933 rate=8.67% top100=97.06%
chunks=307550 bytes=629862400 progress=62.99% BPC=0.6933 rate=8.67% top100=97.06%
chunks=307600 bytes=629964800 progress=63.00% BPC=0.6933 rate=8.67% top100=97.06%
chunks=307650 bytes=630067200 progress=63.01% BPC=0.6933 rate=8.67% top100=97.06%
chunks=307700 bytes=630169600 progress=63.02% BPC=0.6933 rate=8.67% top100=97.06%
chunks=307750 bytes=630272000 progress=63.03% BPC=0.6933 rate=8.67% top100=97.06%
chunks=307800 bytes=630374400 progress=63.04% BPC=0.6934 rate=8.67% top100=97.06%
chunks=307850 bytes=630476800 progress=63.05% BPC=0.6934 rate=8.67% top100=97.06%
chunks=307900 bytes=630579200 progress=63.06% BPC=0.6934 rate=8.67% top100=97.06%
chunks=307950 bytes=630681600 progress=63.07% BPC=0.6934 rate=8.67% top100=97.06%
chunks=308000 bytes=630784000 progress=63.08% BPC=0.6934 rate=8.67% top100=97.06%
chunks=308050 bytes=630886400 progress=63.09% BPC=0.6934 rate=8.67% top100=97.06%
chunks=308100 bytes=630988800 progress=63.10% BPC=0.6934 rate=8.67% top100=97.06%
chunks=308150 bytes=631091200 progress=63.11% BPC=0.6934 rate=8.67% top100=97.06%
chunks=308200 bytes=631193600 progress=63.12% BPC=0.6934 rate=8.67% top100=97.06%
chunks=308250 bytes=631296000 progress=63.13% BPC=0.6934 rate=8.67% top100=97.06%
chunks=308300 bytes=631398400 progress=63.14% BPC=0.6934 rate=8.67% top100=97.06%
chunks=308350 bytes=631500800 progress=63.15% BPC=0.6935 rate=8.67% top100=97.06%
chunks=308400 bytes=631603200 progress=63.16% BPC=0.6935 rate=8.67% top100=97.06%
chunks=308450 bytes=631705600 progress=63.17% BPC=0.6935 rate=8.67% top100=97.06%
chunks=308500 bytes=631808000 progress=63.18% BPC=0.6935 rate=8.67% top100=97.06%
chunks=308550 bytes=631910400 progress=63.19% BPC=0.6935 rate=8.67% top100=97.06%
chunks=308600 bytes=632012800 progress=63.20% BPC=0.6935 rate=8.67% top100=97.06%
chunks=308650 bytes=632115200 progress=63.21% BPC=0.6935 rate=8.67% top100=97.06%
chunks=308700 bytes=632217600 progress=63.22% BPC=0.6935 rate=8.67% top100=97.06%
chunks=308750 bytes=632320000 progress=63.23% BPC=0.6935 rate=8.67% top100=97.06%
chunks=308800 bytes=632422400 progress=63.24% BPC=0.6935 rate=8.67% top100=97.06%
chunks=308850 bytes=632524800 progress=63.25% BPC=0.6935 rate=8.67% top100=97.06%
chunks=308900 bytes=632627200 progress=63.26% BPC=0.6935 rate=8.67% top100=97.06%
chunks=308950 bytes=632729600 progress=63.27% BPC=0.6935 rate=8.67% top100=97.06%
chunks=309000 bytes=632832000 progress=63.28% BPC=0.6935 rate=8.67% top100=97.06%
chunks=309050 bytes=632934400 progress=63.29% BPC=0.6936 rate=8.67% top100=97.06%
chunks=309100 bytes=633036800 progress=63.30% BPC=0.6936 rate=8.67% top100=97.06%
chunks=309150 bytes=633139200 progress=63.31% BPC=0.6936 rate=8.67% top100=97.06%
chunks=309200 bytes=633241600 progress=63.32% BPC=0.6936 rate=8.67% top100=97.06%
chunks=309250 bytes=633344000 progress=63.33% BPC=0.6936 rate=8.67% top100=97.06%
chunks=309300 bytes=633446400 progress=63.34% BPC=0.6937 rate=8.67% top100=97.06%
chunks=309350 bytes=633548800 progress=63.35% BPC=0.6937 rate=8.67% top100=97.06%
chunks=309400 bytes=633651200 progress=63.37% BPC=0.6937 rate=8.67% top100=97.06%
chunks=309450 bytes=633753600 progress=63.38% BPC=0.6937 rate=8.67% top100=97.06%
chunks=309500 bytes=633856000 progress=63.39% BPC=0.6937 rate=8.67% top100=97.06%
chunks=309550 bytes=633958400 progress=63.40% BPC=0.6937 rate=8.67% top100=97.06%
chunks=309600 bytes=634060800 progress=63.41% BPC=0.6937 rate=8.67% top100=97.06%
chunks=309650 bytes=634163200 progress=63.42% BPC=0.6938 rate=8.67% top100=97.06%
chunks=309700 bytes=634265600 progress=63.43% BPC=0.6937 rate=8.67% top100=97.06%
chunks=309750 bytes=634368000 progress=63.44% BPC=0.6938 rate=8.67% top100=97.06%
chunks=309800 bytes=634470400 progress=63.45% BPC=0.6938 rate=8.67% top100=97.06%
chunks=309850 bytes=634572800 progress=63.46% BPC=0.6938 rate=8.67% top100=97.06%
chunks=309900 bytes=634675200 progress=63.47% BPC=0.6938 rate=8.67% top100=97.06%
chunks=309950 bytes=634777600 progress=63.48% BPC=0.6938 rate=8.67% top100=97.06%
chunks=310000 bytes=634880000 progress=63.49% BPC=0.6938 rate=8.67% top100=97.06%
chunks=310050 bytes=634982400 progress=63.50% BPC=0.6938 rate=8.67% top100=97.06%
chunks=310100 bytes=635084800 progress=63.51% BPC=0.6938 rate=8.67% top100=97.06%
chunks=310150 bytes=635187200 progress=63.52% BPC=0.6938 rate=8.67% top100=97.06%
chunks=310200 bytes=635289600 progress=63.53% BPC=0.6938 rate=8.67% top100=97.06%
chunks=310250 bytes=635392000 progress=63.54% BPC=0.6938 rate=8.67% top100=97.06%
chunks=310300 bytes=635494400 progress=63.55% BPC=0.6938 rate=8.67% top100=97.06%
chunks=310350 bytes=635596800 progress=63.56% BPC=0.6938 rate=8.67% top100=97.06%
chunks=310400 bytes=635699200 progress=63.57% BPC=0.6938 rate=8.67% top100=97.06%
chunks=310450 bytes=635801600 progress=63.58% BPC=0.6938 rate=8.67% top100=97.06%
chunks=310500 bytes=635904000 progress=63.59% BPC=0.6938 rate=8.67% top100=97.06%
chunks=310550 bytes=636006400 progress=63.60% BPC=0.6938 rate=8.67% top100=97.06%
chunks=310600 bytes=636108800 progress=63.61% BPC=0.6938 rate=8.67% top100=97.06%
chunks=310650 bytes=636211200 progress=63.62% BPC=0.6938 rate=8.67% top100=97.06%
chunks=310700 bytes=636313600 progress=63.63% BPC=0.6938 rate=8.67% top100=97.06%
chunks=310750 bytes=636416000 progress=63.64% BPC=0.6938 rate=8.67% top100=97.05%
chunks=310800 bytes=636518400 progress=63.65% BPC=0.6938 rate=8.67% top100=97.05%
chunks=310850 bytes=636620800 progress=63.66% BPC=0.6938 rate=8.67% top100=97.05%
chunks=310900 bytes=636723200 progress=63.67% BPC=0.6939 rate=8.67% top100=97.05%
chunks=310950 bytes=636825600 progress=63.68% BPC=0.6939 rate=8.67% top100=97.05%
chunks=311000 bytes=636928000 progress=63.69% BPC=0.6939 rate=8.67% top100=97.05%
chunks=311050 bytes=637030400 progress=63.70% BPC=0.6939 rate=8.67% top100=97.05%
chunks=311100 bytes=637132800 progress=63.71% BPC=0.6939 rate=8.67% top100=97.05%
chunks=311150 bytes=637235200 progress=63.72% BPC=0.6939 rate=8.67% top100=97.05%
chunks=311200 bytes=637337600 progress=63.73% BPC=0.6939 rate=8.67% top100=97.05%
chunks=311250 bytes=637440000 progress=63.74% BPC=0.6940 rate=8.67% top100=97.05%
chunks=311300 bytes=637542400 progress=63.75% BPC=0.6940 rate=8.67% top100=97.05%
chunks=311350 bytes=637644800 progress=63.76% BPC=0.6940 rate=8.67% top100=97.05%
chunks=311400 bytes=637747200 progress=63.77% BPC=0.6940 rate=8.67% top100=97.05%
chunks=311450 bytes=637849600 progress=63.78% BPC=0.6940 rate=8.67% top100=97.05%
chunks=311500 bytes=637952000 progress=63.80% BPC=0.6940 rate=8.67% top100=97.05%
chunks=311550 bytes=638054400 progress=63.81% BPC=0.6940 rate=8.67% top100=97.05%
chunks=311600 bytes=638156800 progress=63.82% BPC=0.6940 rate=8.67% top100=97.05%
chunks=311650 bytes=638259200 progress=63.83% BPC=0.6940 rate=8.68% top100=97.05%
chunks=311700 bytes=638361600 progress=63.84% BPC=0.6940 rate=8.68% top100=97.05%
chunks=311750 bytes=638464000 progress=63.85% BPC=0.6940 rate=8.68% top100=97.05%
chunks=311800 bytes=638566400 progress=63.86% BPC=0.6941 rate=8.68% top100=97.05%
chunks=311850 bytes=638668800 progress=63.87% BPC=0.6941 rate=8.68% top100=97.05%
chunks=311900 bytes=638771200 progress=63.88% BPC=0.6941 rate=8.68% top100=97.05%
chunks=311950 bytes=638873600 progress=63.89% BPC=0.6941 rate=8.68% top100=97.05%
chunks=312000 bytes=638976000 progress=63.90% BPC=0.6941 rate=8.68% top100=97.05%
chunks=312050 bytes=639078400 progress=63.91% BPC=0.6941 rate=8.68% top100=97.05%
chunks=312100 bytes=639180800 progress=63.92% BPC=0.6941 rate=8.68% top100=97.05%
chunks=312150 bytes=639283200 progress=63.93% BPC=0.6941 rate=8.68% top100=97.05%
chunks=312200 bytes=639385600 progress=63.94% BPC=0.6941 rate=8.68% top100=97.05%
chunks=312250 bytes=639488000 progress=63.95% BPC=0.6942 rate=8.68% top100=97.05%
chunks=312300 bytes=639590400 progress=63.96% BPC=0.6942 rate=8.68% top100=97.05%
chunks=312350 bytes=639692800 progress=63.97% BPC=0.6942 rate=8.68% top100=97.05%
chunks=312400 bytes=639795200 progress=63.98% BPC=0.6942 rate=8.68% top100=97.05%
chunks=312450 bytes=639897600 progress=63.99% BPC=0.6942 rate=8.68% top100=97.05%
chunks=312500 bytes=640000000 progress=64.00% BPC=0.6942 rate=8.68% top100=97.05%
chunks=312550 bytes=640102400 progress=64.01% BPC=0.6942 rate=8.68% top100=97.05%
chunks=312600 bytes=640204800 progress=64.02% BPC=0.6942 rate=8.68% top100=97.05%
chunks=312650 bytes=640307200 progress=64.03% BPC=0.6942 rate=8.68% top100=97.05%
chunks=312700 bytes=640409600 progress=64.04% BPC=0.6943 rate=8.68% top100=97.05%
chunks=312750 bytes=640512000 progress=64.05% BPC=0.6943 rate=8.68% top100=97.05%
chunks=312800 bytes=640614400 progress=64.06% BPC=0.6943 rate=8.68% top100=97.05%
chunks=312850 bytes=640716800 progress=64.07% BPC=0.6943 rate=8.68% top100=97.05%
chunks=312900 bytes=640819200 progress=64.08% BPC=0.6943 rate=8.68% top100=97.05%
chunks=312950 bytes=640921600 progress=64.09% BPC=0.6943 rate=8.68% top100=97.05%
chunks=313000 bytes=641024000 progress=64.10% BPC=0.6943 rate=8.68% top100=97.05%
chunks=313050 bytes=641126400 progress=64.11% BPC=0.6943 rate=8.68% top100=97.05%
chunks=313100 bytes=641228800 progress=64.12% BPC=0.6943 rate=8.68% top100=97.05%
chunks=313150 bytes=641331200 progress=64.13% BPC=0.6943 rate=8.68% top100=97.05%
chunks=313200 bytes=641433600 progress=64.14% BPC=0.6943 rate=8.68% top100=97.05%
chunks=313250 bytes=641536000 progress=64.15% BPC=0.6944 rate=8.68% top100=97.05%
chunks=313300 bytes=641638400 progress=64.16% BPC=0.6944 rate=8.68% top100=97.05%
chunks=313350 bytes=641740800 progress=64.17% BPC=0.6944 rate=8.68% top100=97.05%
chunks=313400 bytes=641843200 progress=64.18% BPC=0.6944 rate=8.68% top100=97.05%
chunks=313450 bytes=641945600 progress=64.19% BPC=0.6944 rate=8.68% top100=97.05%
chunks=313500 bytes=642048000 progress=64.20% BPC=0.6944 rate=8.68% top100=97.05%
chunks=313550 bytes=642150400 progress=64.22% BPC=0.6944 rate=8.68% top100=97.05%
chunks=313600 bytes=642252800 progress=64.23% BPC=0.6944 rate=8.68% top100=97.05%
chunks=313650 bytes=642355200 progress=64.24% BPC=0.6945 rate=8.68% top100=97.05%
chunks=313700 bytes=642457600 progress=64.25% BPC=0.6945 rate=8.68% top100=97.05%
chunks=313750 bytes=642560000 progress=64.26% BPC=0.6945 rate=8.68% top100=97.05%
chunks=313800 bytes=642662400 progress=64.27% BPC=0.6945 rate=8.68% top100=97.05%
chunks=313850 bytes=642764800 progress=64.28% BPC=0.6945 rate=8.68% top100=97.05%
chunks=313900 bytes=642867200 progress=64.29% BPC=0.6945 rate=8.68% top100=97.05%
chunks=313950 bytes=642969600 progress=64.30% BPC=0.6945 rate=8.68% top100=97.05%
chunks=314000 bytes=643072000 progress=64.31% BPC=0.6945 rate=8.68% top100=97.05%
chunks=314050 bytes=643174400 progress=64.32% BPC=0.6945 rate=8.68% top100=97.05%
chunks=314100 bytes=643276800 progress=64.33% BPC=0.6945 rate=8.68% top100=97.05%
chunks=314150 bytes=643379200 progress=64.34% BPC=0.6945 rate=8.68% top100=97.05%
chunks=314200 bytes=643481600 progress=64.35% BPC=0.6946 rate=8.68% top100=97.05%
chunks=314250 bytes=643584000 progress=64.36% BPC=0.6945 rate=8.68% top100=97.05%
chunks=314300 bytes=643686400 progress=64.37% BPC=0.6946 rate=8.68% top100=97.05%
chunks=314350 bytes=643788800 progress=64.38% BPC=0.6946 rate=8.68% top100=97.05%
chunks=314400 bytes=643891200 progress=64.39% BPC=0.6945 rate=8.68% top100=97.05%
chunks=314450 bytes=643993600 progress=64.40% BPC=0.6945 rate=8.68% top100=97.05%
chunks=314500 bytes=644096000 progress=64.41% BPC=0.6945 rate=8.68% top100=97.05%
chunks=314550 bytes=644198400 progress=64.42% BPC=0.6945 rate=8.68% top100=97.05%
chunks=314600 bytes=644300800 progress=64.43% BPC=0.6946 rate=8.68% top100=97.05%
chunks=314650 bytes=644403200 progress=64.44% BPC=0.6946 rate=8.68% top100=97.05%
chunks=314700 bytes=644505600 progress=64.45% BPC=0.6946 rate=8.68% top100=97.05%
chunks=314750 bytes=644608000 progress=64.46% BPC=0.6946 rate=8.68% top100=97.05%
chunks=314800 bytes=644710400 progress=64.47% BPC=0.6946 rate=8.68% top100=97.05%
chunks=314850 bytes=644812800 progress=64.48% BPC=0.6946 rate=8.68% top100=97.05%
chunks=314900 bytes=644915200 progress=64.49% BPC=0.6946 rate=8.68% top100=97.05%
chunks=314950 bytes=645017600 progress=64.50% BPC=0.6946 rate=8.68% top100=97.05%
chunks=315000 bytes=645120000 progress=64.51% BPC=0.6946 rate=8.68% top100=97.05%
chunks=315050 bytes=645222400 progress=64.52% BPC=0.6946 rate=8.68% top100=97.05%
chunks=315100 bytes=645324800 progress=64.53% BPC=0.6946 rate=8.68% top100=97.05%
chunks=315150 bytes=645427200 progress=64.54% BPC=0.6946 rate=8.68% top100=97.05%
chunks=315200 bytes=645529600 progress=64.55% BPC=0.6946 rate=8.68% top100=97.05%
chunks=315250 bytes=645632000 progress=64.56% BPC=0.6946 rate=8.68% top100=97.05%
chunks=315300 bytes=645734400 progress=64.57% BPC=0.6946 rate=8.68% top100=97.05%
chunks=315350 bytes=645836800 progress=64.58% BPC=0.6946 rate=8.68% top100=97.05%
chunks=315400 bytes=645939200 progress=64.59% BPC=0.6946 rate=8.68% top100=97.05%
chunks=315450 bytes=646041600 progress=64.60% BPC=0.6946 rate=8.68% top100=97.05%
chunks=315500 bytes=646144000 progress=64.61% BPC=0.6947 rate=8.68% top100=97.05%
chunks=315550 bytes=646246400 progress=64.62% BPC=0.6947 rate=8.68% top100=97.05%
chunks=315600 bytes=646348800 progress=64.63% BPC=0.6946 rate=8.68% top100=97.05%
chunks=315650 bytes=646451200 progress=64.65% BPC=0.6946 rate=8.68% top100=97.05%
chunks=315700 bytes=646553600 progress=64.66% BPC=0.6946 rate=8.68% top100=97.05%
chunks=315750 bytes=646656000 progress=64.67% BPC=0.6946 rate=8.68% top100=97.05%
chunks=315800 bytes=646758400 progress=64.68% BPC=0.6946 rate=8.68% top100=97.05%
chunks=315850 bytes=646860800 progress=64.69% BPC=0.6946 rate=8.68% top100=97.05%
chunks=315900 bytes=646963200 progress=64.70% BPC=0.6946 rate=8.68% top100=97.05%
chunks=315950 bytes=647065600 progress=64.71% BPC=0.6946 rate=8.68% top100=97.05%
chunks=316000 bytes=647168000 progress=64.72% BPC=0.6946 rate=8.68% top100=97.05%
chunks=316050 bytes=647270400 progress=64.73% BPC=0.6946 rate=8.68% top100=97.05%
chunks=316100 bytes=647372800 progress=64.74% BPC=0.6946 rate=8.68% top100=97.05%
chunks=316150 bytes=647475200 progress=64.75% BPC=0.6946 rate=8.68% top100=97.05%
chunks=316200 bytes=647577600 progress=64.76% BPC=0.6946 rate=8.68% top100=97.05%
chunks=316250 bytes=647680000 progress=64.77% BPC=0.6946 rate=8.68% top100=97.05%
chunks=316300 bytes=647782400 progress=64.78% BPC=0.6946 rate=8.68% top100=97.05%
chunks=316350 bytes=647884800 progress=64.79% BPC=0.6946 rate=8.68% top100=97.05%
chunks=316400 bytes=647987200 progress=64.80% BPC=0.6946 rate=8.68% top100=97.05%
chunks=316450 bytes=648089600 progress=64.81% BPC=0.6946 rate=8.68% top100=97.05%
chunks=316500 bytes=648192000 progress=64.82% BPC=0.6946 rate=8.68% top100=97.05%
chunks=316550 bytes=648294400 progress=64.83% BPC=0.6947 rate=8.68% top100=97.05%
chunks=316600 bytes=648396800 progress=64.84% BPC=0.6947 rate=8.68% top100=97.05%
chunks=316650 bytes=648499200 progress=64.85% BPC=0.6947 rate=8.68% top100=97.05%
chunks=316700 bytes=648601600 progress=64.86% BPC=0.6947 rate=8.68% top100=97.05%
chunks=316750 bytes=648704000 progress=64.87% BPC=0.6947 rate=8.68% top100=97.05%
chunks=316800 bytes=648806400 progress=64.88% BPC=0.6947 rate=8.68% top100=97.05%
chunks=316850 bytes=648908800 progress=64.89% BPC=0.6947 rate=8.68% top100=97.05%
chunks=316900 bytes=649011200 progress=64.90% BPC=0.6947 rate=8.68% top100=97.05%
chunks=316950 bytes=649113600 progress=64.91% BPC=0.6947 rate=8.68% top100=97.05%
chunks=317000 bytes=649216000 progress=64.92% BPC=0.6947 rate=8.68% top100=97.05%
chunks=317050 bytes=649318400 progress=64.93% BPC=0.6947 rate=8.68% top100=97.05%
chunks=317100 bytes=649420800 progress=64.94% BPC=0.6947 rate=8.68% top100=97.05%
chunks=317150 bytes=649523200 progress=64.95% BPC=0.6948 rate=8.68% top100=97.05%
chunks=317200 bytes=649625600 progress=64.96% BPC=0.6948 rate=8.68% top100=97.05%
chunks=317250 bytes=649728000 progress=64.97% BPC=0.6948 rate=8.68% top100=97.05%
chunks=317300 bytes=649830400 progress=64.98% BPC=0.6948 rate=8.68% top100=97.05%
chunks=317350 bytes=649932800 progress=64.99% BPC=0.6948 rate=8.69% top100=97.05%
chunks=317400 bytes=650035200 progress=65.00% BPC=0.6948 rate=8.69% top100=97.05%
chunks=317450 bytes=650137600 progress=65.01% BPC=0.6949 rate=8.69% top100=97.05%
chunks=317500 bytes=650240000 progress=65.02% BPC=0.6949 rate=8.69% top100=97.05%
chunks=317550 bytes=650342400 progress=65.03% BPC=0.6949 rate=8.69% top100=97.05%
chunks=317600 bytes=650444800 progress=65.04% BPC=0.6949 rate=8.69% top100=97.05%
chunks=317650 bytes=650547200 progress=65.05% BPC=0.6949 rate=8.69% top100=97.05%
chunks=317700 bytes=650649600 progress=65.06% BPC=0.6949 rate=8.69% top100=97.05%
chunks=317750 bytes=650752000 progress=65.08% BPC=0.6949 rate=8.69% top100=97.05%
chunks=317800 bytes=650854400 progress=65.09% BPC=0.6949 rate=8.69% top100=97.05%
chunks=317850 bytes=650956800 progress=65.10% BPC=0.6949 rate=8.69% top100=97.05%
chunks=317900 bytes=651059200 progress=65.11% BPC=0.6949 rate=8.69% top100=97.05%
chunks=317950 bytes=651161600 progress=65.12% BPC=0.6949 rate=8.69% top100=97.05%
chunks=318000 bytes=651264000 progress=65.13% BPC=0.6949 rate=8.69% top100=97.05%
chunks=318050 bytes=651366400 progress=65.14% BPC=0.6949 rate=8.69% top100=97.05%
chunks=318100 bytes=651468800 progress=65.15% BPC=0.6950 rate=8.69% top100=97.05%
chunks=318150 bytes=651571200 progress=65.16% BPC=0.6950 rate=8.69% top100=97.05%
chunks=318200 bytes=651673600 progress=65.17% BPC=0.6950 rate=8.69% top100=97.05%
chunks=318250 bytes=651776000 progress=65.18% BPC=0.6950 rate=8.69% top100=97.04%
chunks=318300 bytes=651878400 progress=65.19% BPC=0.6950 rate=8.69% top100=97.04%
chunks=318350 bytes=651980800 progress=65.20% BPC=0.6950 rate=8.69% top100=97.04%
chunks=318400 bytes=652083200 progress=65.21% BPC=0.6950 rate=8.69% top100=97.04%
chunks=318450 bytes=652185600 progress=65.22% BPC=0.6950 rate=8.69% top100=97.04%
chunks=318500 bytes=652288000 progress=65.23% BPC=0.6950 rate=8.69% top100=97.04%
chunks=318550 bytes=652390400 progress=65.24% BPC=0.6950 rate=8.69% top100=97.04%
chunks=318600 bytes=652492800 progress=65.25% BPC=0.6950 rate=8.69% top100=97.04%
chunks=318650 bytes=652595200 progress=65.26% BPC=0.6950 rate=8.69% top100=97.04%
chunks=318700 bytes=652697600 progress=65.27% BPC=0.6950 rate=8.69% top100=97.04%
chunks=318750 bytes=652800000 progress=65.28% BPC=0.6950 rate=8.69% top100=97.04%
chunks=318800 bytes=652902400 progress=65.29% BPC=0.6950 rate=8.69% top100=97.04%
chunks=318850 bytes=653004800 progress=65.30% BPC=0.6950 rate=8.69% top100=97.04%
chunks=318900 bytes=653107200 progress=65.31% BPC=0.6950 rate=8.69% top100=97.04%
chunks=318950 bytes=653209600 progress=65.32% BPC=0.6950 rate=8.69% top100=97.04%
chunks=319000 bytes=653312000 progress=65.33% BPC=0.6950 rate=8.69% top100=97.04%
chunks=319050 bytes=653414400 progress=65.34% BPC=0.6950 rate=8.69% top100=97.04%
chunks=319100 bytes=653516800 progress=65.35% BPC=0.6950 rate=8.69% top100=97.04%
chunks=319150 bytes=653619200 progress=65.36% BPC=0.6950 rate=8.69% top100=97.04%
chunks=319200 bytes=653721600 progress=65.37% BPC=0.6950 rate=8.69% top100=97.04%
chunks=319250 bytes=653824000 progress=65.38% BPC=0.6950 rate=8.69% top100=97.04%
chunks=319300 bytes=653926400 progress=65.39% BPC=0.6950 rate=8.69% top100=97.04%
chunks=319350 bytes=654028800 progress=65.40% BPC=0.6950 rate=8.69% top100=97.04%
chunks=319400 bytes=654131200 progress=65.41% BPC=0.6950 rate=8.69% top100=97.04%
chunks=319450 bytes=654233600 progress=65.42% BPC=0.6950 rate=8.69% top100=97.04%
chunks=319500 bytes=654336000 progress=65.43% BPC=0.6951 rate=8.69% top100=97.04%
chunks=319550 bytes=654438400 progress=65.44% BPC=0.6951 rate=8.69% top100=97.04%
chunks=319600 bytes=654540800 progress=65.45% BPC=0.6951 rate=8.69% top100=97.04%
chunks=319650 bytes=654643200 progress=65.46% BPC=0.6951 rate=8.69% top100=97.04%
chunks=319700 bytes=654745600 progress=65.47% BPC=0.6951 rate=8.69% top100=97.04%
chunks=319750 bytes=654848000 progress=65.48% BPC=0.6951 rate=8.69% top100=97.04%
chunks=319800 bytes=654950400 progress=65.50% BPC=0.6951 rate=8.69% top100=97.04%
chunks=319850 bytes=655052800 progress=65.51% BPC=0.6951 rate=8.69% top100=97.04%
chunks=319900 bytes=655155200 progress=65.52% BPC=0.6951 rate=8.69% top100=97.04%
chunks=319950 bytes=655257600 progress=65.53% BPC=0.6951 rate=8.69% top100=97.04%
chunks=320000 bytes=655360000 progress=65.54% BPC=0.6952 rate=8.69% top100=97.04%
chunks=320050 bytes=655462400 progress=65.55% BPC=0.6952 rate=8.69% top100=97.04%
chunks=320100 bytes=655564800 progress=65.56% BPC=0.6952 rate=8.69% top100=97.04%
chunks=320150 bytes=655667200 progress=65.57% BPC=0.6952 rate=8.69% top100=97.04%
chunks=320200 bytes=655769600 progress=65.58% BPC=0.6953 rate=8.69% top100=97.04%
chunks=320250 bytes=655872000 progress=65.59% BPC=0.6953 rate=8.69% top100=97.04%
chunks=320300 bytes=655974400 progress=65.60% BPC=0.6953 rate=8.69% top100=97.04%
chunks=320350 bytes=656076800 progress=65.61% BPC=0.6953 rate=8.69% top100=97.04%
chunks=320400 bytes=656179200 progress=65.62% BPC=0.6953 rate=8.69% top100=97.04%
chunks=320450 bytes=656281600 progress=65.63% BPC=0.6953 rate=8.69% top100=97.04%
chunks=320500 bytes=656384000 progress=65.64% BPC=0.6953 rate=8.69% top100=97.04%
chunks=320550 bytes=656486400 progress=65.65% BPC=0.6953 rate=8.69% top100=97.04%
chunks=320600 bytes=656588800 progress=65.66% BPC=0.6953 rate=8.69% top100=97.04%
chunks=320650 bytes=656691200 progress=65.67% BPC=0.6954 rate=8.69% top100=97.04%
chunks=320700 bytes=656793600 progress=65.68% BPC=0.6954 rate=8.69% top100=97.04%
chunks=320750 bytes=656896000 progress=65.69% BPC=0.6954 rate=8.69% top100=97.04%
chunks=320800 bytes=656998400 progress=65.70% BPC=0.6954 rate=8.69% top100=97.04%
chunks=320850 bytes=657100800 progress=65.71% BPC=0.6954 rate=8.69% top100=97.04%
chunks=320900 bytes=657203200 progress=65.72% BPC=0.6954 rate=8.69% top100=97.04%
chunks=320950 bytes=657305600 progress=65.73% BPC=0.6954 rate=8.69% top100=97.04%
chunks=321000 bytes=657408000 progress=65.74% BPC=0.6954 rate=8.69% top100=97.04%
chunks=321050 bytes=657510400 progress=65.75% BPC=0.6954 rate=8.69% top100=97.04%
chunks=321100 bytes=657612800 progress=65.76% BPC=0.6954 rate=8.69% top100=97.04%
chunks=321150 bytes=657715200 progress=65.77% BPC=0.6954 rate=8.69% top100=97.04%
chunks=321200 bytes=657817600 progress=65.78% BPC=0.6954 rate=8.69% top100=97.04%
chunks=321250 bytes=657920000 progress=65.79% BPC=0.6954 rate=8.69% top100=97.04%
chunks=321300 bytes=658022400 progress=65.80% BPC=0.6954 rate=8.69% top100=97.04%
chunks=321350 bytes=658124800 progress=65.81% BPC=0.6954 rate=8.69% top100=97.04%
chunks=321400 bytes=658227200 progress=65.82% BPC=0.6954 rate=8.69% top100=97.04%
chunks=321450 bytes=658329600 progress=65.83% BPC=0.6955 rate=8.69% top100=97.04%
chunks=321500 bytes=658432000 progress=65.84% BPC=0.6955 rate=8.69% top100=97.04%
chunks=321550 bytes=658534400 progress=65.85% BPC=0.6955 rate=8.69% top100=97.04%
chunks=321600 bytes=658636800 progress=65.86% BPC=0.6955 rate=8.69% top100=97.04%
chunks=321650 bytes=658739200 progress=65.87% BPC=0.6955 rate=8.69% top100=97.04%
chunks=321700 bytes=658841600 progress=65.88% BPC=0.6955 rate=8.69% top100=97.04%
chunks=321750 bytes=658944000 progress=65.89% BPC=0.6955 rate=8.69% top100=97.04%
chunks=321800 bytes=659046400 progress=65.90% BPC=0.6955 rate=8.69% top100=97.04%
chunks=321850 bytes=659148800 progress=65.91% BPC=0.6955 rate=8.69% top100=97.04%
chunks=321900 bytes=659251200 progress=65.93% BPC=0.6955 rate=8.69% top100=97.04%
chunks=321950 bytes=659353600 progress=65.94% BPC=0.6955 rate=8.69% top100=97.04%
chunks=322000 bytes=659456000 progress=65.95% BPC=0.6955 rate=8.69% top100=97.04%
chunks=322050 bytes=659558400 progress=65.96% BPC=0.6955 rate=8.69% top100=97.04%
chunks=322100 bytes=659660800 progress=65.97% BPC=0.6956 rate=8.69% top100=97.04%
chunks=322150 bytes=659763200 progress=65.98% BPC=0.6955 rate=8.69% top100=97.04%
chunks=322200 bytes=659865600 progress=65.99% BPC=0.6955 rate=8.69% top100=97.04%
chunks=322250 bytes=659968000 progress=66.00% BPC=0.6955 rate=8.69% top100=97.04%
chunks=322300 bytes=660070400 progress=66.01% BPC=0.6955 rate=8.69% top100=97.04%
chunks=322350 bytes=660172800 progress=66.02% BPC=0.6955 rate=8.69% top100=97.04%
chunks=322400 bytes=660275200 progress=66.03% BPC=0.6955 rate=8.69% top100=97.04%
chunks=322450 bytes=660377600 progress=66.04% BPC=0.6956 rate=8.69% top100=97.04%
chunks=322500 bytes=660480000 progress=66.05% BPC=0.6956 rate=8.69% top100=97.04%
chunks=322550 bytes=660582400 progress=66.06% BPC=0.6956 rate=8.69% top100=97.04%
chunks=322600 bytes=660684800 progress=66.07% BPC=0.6956 rate=8.69% top100=97.04%
chunks=322650 bytes=660787200 progress=66.08% BPC=0.6956 rate=8.69% top100=97.04%
chunks=322700 bytes=660889600 progress=66.09% BPC=0.6956 rate=8.69% top100=97.04%
chunks=322750 bytes=660992000 progress=66.10% BPC=0.6956 rate=8.69% top100=97.04%
chunks=322800 bytes=661094400 progress=66.11% BPC=0.6956 rate=8.69% top100=97.04%
chunks=322850 bytes=661196800 progress=66.12% BPC=0.6956 rate=8.69% top100=97.04%
chunks=322900 bytes=661299200 progress=66.13% BPC=0.6956 rate=8.70% top100=97.04%
chunks=322950 bytes=661401600 progress=66.14% BPC=0.6956 rate=8.70% top100=97.04%
chunks=323000 bytes=661504000 progress=66.15% BPC=0.6956 rate=8.70% top100=97.04%
chunks=323050 bytes=661606400 progress=66.16% BPC=0.6956 rate=8.70% top100=97.04%
chunks=323100 bytes=661708800 progress=66.17% BPC=0.6956 rate=8.70% top100=97.04%
chunks=323150 bytes=661811200 progress=66.18% BPC=0.6956 rate=8.70% top100=97.04%
chunks=323200 bytes=661913600 progress=66.19% BPC=0.6956 rate=8.70% top100=97.04%
chunks=323250 bytes=662016000 progress=66.20% BPC=0.6956 rate=8.70% top100=97.04%
chunks=323300 bytes=662118400 progress=66.21% BPC=0.6956 rate=8.70% top100=97.04%
chunks=323350 bytes=662220800 progress=66.22% BPC=0.6956 rate=8.70% top100=97.04%
chunks=323400 bytes=662323200 progress=66.23% BPC=0.6957 rate=8.70% top100=97.04%
chunks=323450 bytes=662425600 progress=66.24% BPC=0.6957 rate=8.70% top100=97.04%
chunks=323500 bytes=662528000 progress=66.25% BPC=0.6957 rate=8.70% top100=97.04%
chunks=323550 bytes=662630400 progress=66.26% BPC=0.6957 rate=8.70% top100=97.04%
chunks=323600 bytes=662732800 progress=66.27% BPC=0.6957 rate=8.70% top100=97.04%
chunks=323650 bytes=662835200 progress=66.28% BPC=0.6957 rate=8.70% top100=97.04%
chunks=323700 bytes=662937600 progress=66.29% BPC=0.6957 rate=8.70% top100=97.04%
chunks=323750 bytes=663040000 progress=66.30% BPC=0.6957 rate=8.70% top100=97.04%
chunks=323800 bytes=663142400 progress=66.31% BPC=0.6957 rate=8.70% top100=97.04%
chunks=323850 bytes=663244800 progress=66.32% BPC=0.6957 rate=8.70% top100=97.04%
chunks=323900 bytes=663347200 progress=66.33% BPC=0.6957 rate=8.70% top100=97.04%
chunks=323950 bytes=663449600 progress=66.34% BPC=0.6958 rate=8.70% top100=97.04%
chunks=324000 bytes=663552000 progress=66.36% BPC=0.6958 rate=8.70% top100=97.04%
chunks=324050 bytes=663654400 progress=66.37% BPC=0.6958 rate=8.70% top100=97.04%
chunks=324100 bytes=663756800 progress=66.38% BPC=0.6958 rate=8.70% top100=97.04%
chunks=324150 bytes=663859200 progress=66.39% BPC=0.6958 rate=8.70% top100=97.04%
chunks=324200 bytes=663961600 progress=66.40% BPC=0.6958 rate=8.70% top100=97.04%
chunks=324250 bytes=664064000 progress=66.41% BPC=0.6958 rate=8.70% top100=97.04%
chunks=324300 bytes=664166400 progress=66.42% BPC=0.6958 rate=8.70% top100=97.04%
chunks=324350 bytes=664268800 progress=66.43% BPC=0.6959 rate=8.70% top100=97.04%
chunks=324400 bytes=664371200 progress=66.44% BPC=0.6959 rate=8.70% top100=97.04%
chunks=324450 bytes=664473600 progress=66.45% BPC=0.6959 rate=8.70% top100=97.04%
chunks=324500 bytes=664576000 progress=66.46% BPC=0.6959 rate=8.70% top100=97.04%
chunks=324550 bytes=664678400 progress=66.47% BPC=0.6959 rate=8.70% top100=97.04%
chunks=324600 bytes=664780800 progress=66.48% BPC=0.6959 rate=8.70% top100=97.04%
chunks=324650 bytes=664883200 progress=66.49% BPC=0.6959 rate=8.70% top100=97.04%
chunks=324700 bytes=664985600 progress=66.50% BPC=0.6959 rate=8.70% top100=97.04%
chunks=324750 bytes=665088000 progress=66.51% BPC=0.6959 rate=8.70% top100=97.04%
chunks=324800 bytes=665190400 progress=66.52% BPC=0.6959 rate=8.70% top100=97.04%
chunks=324850 bytes=665292800 progress=66.53% BPC=0.6959 rate=8.70% top100=97.04%
chunks=324900 bytes=665395200 progress=66.54% BPC=0.6959 rate=8.70% top100=97.04%
chunks=324950 bytes=665497600 progress=66.55% BPC=0.6959 rate=8.70% top100=97.04%
chunks=325000 bytes=665600000 progress=66.56% BPC=0.6959 rate=8.70% top100=97.04%
chunks=325050 bytes=665702400 progress=66.57% BPC=0.6959 rate=8.70% top100=97.04%
chunks=325100 bytes=665804800 progress=66.58% BPC=0.6959 rate=8.70% top100=97.04%
chunks=325150 bytes=665907200 progress=66.59% BPC=0.6959 rate=8.70% top100=97.04%
chunks=325200 bytes=666009600 progress=66.60% BPC=0.6960 rate=8.70% top100=97.04%
chunks=325250 bytes=666112000 progress=66.61% BPC=0.6960 rate=8.70% top100=97.04%
chunks=325300 bytes=666214400 progress=66.62% BPC=0.6960 rate=8.70% top100=97.04%
chunks=325350 bytes=666316800 progress=66.63% BPC=0.6960 rate=8.70% top100=97.04%
chunks=325400 bytes=666419200 progress=66.64% BPC=0.6960 rate=8.70% top100=97.04%
chunks=325450 bytes=666521600 progress=66.65% BPC=0.6960 rate=8.70% top100=97.04%
chunks=325500 bytes=666624000 progress=66.66% BPC=0.6960 rate=8.70% top100=97.04%
chunks=325550 bytes=666726400 progress=66.67% BPC=0.6960 rate=8.70% top100=97.04%
chunks=325600 bytes=666828800 progress=66.68% BPC=0.6960 rate=8.70% top100=97.04%
chunks=325650 bytes=666931200 progress=66.69% BPC=0.6960 rate=8.70% top100=97.04%
chunks=325700 bytes=667033600 progress=66.70% BPC=0.6960 rate=8.70% top100=97.04%
chunks=325750 bytes=667136000 progress=66.71% BPC=0.6960 rate=8.70% top100=97.04%
chunks=325800 bytes=667238400 progress=66.72% BPC=0.6960 rate=8.70% top100=97.04%
chunks=325850 bytes=667340800 progress=66.73% BPC=0.6960 rate=8.70% top100=97.04%
chunks=325900 bytes=667443200 progress=66.74% BPC=0.6961 rate=8.70% top100=97.04%
chunks=325950 bytes=667545600 progress=66.75% BPC=0.6961 rate=8.70% top100=97.04%
chunks=326000 bytes=667648000 progress=66.76% BPC=0.6961 rate=8.70% top100=97.04%
chunks=326050 bytes=667750400 progress=66.78% BPC=0.6961 rate=8.70% top100=97.04%
chunks=326100 bytes=667852800 progress=66.79% BPC=0.6961 rate=8.70% top100=97.04%
chunks=326150 bytes=667955200 progress=66.80% BPC=0.6961 rate=8.70% top100=97.04%
chunks=326200 bytes=668057600 progress=66.81% BPC=0.6961 rate=8.70% top100=97.04%
chunks=326250 bytes=668160000 progress=66.82% BPC=0.6961 rate=8.70% top100=97.04%
chunks=326300 bytes=668262400 progress=66.83% BPC=0.6961 rate=8.70% top100=97.04%
chunks=326350 bytes=668364800 progress=66.84% BPC=0.6961 rate=8.70% top100=97.04%
chunks=326400 bytes=668467200 progress=66.85% BPC=0.6961 rate=8.70% top100=97.04%
chunks=326450 bytes=668569600 progress=66.86% BPC=0.6961 rate=8.70% top100=97.04%
chunks=326500 bytes=668672000 progress=66.87% BPC=0.6961 rate=8.70% top100=97.04%
chunks=326550 bytes=668774400 progress=66.88% BPC=0.6961 rate=8.70% top100=97.04%
chunks=326600 bytes=668876800 progress=66.89% BPC=0.6961 rate=8.70% top100=97.04%
chunks=326650 bytes=668979200 progress=66.90% BPC=0.6961 rate=8.70% top100=97.04%
chunks=326700 bytes=669081600 progress=66.91% BPC=0.6961 rate=8.70% top100=97.04%
chunks=326750 bytes=669184000 progress=66.92% BPC=0.6961 rate=8.70% top100=97.04%
chunks=326800 bytes=669286400 progress=66.93% BPC=0.6961 rate=8.70% top100=97.03%
chunks=326850 bytes=669388800 progress=66.94% BPC=0.6962 rate=8.70% top100=97.03%
chunks=326900 bytes=669491200 progress=66.95% BPC=0.6962 rate=8.70% top100=97.03%
chunks=326950 bytes=669593600 progress=66.96% BPC=0.6961 rate=8.70% top100=97.03%
chunks=327000 bytes=669696000 progress=66.97% BPC=0.6961 rate=8.70% top100=97.03%
chunks=327050 bytes=669798400 progress=66.98% BPC=0.6961 rate=8.70% top100=97.03%
chunks=327100 bytes=669900800 progress=66.99% BPC=0.6962 rate=8.70% top100=97.03%
chunks=327150 bytes=670003200 progress=67.00% BPC=0.6962 rate=8.70% top100=97.03%
chunks=327200 bytes=670105600 progress=67.01% BPC=0.6962 rate=8.70% top100=97.03%
chunks=327250 bytes=670208000 progress=67.02% BPC=0.6962 rate=8.70% top100=97.03%
chunks=327300 bytes=670310400 progress=67.03% BPC=0.6962 rate=8.70% top100=97.03%
chunks=327350 bytes=670412800 progress=67.04% BPC=0.6962 rate=8.70% top100=97.03%
chunks=327400 bytes=670515200 progress=67.05% BPC=0.6962 rate=8.70% top100=97.03%
chunks=327450 bytes=670617600 progress=67.06% BPC=0.6962 rate=8.70% top100=97.03%
chunks=327500 bytes=670720000 progress=67.07% BPC=0.6962 rate=8.70% top100=97.03%
chunks=327550 bytes=670822400 progress=67.08% BPC=0.6962 rate=8.70% top100=97.03%
chunks=327600 bytes=670924800 progress=67.09% BPC=0.6962 rate=8.70% top100=97.03%
chunks=327650 bytes=671027200 progress=67.10% BPC=0.6962 rate=8.70% top100=97.03%
chunks=327700 bytes=671129600 progress=67.11% BPC=0.6962 rate=8.70% top100=97.03%
chunks=327750 bytes=671232000 progress=67.12% BPC=0.6963 rate=8.70% top100=97.03%
chunks=327800 bytes=671334400 progress=67.13% BPC=0.6963 rate=8.70% top100=97.03%
chunks=327850 bytes=671436800 progress=67.14% BPC=0.6963 rate=8.70% top100=97.03%
chunks=327900 bytes=671539200 progress=67.15% BPC=0.6963 rate=8.70% top100=97.03%
chunks=327950 bytes=671641600 progress=67.16% BPC=0.6963 rate=8.70% top100=97.03%
chunks=328000 bytes=671744000 progress=67.17% BPC=0.6963 rate=8.70% top100=97.03%
chunks=328050 bytes=671846400 progress=67.18% BPC=0.6963 rate=8.70% top100=97.03%
chunks=328100 bytes=671948800 progress=67.19% BPC=0.6963 rate=8.70% top100=97.03%
chunks=328150 bytes=672051200 progress=67.21% BPC=0.6962 rate=8.70% top100=97.03%
chunks=328200 bytes=672153600 progress=67.22% BPC=0.6962 rate=8.70% top100=97.03%
chunks=328250 bytes=672256000 progress=67.23% BPC=0.6962 rate=8.70% top100=97.03%
chunks=328300 bytes=672358400 progress=67.24% BPC=0.6962 rate=8.70% top100=97.03%
chunks=328350 bytes=672460800 progress=67.25% BPC=0.6962 rate=8.70% top100=97.03%
chunks=328400 bytes=672563200 progress=67.26% BPC=0.6962 rate=8.70% top100=97.03%
chunks=328450 bytes=672665600 progress=67.27% BPC=0.6962 rate=8.70% top100=97.03%
chunks=328500 bytes=672768000 progress=67.28% BPC=0.6962 rate=8.70% top100=97.03%
chunks=328550 bytes=672870400 progress=67.29% BPC=0.6962 rate=8.70% top100=97.03%
chunks=328600 bytes=672972800 progress=67.30% BPC=0.6962 rate=8.70% top100=97.03%
chunks=328650 bytes=673075200 progress=67.31% BPC=0.6962 rate=8.70% top100=97.03%
chunks=328700 bytes=673177600 progress=67.32% BPC=0.6962 rate=8.70% top100=97.03%
chunks=328750 bytes=673280000 progress=67.33% BPC=0.6962 rate=8.70% top100=97.03%
chunks=328800 bytes=673382400 progress=67.34% BPC=0.6962 rate=8.70% top100=97.03%
chunks=328850 bytes=673484800 progress=67.35% BPC=0.6962 rate=8.70% top100=97.03%
chunks=328900 bytes=673587200 progress=67.36% BPC=0.6962 rate=8.70% top100=97.03%
chunks=328950 bytes=673689600 progress=67.37% BPC=0.6962 rate=8.70% top100=97.03%
chunks=329000 bytes=673792000 progress=67.38% BPC=0.6962 rate=8.70% top100=97.03%
chunks=329050 bytes=673894400 progress=67.39% BPC=0.6962 rate=8.70% top100=97.03%
chunks=329100 bytes=673996800 progress=67.40% BPC=0.6963 rate=8.70% top100=97.03%
chunks=329150 bytes=674099200 progress=67.41% BPC=0.6963 rate=8.70% top100=97.03%
chunks=329200 bytes=674201600 progress=67.42% BPC=0.6963 rate=8.70% top100=97.03%
chunks=329250 bytes=674304000 progress=67.43% BPC=0.6963 rate=8.70% top100=97.03%
chunks=329300 bytes=674406400 progress=67.44% BPC=0.6963 rate=8.70% top100=97.03%
chunks=329350 bytes=674508800 progress=67.45% BPC=0.6963 rate=8.70% top100=97.03%
chunks=329400 bytes=674611200 progress=67.46% BPC=0.6963 rate=8.70% top100=97.03%
chunks=329450 bytes=674713600 progress=67.47% BPC=0.6963 rate=8.70% top100=97.03%
chunks=329500 bytes=674816000 progress=67.48% BPC=0.6963 rate=8.70% top100=97.03%
chunks=329550 bytes=674918400 progress=67.49% BPC=0.6963 rate=8.70% top100=97.03%
chunks=329600 bytes=675020800 progress=67.50% BPC=0.6963 rate=8.70% top100=97.03%
chunks=329650 bytes=675123200 progress=67.51% BPC=0.6963 rate=8.70% top100=97.03%
chunks=329700 bytes=675225600 progress=67.52% BPC=0.6963 rate=8.70% top100=97.03%
chunks=329750 bytes=675328000 progress=67.53% BPC=0.6963 rate=8.70% top100=97.03%
chunks=329800 bytes=675430400 progress=67.54% BPC=0.6963 rate=8.70% top100=97.03%
chunks=329850 bytes=675532800 progress=67.55% BPC=0.6963 rate=8.70% top100=97.03%
chunks=329900 bytes=675635200 progress=67.56% BPC=0.6963 rate=8.70% top100=97.03%
chunks=329950 bytes=675737600 progress=67.57% BPC=0.6963 rate=8.70% top100=97.03%
chunks=330000 bytes=675840000 progress=67.58% BPC=0.6963 rate=8.70% top100=97.03%
chunks=330050 bytes=675942400 progress=67.59% BPC=0.6963 rate=8.70% top100=97.03%
chunks=330100 bytes=676044800 progress=67.60% BPC=0.6963 rate=8.70% top100=97.03%
chunks=330150 bytes=676147200 progress=67.61% BPC=0.6963 rate=8.70% top100=97.03%
chunks=330200 bytes=676249600 progress=67.62% BPC=0.6963 rate=8.70% top100=97.03%
chunks=330250 bytes=676352000 progress=67.64% BPC=0.6964 rate=8.70% top100=97.03%
chunks=330300 bytes=676454400 progress=67.65% BPC=0.6964 rate=8.70% top100=97.03%
chunks=330350 bytes=676556800 progress=67.66% BPC=0.6964 rate=8.71% top100=97.03%
chunks=330400 bytes=676659200 progress=67.67% BPC=0.6964 rate=8.71% top100=97.03%
chunks=330450 bytes=676761600 progress=67.68% BPC=0.6964 rate=8.71% top100=97.03%
chunks=330500 bytes=676864000 progress=67.69% BPC=0.6964 rate=8.71% top100=97.03%
chunks=330550 bytes=676966400 progress=67.70% BPC=0.6964 rate=8.71% top100=97.03%
chunks=330600 bytes=677068800 progress=67.71% BPC=0.6964 rate=8.71% top100=97.03%
chunks=330650 bytes=677171200 progress=67.72% BPC=0.6965 rate=8.71% top100=97.03%
chunks=330700 bytes=677273600 progress=67.73% BPC=0.6964 rate=8.71% top100=97.03%
chunks=330750 bytes=677376000 progress=67.74% BPC=0.6964 rate=8.71% top100=97.03%
chunks=330800 bytes=677478400 progress=67.75% BPC=0.6965 rate=8.71% top100=97.03%
chunks=330850 bytes=677580800 progress=67.76% BPC=0.6964 rate=8.71% top100=97.03%
chunks=330900 bytes=677683200 progress=67.77% BPC=0.6965 rate=8.71% top100=97.03%
chunks=330950 bytes=677785600 progress=67.78% BPC=0.6965 rate=8.71% top100=97.03%
chunks=331000 bytes=677888000 progress=67.79% BPC=0.6965 rate=8.71% top100=97.03%
chunks=331050 bytes=677990400 progress=67.80% BPC=0.6965 rate=8.71% top100=97.03%
chunks=331100 bytes=678092800 progress=67.81% BPC=0.6965 rate=8.71% top100=97.03%
chunks=331150 bytes=678195200 progress=67.82% BPC=0.6965 rate=8.71% top100=97.03%
chunks=331200 bytes=678297600 progress=67.83% BPC=0.6965 rate=8.71% top100=97.03%
chunks=331250 bytes=678400000 progress=67.84% BPC=0.6965 rate=8.71% top100=97.03%
chunks=331300 bytes=678502400 progress=67.85% BPC=0.6965 rate=8.71% top100=97.03%
chunks=331350 bytes=678604800 progress=67.86% BPC=0.6965 rate=8.71% top100=97.03%
chunks=331400 bytes=678707200 progress=67.87% BPC=0.6965 rate=8.71% top100=97.03%
chunks=331450 bytes=678809600 progress=67.88% BPC=0.6965 rate=8.71% top100=97.03%
chunks=331500 bytes=678912000 progress=67.89% BPC=0.6965 rate=8.71% top100=97.03%
chunks=331550 bytes=679014400 progress=67.90% BPC=0.6965 rate=8.71% top100=97.03%
chunks=331600 bytes=679116800 progress=67.91% BPC=0.6965 rate=8.71% top100=97.03%
chunks=331650 bytes=679219200 progress=67.92% BPC=0.6965 rate=8.71% top100=97.03%
chunks=331700 bytes=679321600 progress=67.93% BPC=0.6965 rate=8.71% top100=97.03%
chunks=331750 bytes=679424000 progress=67.94% BPC=0.6965 rate=8.71% top100=97.03%
chunks=331800 bytes=679526400 progress=67.95% BPC=0.6965 rate=8.71% top100=97.03%
chunks=331850 bytes=679628800 progress=67.96% BPC=0.6966 rate=8.71% top100=97.03%
chunks=331900 bytes=679731200 progress=67.97% BPC=0.6966 rate=8.71% top100=97.03%
chunks=331950 bytes=679833600 progress=67.98% BPC=0.6966 rate=8.71% top100=97.03%
chunks=332000 bytes=679936000 progress=67.99% BPC=0.6966 rate=8.71% top100=97.03%
chunks=332050 bytes=680038400 progress=68.00% BPC=0.6966 rate=8.71% top100=97.03%
chunks=332100 bytes=680140800 progress=68.01% BPC=0.6966 rate=8.71% top100=97.03%
chunks=332150 bytes=680243200 progress=68.02% BPC=0.6966 rate=8.71% top100=97.03%
chunks=332200 bytes=680345600 progress=68.03% BPC=0.6966 rate=8.71% top100=97.03%
chunks=332250 bytes=680448000 progress=68.04% BPC=0.6966 rate=8.71% top100=97.03%
chunks=332300 bytes=680550400 progress=68.06% BPC=0.6966 rate=8.71% top100=97.03%
chunks=332350 bytes=680652800 progress=68.07% BPC=0.6966 rate=8.71% top100=97.03%
chunks=332400 bytes=680755200 progress=68.08% BPC=0.6966 rate=8.71% top100=97.03%
chunks=332450 bytes=680857600 progress=68.09% BPC=0.6966 rate=8.71% top100=97.03%
chunks=332500 bytes=680960000 progress=68.10% BPC=0.6966 rate=8.71% top100=97.03%
chunks=332550 bytes=681062400 progress=68.11% BPC=0.6967 rate=8.71% top100=97.03%
chunks=332600 bytes=681164800 progress=68.12% BPC=0.6967 rate=8.71% top100=97.03%
chunks=332650 bytes=681267200 progress=68.13% BPC=0.6967 rate=8.71% top100=97.03%
chunks=332700 bytes=681369600 progress=68.14% BPC=0.6967 rate=8.71% top100=97.03%
chunks=332750 bytes=681472000 progress=68.15% BPC=0.6967 rate=8.71% top100=97.03%
chunks=332800 bytes=681574400 progress=68.16% BPC=0.6967 rate=8.71% top100=97.03%
chunks=332850 bytes=681676800 progress=68.17% BPC=0.6967 rate=8.71% top100=97.03%
chunks=332900 bytes=681779200 progress=68.18% BPC=0.6967 rate=8.71% top100=97.03%
chunks=332950 bytes=681881600 progress=68.19% BPC=0.6967 rate=8.71% top100=97.03%
chunks=333000 bytes=681984000 progress=68.20% BPC=0.6967 rate=8.71% top100=97.03%
chunks=333050 bytes=682086400 progress=68.21% BPC=0.6967 rate=8.71% top100=97.03%
chunks=333100 bytes=682188800 progress=68.22% BPC=0.6967 rate=8.71% top100=97.03%
chunks=333150 bytes=682291200 progress=68.23% BPC=0.6968 rate=8.71% top100=97.03%
chunks=333200 bytes=682393600 progress=68.24% BPC=0.6968 rate=8.71% top100=97.03%
chunks=333250 bytes=682496000 progress=68.25% BPC=0.6968 rate=8.71% top100=97.03%
chunks=333300 bytes=682598400 progress=68.26% BPC=0.6968 rate=8.71% top100=97.03%
chunks=333350 bytes=682700800 progress=68.27% BPC=0.6968 rate=8.71% top100=97.03%
chunks=333400 bytes=682803200 progress=68.28% BPC=0.6968 rate=8.71% top100=97.03%
chunks=333450 bytes=682905600 progress=68.29% BPC=0.6969 rate=8.71% top100=97.03%
chunks=333500 bytes=683008000 progress=68.30% BPC=0.6969 rate=8.71% top100=97.03%
chunks=333550 bytes=683110400 progress=68.31% BPC=0.6969 rate=8.71% top100=97.03%
chunks=333600 bytes=683212800 progress=68.32% BPC=0.6969 rate=8.71% top100=97.03%
chunks=333650 bytes=683315200 progress=68.33% BPC=0.6969 rate=8.71% top100=97.03%
chunks=333700 bytes=683417600 progress=68.34% BPC=0.6969 rate=8.71% top100=97.03%
chunks=333750 bytes=683520000 progress=68.35% BPC=0.6969 rate=8.71% top100=97.03%
chunks=333800 bytes=683622400 progress=68.36% BPC=0.6970 rate=8.71% top100=97.03%
chunks=333850 bytes=683724800 progress=68.37% BPC=0.6970 rate=8.71% top100=97.03%
chunks=333900 bytes=683827200 progress=68.38% BPC=0.6970 rate=8.71% top100=97.03%
chunks=333950 bytes=683929600 progress=68.39% BPC=0.6970 rate=8.71% top100=97.03%
chunks=334000 bytes=684032000 progress=68.40% BPC=0.6970 rate=8.71% top100=97.03%
chunks=334050 bytes=684134400 progress=68.41% BPC=0.6970 rate=8.71% top100=97.03%
chunks=334100 bytes=684236800 progress=68.42% BPC=0.6970 rate=8.71% top100=97.03%
chunks=334150 bytes=684339200 progress=68.43% BPC=0.6970 rate=8.71% top100=97.03%
chunks=334200 bytes=684441600 progress=68.44% BPC=0.6970 rate=8.71% top100=97.03%
chunks=334250 bytes=684544000 progress=68.45% BPC=0.6970 rate=8.71% top100=97.03%
chunks=334300 bytes=684646400 progress=68.46% BPC=0.6970 rate=8.71% top100=97.03%
chunks=334350 bytes=684748800 progress=68.47% BPC=0.6971 rate=8.71% top100=97.03%
chunks=334400 bytes=684851200 progress=68.49% BPC=0.6971 rate=8.71% top100=97.03%
chunks=334450 bytes=684953600 progress=68.50% BPC=0.6971 rate=8.71% top100=97.03%
chunks=334500 bytes=685056000 progress=68.51% BPC=0.6971 rate=8.71% top100=97.03%
chunks=334550 bytes=685158400 progress=68.52% BPC=0.6971 rate=8.71% top100=97.03%
chunks=334600 bytes=685260800 progress=68.53% BPC=0.6971 rate=8.71% top100=97.03%
chunks=334650 bytes=685363200 progress=68.54% BPC=0.6971 rate=8.71% top100=97.03%
chunks=334700 bytes=685465600 progress=68.55% BPC=0.6971 rate=8.71% top100=97.03%
chunks=334750 bytes=685568000 progress=68.56% BPC=0.6972 rate=8.71% top100=97.03%
chunks=334800 bytes=685670400 progress=68.57% BPC=0.6972 rate=8.71% top100=97.03%
chunks=334850 bytes=685772800 progress=68.58% BPC=0.6972 rate=8.71% top100=97.03%
chunks=334900 bytes=685875200 progress=68.59% BPC=0.6972 rate=8.72% top100=97.03%
chunks=334950 bytes=685977600 progress=68.60% BPC=0.6972 rate=8.72% top100=97.03%
chunks=335000 bytes=686080000 progress=68.61% BPC=0.6972 rate=8.72% top100=97.03%
chunks=335050 bytes=686182400 progress=68.62% BPC=0.6972 rate=8.72% top100=97.03%
chunks=335100 bytes=686284800 progress=68.63% BPC=0.6973 rate=8.72% top100=97.03%
chunks=335150 bytes=686387200 progress=68.64% BPC=0.6973 rate=8.72% top100=97.03%
chunks=335200 bytes=686489600 progress=68.65% BPC=0.6973 rate=8.72% top100=97.03%
chunks=335250 bytes=686592000 progress=68.66% BPC=0.6973 rate=8.72% top100=97.02%
chunks=335300 bytes=686694400 progress=68.67% BPC=0.6974 rate=8.72% top100=97.02%
chunks=335350 bytes=686796800 progress=68.68% BPC=0.6974 rate=8.72% top100=97.02%
chunks=335400 bytes=686899200 progress=68.69% BPC=0.6974 rate=8.72% top100=97.02%
chunks=335450 bytes=687001600 progress=68.70% BPC=0.6974 rate=8.72% top100=97.02%
chunks=335500 bytes=687104000 progress=68.71% BPC=0.6974 rate=8.72% top100=97.02%
chunks=335550 bytes=687206400 progress=68.72% BPC=0.6974 rate=8.72% top100=97.02%
chunks=335600 bytes=687308800 progress=68.73% BPC=0.6975 rate=8.72% top100=97.02%
chunks=335650 bytes=687411200 progress=68.74% BPC=0.6975 rate=8.72% top100=97.02%
chunks=335700 bytes=687513600 progress=68.75% BPC=0.6975 rate=8.72% top100=97.02%
chunks=335750 bytes=687616000 progress=68.76% BPC=0.6975 rate=8.72% top100=97.02%
chunks=335800 bytes=687718400 progress=68.77% BPC=0.6975 rate=8.72% top100=97.02%
chunks=335850 bytes=687820800 progress=68.78% BPC=0.6975 rate=8.72% top100=97.02%
chunks=335900 bytes=687923200 progress=68.79% BPC=0.6975 rate=8.72% top100=97.02%
chunks=335950 bytes=688025600 progress=68.80% BPC=0.6975 rate=8.72% top100=97.02%
chunks=336000 bytes=688128000 progress=68.81% BPC=0.6975 rate=8.72% top100=97.02%
chunks=336050 bytes=688230400 progress=68.82% BPC=0.6975 rate=8.72% top100=97.02%
chunks=336100 bytes=688332800 progress=68.83% BPC=0.6975 rate=8.72% top100=97.02%
chunks=336150 bytes=688435200 progress=68.84% BPC=0.6975 rate=8.72% top100=97.02%
chunks=336200 bytes=688537600 progress=68.85% BPC=0.6975 rate=8.72% top100=97.02%
chunks=336250 bytes=688640000 progress=68.86% BPC=0.6976 rate=8.72% top100=97.02%
chunks=336300 bytes=688742400 progress=68.87% BPC=0.6976 rate=8.72% top100=97.02%
chunks=336350 bytes=688844800 progress=68.88% BPC=0.6976 rate=8.72% top100=97.02%
chunks=336400 bytes=688947200 progress=68.89% BPC=0.6976 rate=8.72% top100=97.02%
chunks=336450 bytes=689049600 progress=68.90% BPC=0.6976 rate=8.72% top100=97.02%
chunks=336500 bytes=689152000 progress=68.92% BPC=0.6976 rate=8.72% top100=97.02%
chunks=336550 bytes=689254400 progress=68.93% BPC=0.6976 rate=8.72% top100=97.02%
chunks=336600 bytes=689356800 progress=68.94% BPC=0.6976 rate=8.72% top100=97.02%
chunks=336650 bytes=689459200 progress=68.95% BPC=0.6976 rate=8.72% top100=97.02%
chunks=336700 bytes=689561600 progress=68.96% BPC=0.6976 rate=8.72% top100=97.02%
chunks=336750 bytes=689664000 progress=68.97% BPC=0.6976 rate=8.72% top100=97.02%
chunks=336800 bytes=689766400 progress=68.98% BPC=0.6977 rate=8.72% top100=97.02%
chunks=336850 bytes=689868800 progress=68.99% BPC=0.6977 rate=8.72% top100=97.02%
chunks=336900 bytes=689971200 progress=69.00% BPC=0.6977 rate=8.72% top100=97.02%
chunks=336950 bytes=690073600 progress=69.01% BPC=0.6977 rate=8.72% top100=97.02%
chunks=337000 bytes=690176000 progress=69.02% BPC=0.6977 rate=8.72% top100=97.02%
chunks=337050 bytes=690278400 progress=69.03% BPC=0.6977 rate=8.72% top100=97.02%
chunks=337100 bytes=690380800 progress=69.04% BPC=0.6977 rate=8.72% top100=97.02%
chunks=337150 bytes=690483200 progress=69.05% BPC=0.6977 rate=8.72% top100=97.02%
chunks=337200 bytes=690585600 progress=69.06% BPC=0.6977 rate=8.72% top100=97.02%
chunks=337250 bytes=690688000 progress=69.07% BPC=0.6977 rate=8.72% top100=97.02%
chunks=337300 bytes=690790400 progress=69.08% BPC=0.6977 rate=8.72% top100=97.02%
chunks=337350 bytes=690892800 progress=69.09% BPC=0.6977 rate=8.72% top100=97.02%
chunks=337400 bytes=690995200 progress=69.10% BPC=0.6977 rate=8.72% top100=97.02%
chunks=337450 bytes=691097600 progress=69.11% BPC=0.6978 rate=8.72% top100=97.02%
chunks=337500 bytes=691200000 progress=69.12% BPC=0.6978 rate=8.72% top100=97.02%
chunks=337550 bytes=691302400 progress=69.13% BPC=0.6978 rate=8.72% top100=97.02%
chunks=337600 bytes=691404800 progress=69.14% BPC=0.6978 rate=8.72% top100=97.02%
chunks=337650 bytes=691507200 progress=69.15% BPC=0.6978 rate=8.72% top100=97.02%
chunks=337700 bytes=691609600 progress=69.16% BPC=0.6978 rate=8.72% top100=97.02%
chunks=337750 bytes=691712000 progress=69.17% BPC=0.6978 rate=8.72% top100=97.02%
chunks=337800 bytes=691814400 progress=69.18% BPC=0.6978 rate=8.72% top100=97.02%
chunks=337850 bytes=691916800 progress=69.19% BPC=0.6978 rate=8.72% top100=97.02%
chunks=337900 bytes=692019200 progress=69.20% BPC=0.6978 rate=8.72% top100=97.02%
chunks=337950 bytes=692121600 progress=69.21% BPC=0.6978 rate=8.72% top100=97.02%
chunks=338000 bytes=692224000 progress=69.22% BPC=0.6979 rate=8.72% top100=97.02%
chunks=338050 bytes=692326400 progress=69.23% BPC=0.6979 rate=8.72% top100=97.02%
chunks=338100 bytes=692428800 progress=69.24% BPC=0.6979 rate=8.72% top100=97.02%
chunks=338150 bytes=692531200 progress=69.25% BPC=0.6979 rate=8.72% top100=97.02%
chunks=338200 bytes=692633600 progress=69.26% BPC=0.6979 rate=8.72% top100=97.02%
chunks=338250 bytes=692736000 progress=69.27% BPC=0.6979 rate=8.72% top100=97.02%
chunks=338300 bytes=692838400 progress=69.28% BPC=0.6979 rate=8.72% top100=97.02%
chunks=338350 bytes=692940800 progress=69.29% BPC=0.6979 rate=8.72% top100=97.02%
chunks=338400 bytes=693043200 progress=69.30% BPC=0.6979 rate=8.72% top100=97.02%
chunks=338450 bytes=693145600 progress=69.31% BPC=0.6979 rate=8.72% top100=97.02%
chunks=338500 bytes=693248000 progress=69.32% BPC=0.6979 rate=8.72% top100=97.02%
chunks=338550 bytes=693350400 progress=69.34% BPC=0.6979 rate=8.72% top100=97.02%
chunks=338600 bytes=693452800 progress=69.35% BPC=0.6979 rate=8.72% top100=97.02%
chunks=338650 bytes=693555200 progress=69.36% BPC=0.6979 rate=8.72% top100=97.02%
chunks=338700 bytes=693657600 progress=69.37% BPC=0.6979 rate=8.72% top100=97.02%
chunks=338750 bytes=693760000 progress=69.38% BPC=0.6979 rate=8.72% top100=97.02%
chunks=338800 bytes=693862400 progress=69.39% BPC=0.6980 rate=8.72% top100=97.02%
chunks=338850 bytes=693964800 progress=69.40% BPC=0.6980 rate=8.72% top100=97.02%
chunks=338900 bytes=694067200 progress=69.41% BPC=0.6980 rate=8.72% top100=97.02%
chunks=338950 bytes=694169600 progress=69.42% BPC=0.6980 rate=8.72% top100=97.02%
chunks=339000 bytes=694272000 progress=69.43% BPC=0.6980 rate=8.72% top100=97.02%
chunks=339050 bytes=694374400 progress=69.44% BPC=0.6980 rate=8.73% top100=97.02%
chunks=339100 bytes=694476800 progress=69.45% BPC=0.6980 rate=8.73% top100=97.02%
chunks=339150 bytes=694579200 progress=69.46% BPC=0.6980 rate=8.73% top100=97.02%
chunks=339200 bytes=694681600 progress=69.47% BPC=0.6980 rate=8.73% top100=97.02%
chunks=339250 bytes=694784000 progress=69.48% BPC=0.6980 rate=8.73% top100=97.02%
chunks=339300 bytes=694886400 progress=69.49% BPC=0.6980 rate=8.73% top100=97.02%
chunks=339350 bytes=694988800 progress=69.50% BPC=0.6980 rate=8.73% top100=97.02%
chunks=339400 bytes=695091200 progress=69.51% BPC=0.6980 rate=8.73% top100=97.02%
chunks=339450 bytes=695193600 progress=69.52% BPC=0.6980 rate=8.73% top100=97.02%
chunks=339500 bytes=695296000 progress=69.53% BPC=0.6981 rate=8.73% top100=97.02%
chunks=339550 bytes=695398400 progress=69.54% BPC=0.6981 rate=8.73% top100=97.02%
chunks=339600 bytes=695500800 progress=69.55% BPC=0.6981 rate=8.73% top100=97.02%
chunks=339650 bytes=695603200 progress=69.56% BPC=0.6982 rate=8.73% top100=97.02%
chunks=339700 bytes=695705600 progress=69.57% BPC=0.6982 rate=8.73% top100=97.02%
chunks=339750 bytes=695808000 progress=69.58% BPC=0.6982 rate=8.73% top100=97.02%
chunks=339800 bytes=695910400 progress=69.59% BPC=0.6983 rate=8.73% top100=97.02%
chunks=339850 bytes=696012800 progress=69.60% BPC=0.6983 rate=8.73% top100=97.02%
chunks=339900 bytes=696115200 progress=69.61% BPC=0.6983 rate=8.73% top100=97.02%
chunks=339950 bytes=696217600 progress=69.62% BPC=0.6983 rate=8.73% top100=97.02%
chunks=340000 bytes=696320000 progress=69.63% BPC=0.6983 rate=8.73% top100=97.02%
chunks=340050 bytes=696422400 progress=69.64% BPC=0.6983 rate=8.73% top100=97.02%
chunks=340100 bytes=696524800 progress=69.65% BPC=0.6984 rate=8.73% top100=97.02%
chunks=340150 bytes=696627200 progress=69.66% BPC=0.6984 rate=8.73% top100=97.02%
chunks=340200 bytes=696729600 progress=69.67% BPC=0.6984 rate=8.73% top100=97.02%
chunks=340250 bytes=696832000 progress=69.68% BPC=0.6985 rate=8.73% top100=97.02%
chunks=340300 bytes=696934400 progress=69.69% BPC=0.6985 rate=8.73% top100=97.02%
chunks=340350 bytes=697036800 progress=69.70% BPC=0.6985 rate=8.73% top100=97.02%
chunks=340400 bytes=697139200 progress=69.71% BPC=0.6985 rate=8.73% top100=97.02%
chunks=340450 bytes=697241600 progress=69.72% BPC=0.6985 rate=8.73% top100=97.02%
chunks=340500 bytes=697344000 progress=69.73% BPC=0.6985 rate=8.73% top100=97.02%
chunks=340550 bytes=697446400 progress=69.74% BPC=0.6985 rate=8.73% top100=97.02%
chunks=340600 bytes=697548800 progress=69.75% BPC=0.6985 rate=8.73% top100=97.02%
chunks=340650 bytes=697651200 progress=69.77% BPC=0.6985 rate=8.73% top100=97.02%
chunks=340700 bytes=697753600 progress=69.78% BPC=0.6985 rate=8.73% top100=97.02%
chunks=340750 bytes=697856000 progress=69.79% BPC=0.6986 rate=8.73% top100=97.02%
chunks=340800 bytes=697958400 progress=69.80% BPC=0.6986 rate=8.73% top100=97.02%
chunks=340850 bytes=698060800 progress=69.81% BPC=0.6986 rate=8.73% top100=97.02%
chunks=340900 bytes=698163200 progress=69.82% BPC=0.6986 rate=8.73% top100=97.02%
chunks=340950 bytes=698265600 progress=69.83% BPC=0.6986 rate=8.73% top100=97.02%
chunks=341000 bytes=698368000 progress=69.84% BPC=0.6986 rate=8.73% top100=97.02%
chunks=341050 bytes=698470400 progress=69.85% BPC=0.6986 rate=8.73% top100=97.02%
chunks=341100 bytes=698572800 progress=69.86% BPC=0.6986 rate=8.73% top100=97.02%
chunks=341150 bytes=698675200 progress=69.87% BPC=0.6986 rate=8.73% top100=97.02%
chunks=341200 bytes=698777600 progress=69.88% BPC=0.6986 rate=8.73% top100=97.02%
chunks=341250 bytes=698880000 progress=69.89% BPC=0.6986 rate=8.73% top100=97.02%
chunks=341300 bytes=698982400 progress=69.90% BPC=0.6986 rate=8.73% top100=97.02%
chunks=341350 bytes=699084800 progress=69.91% BPC=0.6986 rate=8.73% top100=97.02%
chunks=341400 bytes=699187200 progress=69.92% BPC=0.6986 rate=8.73% top100=97.02%
chunks=341450 bytes=699289600 progress=69.93% BPC=0.6986 rate=8.73% top100=97.02%
chunks=341500 bytes=699392000 progress=69.94% BPC=0.6986 rate=8.73% top100=97.02%
chunks=341550 bytes=699494400 progress=69.95% BPC=0.6986 rate=8.73% top100=97.01%
chunks=341600 bytes=699596800 progress=69.96% BPC=0.6986 rate=8.73% top100=97.01%
chunks=341650 bytes=699699200 progress=69.97% BPC=0.6986 rate=8.73% top100=97.01%
chunks=341700 bytes=699801600 progress=69.98% BPC=0.6986 rate=8.73% top100=97.01%
chunks=341750 bytes=699904000 progress=69.99% BPC=0.6987 rate=8.73% top100=97.01%
chunks=341800 bytes=700006400 progress=70.00% BPC=0.6987 rate=8.73% top100=97.01%
chunks=341850 bytes=700108800 progress=70.01% BPC=0.6987 rate=8.73% top100=97.01%
chunks=341900 bytes=700211200 progress=70.02% BPC=0.6987 rate=8.73% top100=97.01%
chunks=341950 bytes=700313600 progress=70.03% BPC=0.6987 rate=8.73% top100=97.01%
chunks=342000 bytes=700416000 progress=70.04% BPC=0.6987 rate=8.73% top100=97.01%
chunks=342050 bytes=700518400 progress=70.05% BPC=0.6987 rate=8.73% top100=97.01%
chunks=342100 bytes=700620800 progress=70.06% BPC=0.6987 rate=8.73% top100=97.01%
chunks=342150 bytes=700723200 progress=70.07% BPC=0.6987 rate=8.73% top100=97.01%
chunks=342200 bytes=700825600 progress=70.08% BPC=0.6987 rate=8.73% top100=97.01%
chunks=342250 bytes=700928000 progress=70.09% BPC=0.6987 rate=8.73% top100=97.01%
chunks=342300 bytes=701030400 progress=70.10% BPC=0.6987 rate=8.73% top100=97.01%
chunks=342350 bytes=701132800 progress=70.11% BPC=0.6987 rate=8.73% top100=97.01%
chunks=342400 bytes=701235200 progress=70.12% BPC=0.6987 rate=8.73% top100=97.01%
chunks=342450 bytes=701337600 progress=70.13% BPC=0.6988 rate=8.73% top100=97.01%
chunks=342500 bytes=701440000 progress=70.14% BPC=0.6988 rate=8.73% top100=97.01%
chunks=342550 bytes=701542400 progress=70.15% BPC=0.6988 rate=8.73% top100=97.01%
chunks=342600 bytes=701644800 progress=70.16% BPC=0.6988 rate=8.73% top100=97.01%
chunks=342650 bytes=701747200 progress=70.17% BPC=0.6988 rate=8.73% top100=97.01%
chunks=342700 bytes=701849600 progress=70.18% BPC=0.6988 rate=8.74% top100=97.01%
chunks=342750 bytes=701952000 progress=70.20% BPC=0.6988 rate=8.74% top100=97.01%
chunks=342800 bytes=702054400 progress=70.21% BPC=0.6988 rate=8.74% top100=97.01%
chunks=342850 bytes=702156800 progress=70.22% BPC=0.6988 rate=8.74% top100=97.01%
chunks=342900 bytes=702259200 progress=70.23% BPC=0.6988 rate=8.74% top100=97.01%
chunks=342950 bytes=702361600 progress=70.24% BPC=0.6988 rate=8.74% top100=97.01%
chunks=343000 bytes=702464000 progress=70.25% BPC=0.6988 rate=8.74% top100=97.01%
chunks=343050 bytes=702566400 progress=70.26% BPC=0.6989 rate=8.74% top100=97.01%
chunks=343100 bytes=702668800 progress=70.27% BPC=0.6989 rate=8.74% top100=97.01%
chunks=343150 bytes=702771200 progress=70.28% BPC=0.6989 rate=8.74% top100=97.01%
chunks=343200 bytes=702873600 progress=70.29% BPC=0.6989 rate=8.74% top100=97.01%
chunks=343250 bytes=702976000 progress=70.30% BPC=0.6989 rate=8.74% top100=97.01%
chunks=343300 bytes=703078400 progress=70.31% BPC=0.6989 rate=8.74% top100=97.01%
chunks=343350 bytes=703180800 progress=70.32% BPC=0.6989 rate=8.74% top100=97.01%
chunks=343400 bytes=703283200 progress=70.33% BPC=0.6989 rate=8.74% top100=97.01%
chunks=343450 bytes=703385600 progress=70.34% BPC=0.6989 rate=8.74% top100=97.01%
chunks=343500 bytes=703488000 progress=70.35% BPC=0.6989 rate=8.74% top100=97.01%
chunks=343550 bytes=703590400 progress=70.36% BPC=0.6989 rate=8.74% top100=97.01%
chunks=343600 bytes=703692800 progress=70.37% BPC=0.6989 rate=8.74% top100=97.01%
chunks=343650 bytes=703795200 progress=70.38% BPC=0.6989 rate=8.74% top100=97.01%
chunks=343700 bytes=703897600 progress=70.39% BPC=0.6990 rate=8.74% top100=97.01%
chunks=343750 bytes=704000000 progress=70.40% BPC=0.6990 rate=8.74% top100=97.01%
chunks=343800 bytes=704102400 progress=70.41% BPC=0.6990 rate=8.74% top100=97.01%
chunks=343850 bytes=704204800 progress=70.42% BPC=0.6990 rate=8.74% top100=97.01%
chunks=343900 bytes=704307200 progress=70.43% BPC=0.6990 rate=8.74% top100=97.01%
chunks=343950 bytes=704409600 progress=70.44% BPC=0.6990 rate=8.74% top100=97.01%
chunks=344000 bytes=704512000 progress=70.45% BPC=0.6990 rate=8.74% top100=97.01%
chunks=344050 bytes=704614400 progress=70.46% BPC=0.6990 rate=8.74% top100=97.01%
chunks=344100 bytes=704716800 progress=70.47% BPC=0.6990 rate=8.74% top100=97.01%
chunks=344150 bytes=704819200 progress=70.48% BPC=0.6990 rate=8.74% top100=97.01%
chunks=344200 bytes=704921600 progress=70.49% BPC=0.6990 rate=8.74% top100=97.01%
chunks=344250 bytes=705024000 progress=70.50% BPC=0.6990 rate=8.74% top100=97.01%
chunks=344300 bytes=705126400 progress=70.51% BPC=0.6990 rate=8.74% top100=97.01%
chunks=344350 bytes=705228800 progress=70.52% BPC=0.6989 rate=8.74% top100=97.01%
chunks=344400 bytes=705331200 progress=70.53% BPC=0.6989 rate=8.74% top100=97.01%
chunks=344450 bytes=705433600 progress=70.54% BPC=0.6989 rate=8.74% top100=97.01%
chunks=344500 bytes=705536000 progress=70.55% BPC=0.6990 rate=8.74% top100=97.01%
chunks=344550 bytes=705638400 progress=70.56% BPC=0.6990 rate=8.74% top100=97.01%
chunks=344600 bytes=705740800 progress=70.57% BPC=0.6990 rate=8.74% top100=97.01%
chunks=344650 bytes=705843200 progress=70.58% BPC=0.6990 rate=8.74% top100=97.01%
chunks=344700 bytes=705945600 progress=70.59% BPC=0.6990 rate=8.74% top100=97.01%
chunks=344750 bytes=706048000 progress=70.60% BPC=0.6990 rate=8.74% top100=97.01%
chunks=344800 bytes=706150400 progress=70.62% BPC=0.6990 rate=8.74% top100=97.01%
chunks=344850 bytes=706252800 progress=70.63% BPC=0.6990 rate=8.74% top100=97.01%
chunks=344900 bytes=706355200 progress=70.64% BPC=0.6990 rate=8.74% top100=97.01%
chunks=344950 bytes=706457600 progress=70.65% BPC=0.6990 rate=8.74% top100=97.01%
chunks=345000 bytes=706560000 progress=70.66% BPC=0.6990 rate=8.74% top100=97.01%
chunks=345050 bytes=706662400 progress=70.67% BPC=0.6990 rate=8.74% top100=97.01%
chunks=345100 bytes=706764800 progress=70.68% BPC=0.6990 rate=8.74% top100=97.01%
chunks=345150 bytes=706867200 progress=70.69% BPC=0.6991 rate=8.74% top100=97.01%
chunks=345200 bytes=706969600 progress=70.70% BPC=0.6991 rate=8.74% top100=97.01%
chunks=345250 bytes=707072000 progress=70.71% BPC=0.6991 rate=8.74% top100=97.01%
chunks=345300 bytes=707174400 progress=70.72% BPC=0.6991 rate=8.74% top100=97.01%
chunks=345350 bytes=707276800 progress=70.73% BPC=0.6991 rate=8.74% top100=97.01%
chunks=345400 bytes=707379200 progress=70.74% BPC=0.6991 rate=8.74% top100=97.01%
chunks=345450 bytes=707481600 progress=70.75% BPC=0.6991 rate=8.74% top100=97.01%
chunks=345500 bytes=707584000 progress=70.76% BPC=0.6991 rate=8.74% top100=97.01%
chunks=345550 bytes=707686400 progress=70.77% BPC=0.6991 rate=8.74% top100=97.01%
chunks=345600 bytes=707788800 progress=70.78% BPC=0.6991 rate=8.74% top100=97.01%
chunks=345650 bytes=707891200 progress=70.79% BPC=0.6991 rate=8.74% top100=97.01%
chunks=345700 bytes=707993600 progress=70.80% BPC=0.6991 rate=8.74% top100=97.01%
chunks=345750 bytes=708096000 progress=70.81% BPC=0.6991 rate=8.74% top100=97.01%
chunks=345800 bytes=708198400 progress=70.82% BPC=0.6991 rate=8.74% top100=97.01%
chunks=345850 bytes=708300800 progress=70.83% BPC=0.6991 rate=8.74% top100=97.01%
chunks=345900 bytes=708403200 progress=70.84% BPC=0.6991 rate=8.74% top100=97.01%
chunks=345950 bytes=708505600 progress=70.85% BPC=0.6992 rate=8.74% top100=97.01%
chunks=346000 bytes=708608000 progress=70.86% BPC=0.6992 rate=8.74% top100=97.01%
chunks=346050 bytes=708710400 progress=70.87% BPC=0.6992 rate=8.74% top100=97.01%
chunks=346100 bytes=708812800 progress=70.88% BPC=0.6992 rate=8.74% top100=97.01%
chunks=346150 bytes=708915200 progress=70.89% BPC=0.6992 rate=8.74% top100=97.01%
chunks=346200 bytes=709017600 progress=70.90% BPC=0.6992 rate=8.74% top100=97.01%
chunks=346250 bytes=709120000 progress=70.91% BPC=0.6992 rate=8.74% top100=97.01%
chunks=346300 bytes=709222400 progress=70.92% BPC=0.6992 rate=8.74% top100=97.01%
chunks=346350 bytes=709324800 progress=70.93% BPC=0.6992 rate=8.74% top100=97.01%
chunks=346400 bytes=709427200 progress=70.94% BPC=0.6992 rate=8.74% top100=97.01%
chunks=346450 bytes=709529600 progress=70.95% BPC=0.6992 rate=8.74% top100=97.01%
chunks=346500 bytes=709632000 progress=70.96% BPC=0.6992 rate=8.74% top100=97.01%
chunks=346550 bytes=709734400 progress=70.97% BPC=0.6992 rate=8.74% top100=97.01%
chunks=346600 bytes=709836800 progress=70.98% BPC=0.6993 rate=8.74% top100=97.01%
chunks=346650 bytes=709939200 progress=70.99% BPC=0.6993 rate=8.74% top100=97.01%
chunks=346700 bytes=710041600 progress=71.00% BPC=0.6993 rate=8.74% top100=97.01%
chunks=346750 bytes=710144000 progress=71.01% BPC=0.6993 rate=8.74% top100=97.01%
chunks=346800 bytes=710246400 progress=71.02% BPC=0.6993 rate=8.74% top100=97.01%
chunks=346850 bytes=710348800 progress=71.03% BPC=0.6993 rate=8.74% top100=97.01%
chunks=346900 bytes=710451200 progress=71.05% BPC=0.6993 rate=8.74% top100=97.01%
chunks=346950 bytes=710553600 progress=71.06% BPC=0.6993 rate=8.74% top100=97.01%
chunks=347000 bytes=710656000 progress=71.07% BPC=0.6993 rate=8.74% top100=97.01%
chunks=347050 bytes=710758400 progress=71.08% BPC=0.6993 rate=8.74% top100=97.01%
chunks=347100 bytes=710860800 progress=71.09% BPC=0.6993 rate=8.74% top100=97.01%
chunks=347150 bytes=710963200 progress=71.10% BPC=0.6993 rate=8.74% top100=97.01%
chunks=347200 bytes=711065600 progress=71.11% BPC=0.6993 rate=8.74% top100=97.01%
chunks=347250 bytes=711168000 progress=71.12% BPC=0.6993 rate=8.74% top100=97.01%
chunks=347300 bytes=711270400 progress=71.13% BPC=0.6993 rate=8.74% top100=97.01%
chunks=347350 bytes=711372800 progress=71.14% BPC=0.6993 rate=8.74% top100=97.01%
chunks=347400 bytes=711475200 progress=71.15% BPC=0.6993 rate=8.74% top100=97.01%
chunks=347450 bytes=711577600 progress=71.16% BPC=0.6993 rate=8.74% top100=97.01%
chunks=347500 bytes=711680000 progress=71.17% BPC=0.6993 rate=8.74% top100=97.01%
chunks=347550 bytes=711782400 progress=71.18% BPC=0.6993 rate=8.74% top100=97.01%
chunks=347600 bytes=711884800 progress=71.19% BPC=0.6993 rate=8.74% top100=97.01%
chunks=347650 bytes=711987200 progress=71.20% BPC=0.6993 rate=8.74% top100=97.01%
chunks=347700 bytes=712089600 progress=71.21% BPC=0.6994 rate=8.74% top100=97.01%
chunks=347750 bytes=712192000 progress=71.22% BPC=0.6994 rate=8.74% top100=97.01%
chunks=347800 bytes=712294400 progress=71.23% BPC=0.6994 rate=8.74% top100=97.01%
chunks=347850 bytes=712396800 progress=71.24% BPC=0.6994 rate=8.74% top100=97.01%
chunks=347900 bytes=712499200 progress=71.25% BPC=0.6993 rate=8.74% top100=97.01%
chunks=347950 bytes=712601600 progress=71.26% BPC=0.6993 rate=8.74% top100=97.01%
chunks=348000 bytes=712704000 progress=71.27% BPC=0.6993 rate=8.74% top100=97.01%
chunks=348050 bytes=712806400 progress=71.28% BPC=0.6993 rate=8.74% top100=97.01%
chunks=348100 bytes=712908800 progress=71.29% BPC=0.6993 rate=8.74% top100=97.01%
chunks=348150 bytes=713011200 progress=71.30% BPC=0.6993 rate=8.74% top100=97.01%
chunks=348200 bytes=713113600 progress=71.31% BPC=0.6993 rate=8.74% top100=97.01%
chunks=348250 bytes=713216000 progress=71.32% BPC=0.6994 rate=8.74% top100=97.01%
chunks=348300 bytes=713318400 progress=71.33% BPC=0.6994 rate=8.74% top100=97.01%
chunks=348350 bytes=713420800 progress=71.34% BPC=0.6994 rate=8.74% top100=97.01%
chunks=348400 bytes=713523200 progress=71.35% BPC=0.6994 rate=8.74% top100=97.01%
chunks=348450 bytes=713625600 progress=71.36% BPC=0.6994 rate=8.74% top100=97.01%
chunks=348500 bytes=713728000 progress=71.37% BPC=0.6994 rate=8.74% top100=97.01%
chunks=348550 bytes=713830400 progress=71.38% BPC=0.6994 rate=8.74% top100=97.01%
chunks=348600 bytes=713932800 progress=71.39% BPC=0.6994 rate=8.74% top100=97.01%
chunks=348650 bytes=714035200 progress=71.40% BPC=0.6994 rate=8.74% top100=97.01%
chunks=348700 bytes=714137600 progress=71.41% BPC=0.6994 rate=8.74% top100=97.01%
chunks=348750 bytes=714240000 progress=71.42% BPC=0.6994 rate=8.74% top100=97.01%
chunks=348800 bytes=714342400 progress=71.43% BPC=0.6994 rate=8.74% top100=97.01%
chunks=348850 bytes=714444800 progress=71.44% BPC=0.6994 rate=8.74% top100=97.01%
chunks=348900 bytes=714547200 progress=71.45% BPC=0.6994 rate=8.74% top100=97.01%
chunks=348950 bytes=714649600 progress=71.46% BPC=0.6994 rate=8.74% top100=97.01%
chunks=349000 bytes=714752000 progress=71.48% BPC=0.6994 rate=8.74% top100=97.01%
chunks=349050 bytes=714854400 progress=71.49% BPC=0.6994 rate=8.74% top100=97.01%
chunks=349100 bytes=714956800 progress=71.50% BPC=0.6994 rate=8.74% top100=97.01%
chunks=349150 bytes=715059200 progress=71.51% BPC=0.6995 rate=8.74% top100=97.01%
chunks=349200 bytes=715161600 progress=71.52% BPC=0.6994 rate=8.74% top100=97.01%
chunks=349250 bytes=715264000 progress=71.53% BPC=0.6995 rate=8.74% top100=97.01%
chunks=349300 bytes=715366400 progress=71.54% BPC=0.6994 rate=8.74% top100=97.01%
chunks=349350 bytes=715468800 progress=71.55% BPC=0.6994 rate=8.74% top100=97.01%
chunks=349400 bytes=715571200 progress=71.56% BPC=0.6995 rate=8.74% top100=97.01%
chunks=349450 bytes=715673600 progress=71.57% BPC=0.6995 rate=8.74% top100=97.01%
chunks=349500 bytes=715776000 progress=71.58% BPC=0.6995 rate=8.74% top100=97.01%
chunks=349550 bytes=715878400 progress=71.59% BPC=0.6995 rate=8.74% top100=97.01%
chunks=349600 bytes=715980800 progress=71.60% BPC=0.6995 rate=8.74% top100=97.01%
chunks=349650 bytes=716083200 progress=71.61% BPC=0.6995 rate=8.74% top100=97.01%
chunks=349700 bytes=716185600 progress=71.62% BPC=0.6995 rate=8.74% top100=97.01%
chunks=349750 bytes=716288000 progress=71.63% BPC=0.6995 rate=8.74% top100=97.01%
chunks=349800 bytes=716390400 progress=71.64% BPC=0.6995 rate=8.74% top100=97.01%
chunks=349850 bytes=716492800 progress=71.65% BPC=0.6996 rate=8.74% top100=97.01%
chunks=349900 bytes=716595200 progress=71.66% BPC=0.6996 rate=8.74% top100=97.01%
chunks=349950 bytes=716697600 progress=71.67% BPC=0.6996 rate=8.75% top100=97.01%
chunks=350000 bytes=716800000 progress=71.68% BPC=0.6996 rate=8.75% top100=97.01%
chunks=350050 bytes=716902400 progress=71.69% BPC=0.6996 rate=8.75% top100=97.01%
chunks=350100 bytes=717004800 progress=71.70% BPC=0.6996 rate=8.75% top100=97.01%
chunks=350150 bytes=717107200 progress=71.71% BPC=0.6996 rate=8.75% top100=97.01%
chunks=350200 bytes=717209600 progress=71.72% BPC=0.6996 rate=8.75% top100=97.01%
chunks=350250 bytes=717312000 progress=71.73% BPC=0.6996 rate=8.75% top100=97.01%
chunks=350300 bytes=717414400 progress=71.74% BPC=0.6996 rate=8.75% top100=97.01%
chunks=350350 bytes=717516800 progress=71.75% BPC=0.6997 rate=8.75% top100=97.01%
chunks=350400 bytes=717619200 progress=71.76% BPC=0.6997 rate=8.75% top100=97.01%
chunks=350450 bytes=717721600 progress=71.77% BPC=0.6997 rate=8.75% top100=97.01%
chunks=350500 bytes=717824000 progress=71.78% BPC=0.6997 rate=8.75% top100=97.01%
chunks=350550 bytes=717926400 progress=71.79% BPC=0.6997 rate=8.75% top100=97.01%
chunks=350600 bytes=718028800 progress=71.80% BPC=0.6997 rate=8.75% top100=97.01%
chunks=350650 bytes=718131200 progress=71.81% BPC=0.6997 rate=8.75% top100=97.01%
chunks=350700 bytes=718233600 progress=71.82% BPC=0.6997 rate=8.75% top100=97.01%
chunks=350750 bytes=718336000 progress=71.83% BPC=0.6998 rate=8.75% top100=97.01%
chunks=350800 bytes=718438400 progress=71.84% BPC=0.6998 rate=8.75% top100=97.01%
chunks=350850 bytes=718540800 progress=71.85% BPC=0.6998 rate=8.75% top100=97.01%
chunks=350900 bytes=718643200 progress=71.86% BPC=0.6998 rate=8.75% top100=97.01%
chunks=350950 bytes=718745600 progress=71.87% BPC=0.6998 rate=8.75% top100=97.01%
chunks=351000 bytes=718848000 progress=71.88% BPC=0.6998 rate=8.75% top100=97.01%
chunks=351050 bytes=718950400 progress=71.90% BPC=0.6998 rate=8.75% top100=97.01%
chunks=351100 bytes=719052800 progress=71.91% BPC=0.6998 rate=8.75% top100=97.01%
chunks=351150 bytes=719155200 progress=71.92% BPC=0.6998 rate=8.75% top100=97.01%
chunks=351200 bytes=719257600 progress=71.93% BPC=0.6998 rate=8.75% top100=97.01%
chunks=351250 bytes=719360000 progress=71.94% BPC=0.6999 rate=8.75% top100=97.01%
chunks=351300 bytes=719462400 progress=71.95% BPC=0.6998 rate=8.75% top100=97.01%
chunks=351350 bytes=719564800 progress=71.96% BPC=0.6999 rate=8.75% top100=97.01%
chunks=351400 bytes=719667200 progress=71.97% BPC=0.6999 rate=8.75% top100=97.01%
chunks=351450 bytes=719769600 progress=71.98% BPC=0.6999 rate=8.75% top100=97.01%
chunks=351500 bytes=719872000 progress=71.99% BPC=0.6999 rate=8.75% top100=97.01%
chunks=351550 bytes=719974400 progress=72.00% BPC=0.6999 rate=8.75% top100=97.00%
chunks=351600 bytes=720076800 progress=72.01% BPC=0.6999 rate=8.75% top100=97.00%
chunks=351650 bytes=720179200 progress=72.02% BPC=0.6999 rate=8.75% top100=97.00%
chunks=351700 bytes=720281600 progress=72.03% BPC=0.6999 rate=8.75% top100=97.01%
chunks=351750 bytes=720384000 progress=72.04% BPC=0.6999 rate=8.75% top100=97.01%
chunks=351800 bytes=720486400 progress=72.05% BPC=0.6999 rate=8.75% top100=97.00%
chunks=351850 bytes=720588800 progress=72.06% BPC=0.6999 rate=8.75% top100=97.00%
chunks=351900 bytes=720691200 progress=72.07% BPC=0.6999 rate=8.75% top100=97.00%
chunks=351950 bytes=720793600 progress=72.08% BPC=0.6999 rate=8.75% top100=97.00%
chunks=352000 bytes=720896000 progress=72.09% BPC=0.6999 rate=8.75% top100=97.00%
chunks=352050 bytes=720998400 progress=72.10% BPC=0.6999 rate=8.75% top100=97.00%
chunks=352100 bytes=721100800 progress=72.11% BPC=0.6999 rate=8.75% top100=97.00%
chunks=352150 bytes=721203200 progress=72.12% BPC=0.6999 rate=8.75% top100=97.00%
chunks=352200 bytes=721305600 progress=72.13% BPC=0.6999 rate=8.75% top100=97.00%
chunks=352250 bytes=721408000 progress=72.14% BPC=0.6999 rate=8.75% top100=97.00%
chunks=352300 bytes=721510400 progress=72.15% BPC=0.6999 rate=8.75% top100=97.00%
chunks=352350 bytes=721612800 progress=72.16% BPC=0.7000 rate=8.75% top100=97.00%
chunks=352400 bytes=721715200 progress=72.17% BPC=0.7000 rate=8.75% top100=97.00%
chunks=352450 bytes=721817600 progress=72.18% BPC=0.7000 rate=8.75% top100=97.00%
chunks=352500 bytes=721920000 progress=72.19% BPC=0.7000 rate=8.75% top100=97.00%
chunks=352550 bytes=722022400 progress=72.20% BPC=0.7000 rate=8.75% top100=97.00%
chunks=352600 bytes=722124800 progress=72.21% BPC=0.7000 rate=8.75% top100=97.00%
chunks=352650 bytes=722227200 progress=72.22% BPC=0.7000 rate=8.75% top100=97.00%
chunks=352700 bytes=722329600 progress=72.23% BPC=0.7000 rate=8.75% top100=97.00%
chunks=352750 bytes=722432000 progress=72.24% BPC=0.7000 rate=8.75% top100=97.00%
chunks=352800 bytes=722534400 progress=72.25% BPC=0.7000 rate=8.75% top100=97.00%
chunks=352850 bytes=722636800 progress=72.26% BPC=0.7001 rate=8.75% top100=97.00%
chunks=352900 bytes=722739200 progress=72.27% BPC=0.7001 rate=8.75% top100=97.00%
chunks=352950 bytes=722841600 progress=72.28% BPC=0.7001 rate=8.75% top100=97.00%
chunks=353000 bytes=722944000 progress=72.29% BPC=0.7001 rate=8.75% top100=97.00%
chunks=353050 bytes=723046400 progress=72.30% BPC=0.7001 rate=8.75% top100=97.00%
chunks=353100 bytes=723148800 progress=72.31% BPC=0.7001 rate=8.75% top100=97.00%
chunks=353150 bytes=723251200 progress=72.33% BPC=0.7001 rate=8.75% top100=97.00%
chunks=353200 bytes=723353600 progress=72.34% BPC=0.7001 rate=8.75% top100=97.00%
chunks=353250 bytes=723456000 progress=72.35% BPC=0.7001 rate=8.75% top100=97.00%
chunks=353300 bytes=723558400 progress=72.36% BPC=0.7001 rate=8.75% top100=97.00%
chunks=353350 bytes=723660800 progress=72.37% BPC=0.7001 rate=8.75% top100=97.00%
chunks=353400 bytes=723763200 progress=72.38% BPC=0.7001 rate=8.75% top100=97.00%
chunks=353450 bytes=723865600 progress=72.39% BPC=0.7001 rate=8.75% top100=97.00%
chunks=353500 bytes=723968000 progress=72.40% BPC=0.7001 rate=8.75% top100=97.00%
chunks=353550 bytes=724070400 progress=72.41% BPC=0.7001 rate=8.75% top100=97.00%
chunks=353600 bytes=724172800 progress=72.42% BPC=0.7001 rate=8.75% top100=97.00%
chunks=353650 bytes=724275200 progress=72.43% BPC=0.7000 rate=8.75% top100=97.00%
chunks=353700 bytes=724377600 progress=72.44% BPC=0.7000 rate=8.75% top100=97.00%
chunks=353750 bytes=724480000 progress=72.45% BPC=0.7000 rate=8.75% top100=97.00%
chunks=353800 bytes=724582400 progress=72.46% BPC=0.7000 rate=8.75% top100=97.00%
chunks=353850 bytes=724684800 progress=72.47% BPC=0.7000 rate=8.75% top100=97.00%
chunks=353900 bytes=724787200 progress=72.48% BPC=0.7000 rate=8.75% top100=97.00%
chunks=353950 bytes=724889600 progress=72.49% BPC=0.7000 rate=8.75% top100=97.00%
chunks=354000 bytes=724992000 progress=72.50% BPC=0.7000 rate=8.75% top100=97.00%
chunks=354050 bytes=725094400 progress=72.51% BPC=0.7001 rate=8.75% top100=97.00%
chunks=354100 bytes=725196800 progress=72.52% BPC=0.7001 rate=8.75% top100=97.00%
chunks=354150 bytes=725299200 progress=72.53% BPC=0.7001 rate=8.75% top100=97.00%
chunks=354200 bytes=725401600 progress=72.54% BPC=0.7001 rate=8.75% top100=97.00%
chunks=354250 bytes=725504000 progress=72.55% BPC=0.7001 rate=8.75% top100=97.00%
chunks=354300 bytes=725606400 progress=72.56% BPC=0.7001 rate=8.75% top100=97.00%
chunks=354350 bytes=725708800 progress=72.57% BPC=0.7001 rate=8.75% top100=97.00%
chunks=354400 bytes=725811200 progress=72.58% BPC=0.7001 rate=8.75% top100=97.00%
chunks=354450 bytes=725913600 progress=72.59% BPC=0.7001 rate=8.75% top100=97.00%
chunks=354500 bytes=726016000 progress=72.60% BPC=0.7001 rate=8.75% top100=97.00%
chunks=354550 bytes=726118400 progress=72.61% BPC=0.7001 rate=8.75% top100=97.00%
chunks=354600 bytes=726220800 progress=72.62% BPC=0.7001 rate=8.75% top100=97.00%
chunks=354650 bytes=726323200 progress=72.63% BPC=0.7001 rate=8.75% top100=97.00%
chunks=354700 bytes=726425600 progress=72.64% BPC=0.7001 rate=8.75% top100=97.00%
chunks=354750 bytes=726528000 progress=72.65% BPC=0.7000 rate=8.75% top100=97.00%
chunks=354800 bytes=726630400 progress=72.66% BPC=0.7000 rate=8.75% top100=97.00%
chunks=354850 bytes=726732800 progress=72.67% BPC=0.7000 rate=8.75% top100=97.00%
chunks=354900 bytes=726835200 progress=72.68% BPC=0.7000 rate=8.75% top100=97.00%
chunks=354950 bytes=726937600 progress=72.69% BPC=0.7000 rate=8.75% top100=97.00%
chunks=355000 bytes=727040000 progress=72.70% BPC=0.7000 rate=8.75% top100=97.00%
chunks=355050 bytes=727142400 progress=72.71% BPC=0.7000 rate=8.75% top100=97.00%
chunks=355100 bytes=727244800 progress=72.72% BPC=0.7000 rate=8.75% top100=97.00%
chunks=355150 bytes=727347200 progress=72.73% BPC=0.7000 rate=8.75% top100=97.00%
chunks=355200 bytes=727449600 progress=72.74% BPC=0.7000 rate=8.75% top100=97.00%
chunks=355250 bytes=727552000 progress=72.76% BPC=0.7000 rate=8.75% top100=97.00%
chunks=355300 bytes=727654400 progress=72.77% BPC=0.7000 rate=8.75% top100=97.00%
chunks=355350 bytes=727756800 progress=72.78% BPC=0.7000 rate=8.75% top100=97.00%
chunks=355400 bytes=727859200 progress=72.79% BPC=0.7000 rate=8.75% top100=97.00%
chunks=355450 bytes=727961600 progress=72.80% BPC=0.7000 rate=8.75% top100=97.00%
chunks=355500 bytes=728064000 progress=72.81% BPC=0.7001 rate=8.75% top100=97.00%
chunks=355550 bytes=728166400 progress=72.82% BPC=0.7001 rate=8.75% top100=97.00%
chunks=355600 bytes=728268800 progress=72.83% BPC=0.7001 rate=8.75% top100=97.00%
chunks=355650 bytes=728371200 progress=72.84% BPC=0.7001 rate=8.75% top100=97.00%
chunks=355700 bytes=728473600 progress=72.85% BPC=0.7001 rate=8.75% top100=97.00%
chunks=355750 bytes=728576000 progress=72.86% BPC=0.7001 rate=8.75% top100=97.00%
chunks=355800 bytes=728678400 progress=72.87% BPC=0.7001 rate=8.75% top100=97.00%
chunks=355850 bytes=728780800 progress=72.88% BPC=0.7001 rate=8.75% top100=97.00%
chunks=355900 bytes=728883200 progress=72.89% BPC=0.7001 rate=8.75% top100=97.00%
chunks=355950 bytes=728985600 progress=72.90% BPC=0.7001 rate=8.75% top100=97.00%
chunks=356000 bytes=729088000 progress=72.91% BPC=0.7001 rate=8.75% top100=97.00%
chunks=356050 bytes=729190400 progress=72.92% BPC=0.7002 rate=8.75% top100=97.00%
chunks=356100 bytes=729292800 progress=72.93% BPC=0.7002 rate=8.75% top100=97.00%
chunks=356150 bytes=729395200 progress=72.94% BPC=0.7002 rate=8.75% top100=97.00%
chunks=356200 bytes=729497600 progress=72.95% BPC=0.7002 rate=8.75% top100=97.00%
chunks=356250 bytes=729600000 progress=72.96% BPC=0.7002 rate=8.75% top100=97.00%
chunks=356300 bytes=729702400 progress=72.97% BPC=0.7002 rate=8.75% top100=97.00%
chunks=356350 bytes=729804800 progress=72.98% BPC=0.7002 rate=8.75% top100=97.00%
chunks=356400 bytes=729907200 progress=72.99% BPC=0.7002 rate=8.75% top100=97.00%
chunks=356450 bytes=730009600 progress=73.00% BPC=0.7002 rate=8.75% top100=97.00%
chunks=356500 bytes=730112000 progress=73.01% BPC=0.7002 rate=8.75% top100=97.00%
chunks=356550 bytes=730214400 progress=73.02% BPC=0.7002 rate=8.75% top100=97.00%
chunks=356600 bytes=730316800 progress=73.03% BPC=0.7002 rate=8.75% top100=97.00%
chunks=356650 bytes=730419200 progress=73.04% BPC=0.7002 rate=8.75% top100=97.00%
chunks=356700 bytes=730521600 progress=73.05% BPC=0.7002 rate=8.75% top100=97.00%
chunks=356750 bytes=730624000 progress=73.06% BPC=0.7002 rate=8.75% top100=97.00%
chunks=356800 bytes=730726400 progress=73.07% BPC=0.7002 rate=8.75% top100=97.00%
chunks=356850 bytes=730828800 progress=73.08% BPC=0.7002 rate=8.75% top100=97.00%
chunks=356900 bytes=730931200 progress=73.09% BPC=0.7002 rate=8.75% top100=97.00%
chunks=356950 bytes=731033600 progress=73.10% BPC=0.7002 rate=8.75% top100=97.00%
chunks=357000 bytes=731136000 progress=73.11% BPC=0.7003 rate=8.75% top100=97.00%
chunks=357050 bytes=731238400 progress=73.12% BPC=0.7003 rate=8.75% top100=97.00%
chunks=357100 bytes=731340800 progress=73.13% BPC=0.7003 rate=8.75% top100=97.00%
chunks=357150 bytes=731443200 progress=73.14% BPC=0.7004 rate=8.75% top100=97.00%
chunks=357200 bytes=731545600 progress=73.15% BPC=0.7004 rate=8.75% top100=97.00%
chunks=357250 bytes=731648000 progress=73.16% BPC=0.7004 rate=8.75% top100=97.00%
chunks=357300 bytes=731750400 progress=73.18% BPC=0.7004 rate=8.75% top100=97.00%
chunks=357350 bytes=731852800 progress=73.19% BPC=0.7004 rate=8.75% top100=97.00%
chunks=357400 bytes=731955200 progress=73.20% BPC=0.7004 rate=8.75% top100=97.00%
chunks=357450 bytes=732057600 progress=73.21% BPC=0.7004 rate=8.75% top100=97.00%
chunks=357500 bytes=732160000 progress=73.22% BPC=0.7004 rate=8.75% top100=97.00%
chunks=357550 bytes=732262400 progress=73.23% BPC=0.7004 rate=8.75% top100=97.00%
chunks=357600 bytes=732364800 progress=73.24% BPC=0.7004 rate=8.75% top100=97.00%
chunks=357650 bytes=732467200 progress=73.25% BPC=0.7004 rate=8.75% top100=97.00%
chunks=357700 bytes=732569600 progress=73.26% BPC=0.7004 rate=8.75% top100=97.00%
chunks=357750 bytes=732672000 progress=73.27% BPC=0.7004 rate=8.75% top100=97.00%
chunks=357800 bytes=732774400 progress=73.28% BPC=0.7004 rate=8.75% top100=97.00%
chunks=357850 bytes=732876800 progress=73.29% BPC=0.7004 rate=8.75% top100=97.00%
chunks=357900 bytes=732979200 progress=73.30% BPC=0.7004 rate=8.75% top100=97.00%
chunks=357950 bytes=733081600 progress=73.31% BPC=0.7004 rate=8.75% top100=97.00%
chunks=358000 bytes=733184000 progress=73.32% BPC=0.7004 rate=8.76% top100=97.00%
chunks=358050 bytes=733286400 progress=73.33% BPC=0.7004 rate=8.76% top100=97.00%
chunks=358100 bytes=733388800 progress=73.34% BPC=0.7004 rate=8.76% top100=97.00%
chunks=358150 bytes=733491200 progress=73.35% BPC=0.7004 rate=8.76% top100=97.00%
chunks=358200 bytes=733593600 progress=73.36% BPC=0.7004 rate=8.76% top100=97.00%
chunks=358250 bytes=733696000 progress=73.37% BPC=0.7004 rate=8.76% top100=97.00%
chunks=358300 bytes=733798400 progress=73.38% BPC=0.7004 rate=8.76% top100=97.00%
chunks=358350 bytes=733900800 progress=73.39% BPC=0.7004 rate=8.76% top100=97.00%
chunks=358400 bytes=734003200 progress=73.40% BPC=0.7004 rate=8.76% top100=97.00%
chunks=358450 bytes=734105600 progress=73.41% BPC=0.7004 rate=8.75% top100=97.00%
chunks=358500 bytes=734208000 progress=73.42% BPC=0.7004 rate=8.75% top100=97.00%
chunks=358550 bytes=734310400 progress=73.43% BPC=0.7004 rate=8.75% top100=97.00%
chunks=358600 bytes=734412800 progress=73.44% BPC=0.7004 rate=8.76% top100=97.00%
chunks=358650 bytes=734515200 progress=73.45% BPC=0.7004 rate=8.76% top100=97.00%
chunks=358700 bytes=734617600 progress=73.46% BPC=0.7004 rate=8.76% top100=97.00%
chunks=358750 bytes=734720000 progress=73.47% BPC=0.7004 rate=8.76% top100=97.00%
chunks=358800 bytes=734822400 progress=73.48% BPC=0.7004 rate=8.76% top100=97.00%
chunks=358850 bytes=734924800 progress=73.49% BPC=0.7004 rate=8.76% top100=97.00%
chunks=358900 bytes=735027200 progress=73.50% BPC=0.7004 rate=8.76% top100=97.00%
chunks=358950 bytes=735129600 progress=73.51% BPC=0.7005 rate=8.76% top100=97.00%
chunks=359000 bytes=735232000 progress=73.52% BPC=0.7005 rate=8.76% top100=97.00%
chunks=359050 bytes=735334400 progress=73.53% BPC=0.7005 rate=8.76% top100=97.00%
chunks=359100 bytes=735436800 progress=73.54% BPC=0.7005 rate=8.76% top100=97.00%
chunks=359150 bytes=735539200 progress=73.55% BPC=0.7005 rate=8.76% top100=97.00%
chunks=359200 bytes=735641600 progress=73.56% BPC=0.7005 rate=8.76% top100=97.00%
chunks=359250 bytes=735744000 progress=73.57% BPC=0.7005 rate=8.76% top100=97.00%
chunks=359300 bytes=735846400 progress=73.58% BPC=0.7005 rate=8.76% top100=97.00%
chunks=359350 bytes=735948800 progress=73.59% BPC=0.7005 rate=8.76% top100=97.00%
chunks=359400 bytes=736051200 progress=73.61% BPC=0.7005 rate=8.76% top100=97.00%
chunks=359450 bytes=736153600 progress=73.62% BPC=0.7005 rate=8.76% top100=97.00%
chunks=359500 bytes=736256000 progress=73.63% BPC=0.7005 rate=8.76% top100=97.00%
chunks=359550 bytes=736358400 progress=73.64% BPC=0.7006 rate=8.76% top100=97.00%
chunks=359600 bytes=736460800 progress=73.65% BPC=0.7006 rate=8.76% top100=97.00%
chunks=359650 bytes=736563200 progress=73.66% BPC=0.7006 rate=8.76% top100=97.00%
chunks=359700 bytes=736665600 progress=73.67% BPC=0.7006 rate=8.76% top100=97.00%
chunks=359750 bytes=736768000 progress=73.68% BPC=0.7006 rate=8.76% top100=97.00%
chunks=359800 bytes=736870400 progress=73.69% BPC=0.7006 rate=8.76% top100=97.00%
chunks=359850 bytes=736972800 progress=73.70% BPC=0.7006 rate=8.76% top100=97.00%
chunks=359900 bytes=737075200 progress=73.71% BPC=0.7006 rate=8.76% top100=97.00%
chunks=359950 bytes=737177600 progress=73.72% BPC=0.7006 rate=8.76% top100=97.00%
chunks=360000 bytes=737280000 progress=73.73% BPC=0.7007 rate=8.76% top100=97.00%
chunks=360050 bytes=737382400 progress=73.74% BPC=0.7007 rate=8.76% top100=97.00%
chunks=360100 bytes=737484800 progress=73.75% BPC=0.7007 rate=8.76% top100=97.00%
chunks=360150 bytes=737587200 progress=73.76% BPC=0.7007 rate=8.76% top100=97.00%
chunks=360200 bytes=737689600 progress=73.77% BPC=0.7007 rate=8.76% top100=97.00%
chunks=360250 bytes=737792000 progress=73.78% BPC=0.7007 rate=8.76% top100=97.00%
chunks=360300 bytes=737894400 progress=73.79% BPC=0.7007 rate=8.76% top100=97.00%
chunks=360350 bytes=737996800 progress=73.80% BPC=0.7007 rate=8.76% top100=97.00%
chunks=360400 bytes=738099200 progress=73.81% BPC=0.7007 rate=8.76% top100=97.00%
chunks=360450 bytes=738201600 progress=73.82% BPC=0.7007 rate=8.76% top100=97.00%
chunks=360500 bytes=738304000 progress=73.83% BPC=0.7007 rate=8.76% top100=97.00%
chunks=360550 bytes=738406400 progress=73.84% BPC=0.7007 rate=8.76% top100=97.00%
chunks=360600 bytes=738508800 progress=73.85% BPC=0.7007 rate=8.76% top100=97.00%
chunks=360650 bytes=738611200 progress=73.86% BPC=0.7007 rate=8.76% top100=97.00%
chunks=360700 bytes=738713600 progress=73.87% BPC=0.7008 rate=8.76% top100=97.00%
chunks=360750 bytes=738816000 progress=73.88% BPC=0.7008 rate=8.76% top100=97.00%
chunks=360800 bytes=738918400 progress=73.89% BPC=0.7008 rate=8.76% top100=97.00%
chunks=360850 bytes=739020800 progress=73.90% BPC=0.7008 rate=8.76% top100=97.00%
chunks=360900 bytes=739123200 progress=73.91% BPC=0.7008 rate=8.76% top100=97.00%
chunks=360950 bytes=739225600 progress=73.92% BPC=0.7008 rate=8.76% top100=97.00%
chunks=361000 bytes=739328000 progress=73.93% BPC=0.7008 rate=8.76% top100=97.00%
chunks=361050 bytes=739430400 progress=73.94% BPC=0.7008 rate=8.76% top100=97.00%
chunks=361100 bytes=739532800 progress=73.95% BPC=0.7008 rate=8.76% top100=97.00%
chunks=361150 bytes=739635200 progress=73.96% BPC=0.7008 rate=8.76% top100=97.00%
chunks=361200 bytes=739737600 progress=73.97% BPC=0.7008 rate=8.76% top100=97.00%
chunks=361250 bytes=739840000 progress=73.98% BPC=0.7008 rate=8.76% top100=97.00%
chunks=361300 bytes=739942400 progress=73.99% BPC=0.7008 rate=8.76% top100=97.00%
chunks=361350 bytes=740044800 progress=74.00% BPC=0.7008 rate=8.76% top100=97.00%
chunks=361400 bytes=740147200 progress=74.01% BPC=0.7008 rate=8.76% top100=97.00%
chunks=361450 bytes=740249600 progress=74.02% BPC=0.7009 rate=8.76% top100=97.00%
chunks=361500 bytes=740352000 progress=74.04% BPC=0.7009 rate=8.76% top100=97.00%
chunks=361550 bytes=740454400 progress=74.05% BPC=0.7009 rate=8.76% top100=97.00%
chunks=361600 bytes=740556800 progress=74.06% BPC=0.7009 rate=8.76% top100=97.00%
chunks=361650 bytes=740659200 progress=74.07% BPC=0.7009 rate=8.76% top100=97.00%
chunks=361700 bytes=740761600 progress=74.08% BPC=0.7008 rate=8.76% top100=97.00%
chunks=361750 bytes=740864000 progress=74.09% BPC=0.7009 rate=8.76% top100=97.00%
chunks=361800 bytes=740966400 progress=74.10% BPC=0.7008 rate=8.76% top100=97.00%
chunks=361850 bytes=741068800 progress=74.11% BPC=0.7008 rate=8.76% top100=97.00%
chunks=361900 bytes=741171200 progress=74.12% BPC=0.7008 rate=8.76% top100=97.00%
chunks=361950 bytes=741273600 progress=74.13% BPC=0.7008 rate=8.76% top100=97.00%
chunks=362000 bytes=741376000 progress=74.14% BPC=0.7008 rate=8.76% top100=97.00%
chunks=362050 bytes=741478400 progress=74.15% BPC=0.7008 rate=8.76% top100=97.00%
chunks=362100 bytes=741580800 progress=74.16% BPC=0.7008 rate=8.76% top100=97.00%
chunks=362150 bytes=741683200 progress=74.17% BPC=0.7008 rate=8.76% top100=97.00%
chunks=362200 bytes=741785600 progress=74.18% BPC=0.7008 rate=8.76% top100=97.00%
chunks=362250 bytes=741888000 progress=74.19% BPC=0.7008 rate=8.76% top100=97.00%
chunks=362300 bytes=741990400 progress=74.20% BPC=0.7008 rate=8.76% top100=97.00%
chunks=362350 bytes=742092800 progress=74.21% BPC=0.7008 rate=8.76% top100=97.00%
chunks=362400 bytes=742195200 progress=74.22% BPC=0.7008 rate=8.76% top100=97.00%
chunks=362450 bytes=742297600 progress=74.23% BPC=0.7008 rate=8.76% top100=97.00%
chunks=362500 bytes=742400000 progress=74.24% BPC=0.7008 rate=8.76% top100=97.00%
chunks=362550 bytes=742502400 progress=74.25% BPC=0.7008 rate=8.76% top100=97.00%
chunks=362600 bytes=742604800 progress=74.26% BPC=0.7008 rate=8.76% top100=97.00%
chunks=362650 bytes=742707200 progress=74.27% BPC=0.7008 rate=8.76% top100=97.00%
chunks=362700 bytes=742809600 progress=74.28% BPC=0.7008 rate=8.76% top100=97.00%
chunks=362750 bytes=742912000 progress=74.29% BPC=0.7008 rate=8.76% top100=97.00%
chunks=362800 bytes=743014400 progress=74.30% BPC=0.7008 rate=8.76% top100=97.00%
chunks=362850 bytes=743116800 progress=74.31% BPC=0.7009 rate=8.76% top100=97.00%
chunks=362900 bytes=743219200 progress=74.32% BPC=0.7009 rate=8.76% top100=97.00%
chunks=362950 bytes=743321600 progress=74.33% BPC=0.7009 rate=8.76% top100=97.00%
chunks=363000 bytes=743424000 progress=74.34% BPC=0.7009 rate=8.76% top100=97.00%
chunks=363050 bytes=743526400 progress=74.35% BPC=0.7009 rate=8.76% top100=97.00%
chunks=363100 bytes=743628800 progress=74.36% BPC=0.7009 rate=8.76% top100=97.00%
chunks=363150 bytes=743731200 progress=74.37% BPC=0.7009 rate=8.76% top100=97.00%
chunks=363200 bytes=743833600 progress=74.38% BPC=0.7009 rate=8.76% top100=97.00%
chunks=363250 bytes=743936000 progress=74.39% BPC=0.7009 rate=8.76% top100=97.00%
chunks=363300 bytes=744038400 progress=74.40% BPC=0.7009 rate=8.76% top100=97.00%
chunks=363350 bytes=744140800 progress=74.41% BPC=0.7009 rate=8.76% top100=97.00%
chunks=363400 bytes=744243200 progress=74.42% BPC=0.7009 rate=8.76% top100=97.00%
chunks=363450 bytes=744345600 progress=74.43% BPC=0.7009 rate=8.76% top100=97.00%
chunks=363500 bytes=744448000 progress=74.44% BPC=0.7009 rate=8.76% top100=97.00%
chunks=363550 bytes=744550400 progress=74.46% BPC=0.7009 rate=8.76% top100=97.00%
chunks=363600 bytes=744652800 progress=74.47% BPC=0.7009 rate=8.76% top100=97.00%
chunks=363650 bytes=744755200 progress=74.48% BPC=0.7009 rate=8.76% top100=97.00%
chunks=363700 bytes=744857600 progress=74.49% BPC=0.7009 rate=8.76% top100=97.00%
chunks=363750 bytes=744960000 progress=74.50% BPC=0.7009 rate=8.76% top100=97.00%
chunks=363800 bytes=745062400 progress=74.51% BPC=0.7009 rate=8.76% top100=97.00%
chunks=363850 bytes=745164800 progress=74.52% BPC=0.7009 rate=8.76% top100=97.00%
chunks=363900 bytes=745267200 progress=74.53% BPC=0.7009 rate=8.76% top100=97.00%
chunks=363950 bytes=745369600 progress=74.54% BPC=0.7010 rate=8.76% top100=97.00%
chunks=364000 bytes=745472000 progress=74.55% BPC=0.7010 rate=8.76% top100=97.00%
chunks=364050 bytes=745574400 progress=74.56% BPC=0.7010 rate=8.76% top100=97.00%
chunks=364100 bytes=745676800 progress=74.57% BPC=0.7009 rate=8.76% top100=97.00%
chunks=364150 bytes=745779200 progress=74.58% BPC=0.7009 rate=8.76% top100=97.00%
chunks=364200 bytes=745881600 progress=74.59% BPC=0.7010 rate=8.76% top100=97.00%
chunks=364250 bytes=745984000 progress=74.60% BPC=0.7010 rate=8.76% top100=97.00%
chunks=364300 bytes=746086400 progress=74.61% BPC=0.7010 rate=8.76% top100=97.00%
chunks=364350 bytes=746188800 progress=74.62% BPC=0.7010 rate=8.76% top100=97.00%
chunks=364400 bytes=746291200 progress=74.63% BPC=0.7010 rate=8.76% top100=97.00%
chunks=364450 bytes=746393600 progress=74.64% BPC=0.7010 rate=8.76% top100=97.00%
chunks=364500 bytes=746496000 progress=74.65% BPC=0.7010 rate=8.76% top100=97.00%
chunks=364550 bytes=746598400 progress=74.66% BPC=0.7010 rate=8.76% top100=97.00%
chunks=364600 bytes=746700800 progress=74.67% BPC=0.7010 rate=8.76% top100=97.00%
chunks=364650 bytes=746803200 progress=74.68% BPC=0.7010 rate=8.76% top100=97.00%
chunks=364700 bytes=746905600 progress=74.69% BPC=0.7010 rate=8.76% top100=97.00%
chunks=364750 bytes=747008000 progress=74.70% BPC=0.7010 rate=8.76% top100=97.00%
chunks=364800 bytes=747110400 progress=74.71% BPC=0.7010 rate=8.76% top100=97.00%
chunks=364850 bytes=747212800 progress=74.72% BPC=0.7010 rate=8.76% top100=97.00%
chunks=364900 bytes=747315200 progress=74.73% BPC=0.7010 rate=8.76% top100=97.00%
chunks=364950 bytes=747417600 progress=74.74% BPC=0.7010 rate=8.76% top100=97.00%
chunks=365000 bytes=747520000 progress=74.75% BPC=0.7011 rate=8.76% top100=97.00%
chunks=365050 bytes=747622400 progress=74.76% BPC=0.7011 rate=8.76% top100=97.00%
chunks=365100 bytes=747724800 progress=74.77% BPC=0.7011 rate=8.76% top100=97.00%
chunks=365150 bytes=747827200 progress=74.78% BPC=0.7011 rate=8.76% top100=97.00%
chunks=365200 bytes=747929600 progress=74.79% BPC=0.7011 rate=8.76% top100=97.00%
chunks=365250 bytes=748032000 progress=74.80% BPC=0.7011 rate=8.76% top100=97.00%
chunks=365300 bytes=748134400 progress=74.81% BPC=0.7011 rate=8.76% top100=97.00%
chunks=365350 bytes=748236800 progress=74.82% BPC=0.7011 rate=8.76% top100=97.00%
chunks=365400 bytes=748339200 progress=74.83% BPC=0.7011 rate=8.76% top100=97.00%
chunks=365450 bytes=748441600 progress=74.84% BPC=0.7011 rate=8.76% top100=97.00%
chunks=365500 bytes=748544000 progress=74.85% BPC=0.7011 rate=8.76% top100=97.00%
chunks=365550 bytes=748646400 progress=74.86% BPC=0.7011 rate=8.76% top100=97.00%
chunks=365600 bytes=748748800 progress=74.87% BPC=0.7011 rate=8.76% top100=97.00%
chunks=365650 bytes=748851200 progress=74.89% BPC=0.7012 rate=8.76% top100=97.00%
chunks=365700 bytes=748953600 progress=74.90% BPC=0.7012 rate=8.76% top100=97.00%
chunks=365750 bytes=749056000 progress=74.91% BPC=0.7012 rate=8.76% top100=97.00%
chunks=365800 bytes=749158400 progress=74.92% BPC=0.7012 rate=8.76% top100=97.00%
chunks=365850 bytes=749260800 progress=74.93% BPC=0.7012 rate=8.76% top100=97.00%
chunks=365900 bytes=749363200 progress=74.94% BPC=0.7012 rate=8.76% top100=97.00%
chunks=365950 bytes=749465600 progress=74.95% BPC=0.7012 rate=8.77% top100=97.00%
chunks=366000 bytes=749568000 progress=74.96% BPC=0.7012 rate=8.77% top100=97.00%
chunks=366050 bytes=749670400 progress=74.97% BPC=0.7012 rate=8.77% top100=97.00%
chunks=366100 bytes=749772800 progress=74.98% BPC=0.7012 rate=8.77% top100=97.00%
chunks=366150 bytes=749875200 progress=74.99% BPC=0.7012 rate=8.77% top100=97.00%
chunks=366200 bytes=749977600 progress=75.00% BPC=0.7012 rate=8.77% top100=97.00%
chunks=366250 bytes=750080000 progress=75.01% BPC=0.7012 rate=8.77% top100=97.00%
chunks=366300 bytes=750182400 progress=75.02% BPC=0.7013 rate=8.77% top100=97.00%
chunks=366350 bytes=750284800 progress=75.03% BPC=0.7013 rate=8.77% top100=97.00%
chunks=366400 bytes=750387200 progress=75.04% BPC=0.7013 rate=8.77% top100=97.00%
chunks=366450 bytes=750489600 progress=75.05% BPC=0.7013 rate=8.77% top100=97.00%
chunks=366500 bytes=750592000 progress=75.06% BPC=0.7013 rate=8.77% top100=97.00%
chunks=366550 bytes=750694400 progress=75.07% BPC=0.7013 rate=8.77% top100=97.00%
chunks=366600 bytes=750796800 progress=75.08% BPC=0.7013 rate=8.77% top100=97.00%
chunks=366650 bytes=750899200 progress=75.09% BPC=0.7013 rate=8.77% top100=97.00%
chunks=366700 bytes=751001600 progress=75.10% BPC=0.7013 rate=8.77% top100=97.00%
chunks=366750 bytes=751104000 progress=75.11% BPC=0.7013 rate=8.77% top100=97.00%
chunks=366800 bytes=751206400 progress=75.12% BPC=0.7013 rate=8.77% top100=97.00%
chunks=366850 bytes=751308800 progress=75.13% BPC=0.7013 rate=8.77% top100=97.00%
chunks=366900 bytes=751411200 progress=75.14% BPC=0.7013 rate=8.77% top100=97.00%
chunks=366950 bytes=751513600 progress=75.15% BPC=0.7013 rate=8.77% top100=97.00%
chunks=367000 bytes=751616000 progress=75.16% BPC=0.7013 rate=8.77% top100=97.00%
chunks=367050 bytes=751718400 progress=75.17% BPC=0.7013 rate=8.77% top100=97.00%
chunks=367100 bytes=751820800 progress=75.18% BPC=0.7013 rate=8.77% top100=97.00%
chunks=367150 bytes=751923200 progress=75.19% BPC=0.7013 rate=8.77% top100=97.00%
chunks=367200 bytes=752025600 progress=75.20% BPC=0.7013 rate=8.77% top100=97.00%
chunks=367250 bytes=752128000 progress=75.21% BPC=0.7014 rate=8.77% top100=97.00%
chunks=367300 bytes=752230400 progress=75.22% BPC=0.7014 rate=8.77% top100=96.99%
chunks=367350 bytes=752332800 progress=75.23% BPC=0.7014 rate=8.77% top100=96.99%
chunks=367400 bytes=752435200 progress=75.24% BPC=0.7014 rate=8.77% top100=96.99%
chunks=367450 bytes=752537600 progress=75.25% BPC=0.7014 rate=8.77% top100=96.99%
chunks=367500 bytes=752640000 progress=75.26% BPC=0.7014 rate=8.77% top100=96.99%
chunks=367550 bytes=752742400 progress=75.27% BPC=0.7014 rate=8.77% top100=96.99%
chunks=367600 bytes=752844800 progress=75.28% BPC=0.7014 rate=8.77% top100=96.99%
chunks=367650 bytes=752947200 progress=75.29% BPC=0.7014 rate=8.77% top100=96.99%
chunks=367700 bytes=753049600 progress=75.30% BPC=0.7014 rate=8.77% top100=96.99%
chunks=367750 bytes=753152000 progress=75.32% BPC=0.7014 rate=8.77% top100=96.99%
chunks=367800 bytes=753254400 progress=75.33% BPC=0.7014 rate=8.77% top100=96.99%
chunks=367850 bytes=753356800 progress=75.34% BPC=0.7014 rate=8.77% top100=96.99%
chunks=367900 bytes=753459200 progress=75.35% BPC=0.7014 rate=8.77% top100=96.99%
chunks=367950 bytes=753561600 progress=75.36% BPC=0.7014 rate=8.77% top100=96.99%
chunks=368000 bytes=753664000 progress=75.37% BPC=0.7014 rate=8.77% top100=96.99%
chunks=368050 bytes=753766400 progress=75.38% BPC=0.7014 rate=8.77% top100=96.99%
chunks=368100 bytes=753868800 progress=75.39% BPC=0.7015 rate=8.77% top100=96.99%
chunks=368150 bytes=753971200 progress=75.40% BPC=0.7015 rate=8.77% top100=96.99%
chunks=368200 bytes=754073600 progress=75.41% BPC=0.7015 rate=8.77% top100=96.99%
chunks=368250 bytes=754176000 progress=75.42% BPC=0.7015 rate=8.77% top100=96.99%
chunks=368300 bytes=754278400 progress=75.43% BPC=0.7015 rate=8.77% top100=96.99%
chunks=368350 bytes=754380800 progress=75.44% BPC=0.7015 rate=8.77% top100=96.99%
chunks=368400 bytes=754483200 progress=75.45% BPC=0.7015 rate=8.77% top100=96.99%
chunks=368450 bytes=754585600 progress=75.46% BPC=0.7015 rate=8.77% top100=96.99%
chunks=368500 bytes=754688000 progress=75.47% BPC=0.7015 rate=8.77% top100=96.99%
chunks=368550 bytes=754790400 progress=75.48% BPC=0.7015 rate=8.77% top100=96.99%
chunks=368600 bytes=754892800 progress=75.49% BPC=0.7016 rate=8.77% top100=96.99%
chunks=368650 bytes=754995200 progress=75.50% BPC=0.7016 rate=8.77% top100=96.99%
chunks=368700 bytes=755097600 progress=75.51% BPC=0.7016 rate=8.77% top100=96.99%
chunks=368750 bytes=755200000 progress=75.52% BPC=0.7016 rate=8.77% top100=96.99%
chunks=368800 bytes=755302400 progress=75.53% BPC=0.7016 rate=8.77% top100=96.99%
chunks=368850 bytes=755404800 progress=75.54% BPC=0.7015 rate=8.77% top100=96.99%
chunks=368900 bytes=755507200 progress=75.55% BPC=0.7015 rate=8.77% top100=96.99%
chunks=368950 bytes=755609600 progress=75.56% BPC=0.7016 rate=8.77% top100=96.99%
chunks=369000 bytes=755712000 progress=75.57% BPC=0.7016 rate=8.77% top100=96.99%
chunks=369050 bytes=755814400 progress=75.58% BPC=0.7016 rate=8.77% top100=96.99%
chunks=369100 bytes=755916800 progress=75.59% BPC=0.7016 rate=8.77% top100=96.99%
chunks=369150 bytes=756019200 progress=75.60% BPC=0.7016 rate=8.77% top100=96.99%
chunks=369200 bytes=756121600 progress=75.61% BPC=0.7016 rate=8.77% top100=96.99%
chunks=369250 bytes=756224000 progress=75.62% BPC=0.7016 rate=8.77% top100=96.99%
chunks=369300 bytes=756326400 progress=75.63% BPC=0.7016 rate=8.77% top100=96.99%
chunks=369350 bytes=756428800 progress=75.64% BPC=0.7016 rate=8.77% top100=96.99%
chunks=369400 bytes=756531200 progress=75.65% BPC=0.7016 rate=8.77% top100=96.99%
chunks=369450 bytes=756633600 progress=75.66% BPC=0.7016 rate=8.77% top100=96.99%
chunks=369500 bytes=756736000 progress=75.67% BPC=0.7016 rate=8.77% top100=96.99%
chunks=369550 bytes=756838400 progress=75.68% BPC=0.7016 rate=8.77% top100=96.99%
chunks=369600 bytes=756940800 progress=75.69% BPC=0.7016 rate=8.77% top100=96.99%
chunks=369650 bytes=757043200 progress=75.70% BPC=0.7016 rate=8.77% top100=96.99%
chunks=369700 bytes=757145600 progress=75.71% BPC=0.7016 rate=8.77% top100=96.99%
chunks=369750 bytes=757248000 progress=75.72% BPC=0.7016 rate=8.77% top100=96.99%
chunks=369800 bytes=757350400 progress=75.74% BPC=0.7016 rate=8.77% top100=96.99%
chunks=369850 bytes=757452800 progress=75.75% BPC=0.7016 rate=8.77% top100=96.99%
chunks=369900 bytes=757555200 progress=75.76% BPC=0.7016 rate=8.77% top100=96.99%
chunks=369950 bytes=757657600 progress=75.77% BPC=0.7017 rate=8.77% top100=96.99%
chunks=370000 bytes=757760000 progress=75.78% BPC=0.7017 rate=8.77% top100=96.99%
chunks=370050 bytes=757862400 progress=75.79% BPC=0.7017 rate=8.77% top100=96.99%
chunks=370100 bytes=757964800 progress=75.80% BPC=0.7017 rate=8.77% top100=96.99%
chunks=370150 bytes=758067200 progress=75.81% BPC=0.7017 rate=8.77% top100=96.99%
chunks=370200 bytes=758169600 progress=75.82% BPC=0.7017 rate=8.77% top100=96.99%
chunks=370250 bytes=758272000 progress=75.83% BPC=0.7017 rate=8.77% top100=96.99%
chunks=370300 bytes=758374400 progress=75.84% BPC=0.7017 rate=8.77% top100=96.99%
chunks=370350 bytes=758476800 progress=75.85% BPC=0.7017 rate=8.77% top100=96.99%
chunks=370400 bytes=758579200 progress=75.86% BPC=0.7017 rate=8.77% top100=96.99%
chunks=370450 bytes=758681600 progress=75.87% BPC=0.7017 rate=8.77% top100=96.99%
chunks=370500 bytes=758784000 progress=75.88% BPC=0.7017 rate=8.77% top100=96.99%
chunks=370550 bytes=758886400 progress=75.89% BPC=0.7017 rate=8.77% top100=96.99%
chunks=370600 bytes=758988800 progress=75.90% BPC=0.7017 rate=8.77% top100=96.99%
chunks=370650 bytes=759091200 progress=75.91% BPC=0.7017 rate=8.77% top100=96.99%
chunks=370700 bytes=759193600 progress=75.92% BPC=0.7017 rate=8.77% top100=96.99%
chunks=370750 bytes=759296000 progress=75.93% BPC=0.7017 rate=8.77% top100=96.99%
chunks=370800 bytes=759398400 progress=75.94% BPC=0.7017 rate=8.77% top100=96.99%
chunks=370850 bytes=759500800 progress=75.95% BPC=0.7017 rate=8.77% top100=96.99%
chunks=370900 bytes=759603200 progress=75.96% BPC=0.7017 rate=8.77% top100=96.99%
chunks=370950 bytes=759705600 progress=75.97% BPC=0.7017 rate=8.77% top100=96.99%
chunks=371000 bytes=759808000 progress=75.98% BPC=0.7017 rate=8.77% top100=96.99%
chunks=371050 bytes=759910400 progress=75.99% BPC=0.7017 rate=8.77% top100=96.99%
chunks=371100 bytes=760012800 progress=76.00% BPC=0.7017 rate=8.77% top100=96.99%
chunks=371150 bytes=760115200 progress=76.01% BPC=0.7017 rate=8.77% top100=96.99%
chunks=371200 bytes=760217600 progress=76.02% BPC=0.7017 rate=8.77% top100=96.99%
chunks=371250 bytes=760320000 progress=76.03% BPC=0.7017 rate=8.77% top100=96.99%
chunks=371300 bytes=760422400 progress=76.04% BPC=0.7017 rate=8.77% top100=96.99%
chunks=371350 bytes=760524800 progress=76.05% BPC=0.7017 rate=8.77% top100=96.99%
chunks=371400 bytes=760627200 progress=76.06% BPC=0.7017 rate=8.77% top100=96.99%
chunks=371450 bytes=760729600 progress=76.07% BPC=0.7017 rate=8.77% top100=96.99%
chunks=371500 bytes=760832000 progress=76.08% BPC=0.7017 rate=8.77% top100=96.99%
chunks=371550 bytes=760934400 progress=76.09% BPC=0.7017 rate=8.77% top100=96.99%
chunks=371600 bytes=761036800 progress=76.10% BPC=0.7018 rate=8.77% top100=96.99%
chunks=371650 bytes=761139200 progress=76.11% BPC=0.7018 rate=8.77% top100=96.99%
chunks=371700 bytes=761241600 progress=76.12% BPC=0.7018 rate=8.77% top100=96.99%
chunks=371750 bytes=761344000 progress=76.13% BPC=0.7018 rate=8.77% top100=96.99%
chunks=371800 bytes=761446400 progress=76.14% BPC=0.7018 rate=8.77% top100=96.99%
chunks=371850 bytes=761548800 progress=76.15% BPC=0.7018 rate=8.77% top100=96.99%
chunks=371900 bytes=761651200 progress=76.17% BPC=0.7018 rate=8.77% top100=96.99%
chunks=371950 bytes=761753600 progress=76.18% BPC=0.7018 rate=8.77% top100=96.99%
chunks=372000 bytes=761856000 progress=76.19% BPC=0.7018 rate=8.77% top100=96.99%
chunks=372050 bytes=761958400 progress=76.20% BPC=0.7018 rate=8.77% top100=96.99%
chunks=372100 bytes=762060800 progress=76.21% BPC=0.7018 rate=8.77% top100=96.99%
chunks=372150 bytes=762163200 progress=76.22% BPC=0.7018 rate=8.77% top100=96.99%
chunks=372200 bytes=762265600 progress=76.23% BPC=0.7017 rate=8.77% top100=96.99%
chunks=372250 bytes=762368000 progress=76.24% BPC=0.7017 rate=8.77% top100=96.99%
chunks=372300 bytes=762470400 progress=76.25% BPC=0.7017 rate=8.77% top100=96.99%
chunks=372350 bytes=762572800 progress=76.26% BPC=0.7017 rate=8.77% top100=96.99%
chunks=372400 bytes=762675200 progress=76.27% BPC=0.7017 rate=8.77% top100=96.99%
chunks=372450 bytes=762777600 progress=76.28% BPC=0.7017 rate=8.77% top100=96.99%
chunks=372500 bytes=762880000 progress=76.29% BPC=0.7018 rate=8.77% top100=96.99%
chunks=372550 bytes=762982400 progress=76.30% BPC=0.7018 rate=8.77% top100=96.99%
chunks=372600 bytes=763084800 progress=76.31% BPC=0.7018 rate=8.77% top100=96.99%
chunks=372650 bytes=763187200 progress=76.32% BPC=0.7018 rate=8.77% top100=96.99%
chunks=372700 bytes=763289600 progress=76.33% BPC=0.7018 rate=8.77% top100=96.99%
chunks=372750 bytes=763392000 progress=76.34% BPC=0.7018 rate=8.77% top100=96.99%
chunks=372800 bytes=763494400 progress=76.35% BPC=0.7018 rate=8.77% top100=96.99%
chunks=372850 bytes=763596800 progress=76.36% BPC=0.7018 rate=8.77% top100=96.99%
chunks=372900 bytes=763699200 progress=76.37% BPC=0.7018 rate=8.77% top100=96.99%
chunks=372950 bytes=763801600 progress=76.38% BPC=0.7018 rate=8.77% top100=96.99%
chunks=373000 bytes=763904000 progress=76.39% BPC=0.7018 rate=8.77% top100=96.99%
chunks=373050 bytes=764006400 progress=76.40% BPC=0.7018 rate=8.77% top100=96.99%
chunks=373100 bytes=764108800 progress=76.41% BPC=0.7018 rate=8.77% top100=96.99%
chunks=373150 bytes=764211200 progress=76.42% BPC=0.7019 rate=8.77% top100=96.99%
chunks=373200 bytes=764313600 progress=76.43% BPC=0.7019 rate=8.77% top100=96.99%
chunks=373250 bytes=764416000 progress=76.44% BPC=0.7019 rate=8.77% top100=96.99%
chunks=373300 bytes=764518400 progress=76.45% BPC=0.7019 rate=8.77% top100=96.99%
chunks=373350 bytes=764620800 progress=76.46% BPC=0.7019 rate=8.77% top100=96.99%
chunks=373400 bytes=764723200 progress=76.47% BPC=0.7019 rate=8.77% top100=96.99%
chunks=373450 bytes=764825600 progress=76.48% BPC=0.7019 rate=8.77% top100=96.99%
chunks=373500 bytes=764928000 progress=76.49% BPC=0.7019 rate=8.77% top100=96.99%
chunks=373550 bytes=765030400 progress=76.50% BPC=0.7019 rate=8.77% top100=96.99%
chunks=373600 bytes=765132800 progress=76.51% BPC=0.7019 rate=8.77% top100=96.99%
chunks=373650 bytes=765235200 progress=76.52% BPC=0.7019 rate=8.77% top100=96.99%
chunks=373700 bytes=765337600 progress=76.53% BPC=0.7019 rate=8.77% top100=96.99%
chunks=373750 bytes=765440000 progress=76.54% BPC=0.7019 rate=8.77% top100=96.99%
chunks=373800 bytes=765542400 progress=76.55% BPC=0.7019 rate=8.77% top100=96.99%
chunks=373850 bytes=765644800 progress=76.56% BPC=0.7019 rate=8.77% top100=96.99%
chunks=373900 bytes=765747200 progress=76.57% BPC=0.7019 rate=8.77% top100=96.99%
chunks=373950 bytes=765849600 progress=76.58% BPC=0.7019 rate=8.77% top100=96.99%
chunks=374000 bytes=765952000 progress=76.60% BPC=0.7019 rate=8.77% top100=96.99%
chunks=374050 bytes=766054400 progress=76.61% BPC=0.7019 rate=8.77% top100=96.99%
chunks=374100 bytes=766156800 progress=76.62% BPC=0.7019 rate=8.77% top100=96.99%
chunks=374150 bytes=766259200 progress=76.63% BPC=0.7019 rate=8.77% top100=96.99%
chunks=374200 bytes=766361600 progress=76.64% BPC=0.7019 rate=8.77% top100=96.99%
chunks=374250 bytes=766464000 progress=76.65% BPC=0.7020 rate=8.77% top100=96.99%
chunks=374300 bytes=766566400 progress=76.66% BPC=0.7020 rate=8.77% top100=96.99%
chunks=374350 bytes=766668800 progress=76.67% BPC=0.7020 rate=8.77% top100=96.99%
chunks=374400 bytes=766771200 progress=76.68% BPC=0.7020 rate=8.77% top100=96.99%
chunks=374450 bytes=766873600 progress=76.69% BPC=0.7020 rate=8.78% top100=96.99%
chunks=374500 bytes=766976000 progress=76.70% BPC=0.7020 rate=8.78% top100=96.99%
chunks=374550 bytes=767078400 progress=76.71% BPC=0.7020 rate=8.78% top100=96.99%
chunks=374600 bytes=767180800 progress=76.72% BPC=0.7020 rate=8.78% top100=96.99%
chunks=374650 bytes=767283200 progress=76.73% BPC=0.7020 rate=8.78% top100=96.99%
chunks=374700 bytes=767385600 progress=76.74% BPC=0.7020 rate=8.78% top100=96.99%
chunks=374750 bytes=767488000 progress=76.75% BPC=0.7020 rate=8.78% top100=96.99%
chunks=374800 bytes=767590400 progress=76.76% BPC=0.7020 rate=8.78% top100=96.99%
chunks=374850 bytes=767692800 progress=76.77% BPC=0.7020 rate=8.78% top100=96.99%
chunks=374900 bytes=767795200 progress=76.78% BPC=0.7020 rate=8.78% top100=96.99%
chunks=374950 bytes=767897600 progress=76.79% BPC=0.7021 rate=8.78% top100=96.99%
chunks=375000 bytes=768000000 progress=76.80% BPC=0.7021 rate=8.78% top100=96.99%
chunks=375050 bytes=768102400 progress=76.81% BPC=0.7021 rate=8.78% top100=96.99%
chunks=375100 bytes=768204800 progress=76.82% BPC=0.7021 rate=8.78% top100=96.99%
chunks=375150 bytes=768307200 progress=76.83% BPC=0.7021 rate=8.78% top100=96.99%
chunks=375200 bytes=768409600 progress=76.84% BPC=0.7021 rate=8.78% top100=96.99%
chunks=375250 bytes=768512000 progress=76.85% BPC=0.7021 rate=8.78% top100=96.99%
chunks=375300 bytes=768614400 progress=76.86% BPC=0.7021 rate=8.78% top100=96.99%
chunks=375350 bytes=768716800 progress=76.87% BPC=0.7021 rate=8.78% top100=96.99%
chunks=375400 bytes=768819200 progress=76.88% BPC=0.7021 rate=8.78% top100=96.99%
chunks=375450 bytes=768921600 progress=76.89% BPC=0.7021 rate=8.78% top100=96.99%
chunks=375500 bytes=769024000 progress=76.90% BPC=0.7021 rate=8.78% top100=96.99%
chunks=375550 bytes=769126400 progress=76.91% BPC=0.7021 rate=8.78% top100=96.99%
chunks=375600 bytes=769228800 progress=76.92% BPC=0.7021 rate=8.78% top100=96.99%
chunks=375650 bytes=769331200 progress=76.93% BPC=0.7021 rate=8.78% top100=96.99%
chunks=375700 bytes=769433600 progress=76.94% BPC=0.7021 rate=8.78% top100=96.99%
chunks=375750 bytes=769536000 progress=76.95% BPC=0.7021 rate=8.78% top100=96.99%
chunks=375800 bytes=769638400 progress=76.96% BPC=0.7021 rate=8.78% top100=96.99%
chunks=375850 bytes=769740800 progress=76.97% BPC=0.7021 rate=8.78% top100=96.99%
chunks=375900 bytes=769843200 progress=76.98% BPC=0.7021 rate=8.78% top100=96.99%
chunks=375950 bytes=769945600 progress=76.99% BPC=0.7021 rate=8.78% top100=96.99%
chunks=376000 bytes=770048000 progress=77.00% BPC=0.7021 rate=8.78% top100=96.99%
chunks=376050 bytes=770150400 progress=77.02% BPC=0.7021 rate=8.78% top100=96.99%
chunks=376100 bytes=770252800 progress=77.03% BPC=0.7022 rate=8.78% top100=96.99%
chunks=376150 bytes=770355200 progress=77.04% BPC=0.7022 rate=8.78% top100=96.99%
chunks=376200 bytes=770457600 progress=77.05% BPC=0.7021 rate=8.78% top100=96.99%
chunks=376250 bytes=770560000 progress=77.06% BPC=0.7021 rate=8.78% top100=96.99%
chunks=376300 bytes=770662400 progress=77.07% BPC=0.7021 rate=8.78% top100=96.99%
chunks=376350 bytes=770764800 progress=77.08% BPC=0.7021 rate=8.78% top100=96.99%
chunks=376400 bytes=770867200 progress=77.09% BPC=0.7020 rate=8.78% top100=96.99%
chunks=376450 bytes=770969600 progress=77.10% BPC=0.7020 rate=8.77% top100=96.99%
chunks=376500 bytes=771072000 progress=77.11% BPC=0.7019 rate=8.77% top100=96.99%
chunks=376550 bytes=771174400 progress=77.12% BPC=0.7019 rate=8.77% top100=96.99%
chunks=376600 bytes=771276800 progress=77.13% BPC=0.7019 rate=8.77% top100=96.99%
chunks=376650 bytes=771379200 progress=77.14% BPC=0.7020 rate=8.77% top100=96.99%
chunks=376700 bytes=771481600 progress=77.15% BPC=0.7020 rate=8.77% top100=96.99%
chunks=376750 bytes=771584000 progress=77.16% BPC=0.7020 rate=8.77% top100=96.99%
chunks=376800 bytes=771686400 progress=77.17% BPC=0.7020 rate=8.77% top100=96.99%
chunks=376850 bytes=771788800 progress=77.18% BPC=0.7019 rate=8.77% top100=96.99%
chunks=376900 bytes=771891200 progress=77.19% BPC=0.7019 rate=8.77% top100=96.99%
chunks=376950 bytes=771993600 progress=77.20% BPC=0.7019 rate=8.77% top100=96.99%
chunks=377000 bytes=772096000 progress=77.21% BPC=0.7020 rate=8.77% top100=96.99%
chunks=377050 bytes=772198400 progress=77.22% BPC=0.7020 rate=8.77% top100=96.99%
chunks=377100 bytes=772300800 progress=77.23% BPC=0.7020 rate=8.77% top100=96.99%
chunks=377150 bytes=772403200 progress=77.24% BPC=0.7020 rate=8.77% top100=96.99%
chunks=377200 bytes=772505600 progress=77.25% BPC=0.7020 rate=8.77% top100=96.99%
chunks=377250 bytes=772608000 progress=77.26% BPC=0.7020 rate=8.77% top100=96.99%
chunks=377300 bytes=772710400 progress=77.27% BPC=0.7020 rate=8.77% top100=96.99%
chunks=377350 bytes=772812800 progress=77.28% BPC=0.7020 rate=8.77% top100=96.99%
chunks=377400 bytes=772915200 progress=77.29% BPC=0.7020 rate=8.77% top100=96.99%
chunks=377450 bytes=773017600 progress=77.30% BPC=0.7020 rate=8.77% top100=96.99%
chunks=377500 bytes=773120000 progress=77.31% BPC=0.7020 rate=8.77% top100=96.99%
chunks=377550 bytes=773222400 progress=77.32% BPC=0.7020 rate=8.77% top100=96.99%
chunks=377600 bytes=773324800 progress=77.33% BPC=0.7020 rate=8.77% top100=96.99%
chunks=377650 bytes=773427200 progress=77.34% BPC=0.7020 rate=8.77% top100=96.99%
chunks=377700 bytes=773529600 progress=77.35% BPC=0.7020 rate=8.78% top100=96.99%
chunks=377750 bytes=773632000 progress=77.36% BPC=0.7020 rate=8.78% top100=96.99%
chunks=377800 bytes=773734400 progress=77.37% BPC=0.7020 rate=8.78% top100=96.99%
chunks=377850 bytes=773836800 progress=77.38% BPC=0.7020 rate=8.78% top100=96.99%
chunks=377900 bytes=773939200 progress=77.39% BPC=0.7020 rate=8.78% top100=96.99%
chunks=377950 bytes=774041600 progress=77.40% BPC=0.7020 rate=8.78% top100=96.99%
chunks=378000 bytes=774144000 progress=77.41% BPC=0.7020 rate=8.78% top100=96.99%
chunks=378050 bytes=774246400 progress=77.42% BPC=0.7020 rate=8.78% top100=96.99%
chunks=378100 bytes=774348800 progress=77.43% BPC=0.7020 rate=8.78% top100=96.99%
chunks=378150 bytes=774451200 progress=77.45% BPC=0.7020 rate=8.78% top100=96.99%
chunks=378200 bytes=774553600 progress=77.46% BPC=0.7020 rate=8.78% top100=96.99%
chunks=378250 bytes=774656000 progress=77.47% BPC=0.7020 rate=8.78% top100=96.99%
chunks=378300 bytes=774758400 progress=77.48% BPC=0.7020 rate=8.78% top100=96.99%
chunks=378350 bytes=774860800 progress=77.49% BPC=0.7020 rate=8.78% top100=96.99%
chunks=378400 bytes=774963200 progress=77.50% BPC=0.7020 rate=8.78% top100=96.99%
chunks=378450 bytes=775065600 progress=77.51% BPC=0.7020 rate=8.78% top100=96.99%
chunks=378500 bytes=775168000 progress=77.52% BPC=0.7020 rate=8.78% top100=96.99%
chunks=378550 bytes=775270400 progress=77.53% BPC=0.7021 rate=8.78% top100=96.99%
chunks=378600 bytes=775372800 progress=77.54% BPC=0.7021 rate=8.78% top100=96.99%
chunks=378650 bytes=775475200 progress=77.55% BPC=0.7021 rate=8.78% top100=96.99%
chunks=378700 bytes=775577600 progress=77.56% BPC=0.7021 rate=8.78% top100=96.99%
chunks=378750 bytes=775680000 progress=77.57% BPC=0.7021 rate=8.78% top100=96.99%
chunks=378800 bytes=775782400 progress=77.58% BPC=0.7021 rate=8.78% top100=96.99%
chunks=378850 bytes=775884800 progress=77.59% BPC=0.7021 rate=8.78% top100=96.99%
chunks=378900 bytes=775987200 progress=77.60% BPC=0.7021 rate=8.78% top100=96.99%
chunks=378950 bytes=776089600 progress=77.61% BPC=0.7021 rate=8.78% top100=96.99%
chunks=379000 bytes=776192000 progress=77.62% BPC=0.7021 rate=8.78% top100=96.99%
chunks=379050 bytes=776294400 progress=77.63% BPC=0.7021 rate=8.78% top100=96.99%
chunks=379100 bytes=776396800 progress=77.64% BPC=0.7021 rate=8.78% top100=96.99%
chunks=379150 bytes=776499200 progress=77.65% BPC=0.7021 rate=8.78% top100=96.99%
chunks=379200 bytes=776601600 progress=77.66% BPC=0.7021 rate=8.78% top100=96.99%
chunks=379250 bytes=776704000 progress=77.67% BPC=0.7022 rate=8.78% top100=96.99%
chunks=379300 bytes=776806400 progress=77.68% BPC=0.7022 rate=8.78% top100=96.99%
chunks=379350 bytes=776908800 progress=77.69% BPC=0.7022 rate=8.78% top100=96.99%
chunks=379400 bytes=777011200 progress=77.70% BPC=0.7022 rate=8.78% top100=96.99%
chunks=379450 bytes=777113600 progress=77.71% BPC=0.7022 rate=8.78% top100=96.99%
chunks=379500 bytes=777216000 progress=77.72% BPC=0.7022 rate=8.78% top100=96.99%
chunks=379550 bytes=777318400 progress=77.73% BPC=0.7022 rate=8.78% top100=96.99%
chunks=379600 bytes=777420800 progress=77.74% BPC=0.7022 rate=8.78% top100=96.99%
chunks=379650 bytes=777523200 progress=77.75% BPC=0.7022 rate=8.78% top100=96.99%
chunks=379700 bytes=777625600 progress=77.76% BPC=0.7022 rate=8.78% top100=96.99%
chunks=379750 bytes=777728000 progress=77.77% BPC=0.7022 rate=8.78% top100=96.99%
chunks=379800 bytes=777830400 progress=77.78% BPC=0.7022 rate=8.78% top100=96.99%
chunks=379850 bytes=777932800 progress=77.79% BPC=0.7022 rate=8.78% top100=96.99%
chunks=379900 bytes=778035200 progress=77.80% BPC=0.7022 rate=8.78% top100=96.99%
chunks=379950 bytes=778137600 progress=77.81% BPC=0.7022 rate=8.78% top100=96.99%
chunks=380000 bytes=778240000 progress=77.82% BPC=0.7022 rate=8.78% top100=96.99%
chunks=380050 bytes=778342400 progress=77.83% BPC=0.7023 rate=8.78% top100=96.99%
chunks=380100 bytes=778444800 progress=77.84% BPC=0.7023 rate=8.78% top100=96.99%
chunks=380150 bytes=778547200 progress=77.85% BPC=0.7023 rate=8.78% top100=96.99%
chunks=380200 bytes=778649600 progress=77.86% BPC=0.7023 rate=8.78% top100=96.99%
chunks=380250 bytes=778752000 progress=77.88% BPC=0.7023 rate=8.78% top100=96.99%
chunks=380300 bytes=778854400 progress=77.89% BPC=0.7023 rate=8.78% top100=96.99%
chunks=380350 bytes=778956800 progress=77.90% BPC=0.7023 rate=8.78% top100=96.99%
chunks=380400 bytes=779059200 progress=77.91% BPC=0.7023 rate=8.78% top100=96.99%
chunks=380450 bytes=779161600 progress=77.92% BPC=0.7023 rate=8.78% top100=96.99%
chunks=380500 bytes=779264000 progress=77.93% BPC=0.7023 rate=8.78% top100=96.99%
chunks=380550 bytes=779366400 progress=77.94% BPC=0.7023 rate=8.78% top100=96.99%
chunks=380600 bytes=779468800 progress=77.95% BPC=0.7023 rate=8.78% top100=96.99%
chunks=380650 bytes=779571200 progress=77.96% BPC=0.7023 rate=8.78% top100=96.99%
chunks=380700 bytes=779673600 progress=77.97% BPC=0.7023 rate=8.78% top100=96.99%
chunks=380750 bytes=779776000 progress=77.98% BPC=0.7023 rate=8.78% top100=96.99%
chunks=380800 bytes=779878400 progress=77.99% BPC=0.7023 rate=8.78% top100=96.99%
chunks=380850 bytes=779980800 progress=78.00% BPC=0.7023 rate=8.78% top100=96.99%
chunks=380900 bytes=780083200 progress=78.01% BPC=0.7023 rate=8.78% top100=96.99%
chunks=380950 bytes=780185600 progress=78.02% BPC=0.7023 rate=8.78% top100=96.99%
chunks=381000 bytes=780288000 progress=78.03% BPC=0.7023 rate=8.78% top100=96.99%
chunks=381050 bytes=780390400 progress=78.04% BPC=0.7023 rate=8.78% top100=96.99%
chunks=381100 bytes=780492800 progress=78.05% BPC=0.7023 rate=8.78% top100=96.99%
chunks=381150 bytes=780595200 progress=78.06% BPC=0.7023 rate=8.78% top100=96.99%
chunks=381200 bytes=780697600 progress=78.07% BPC=0.7023 rate=8.78% top100=96.99%
chunks=381250 bytes=780800000 progress=78.08% BPC=0.7023 rate=8.78% top100=96.99%
chunks=381300 bytes=780902400 progress=78.09% BPC=0.7023 rate=8.78% top100=96.99%
chunks=381350 bytes=781004800 progress=78.10% BPC=0.7023 rate=8.78% top100=96.99%
chunks=381400 bytes=781107200 progress=78.11% BPC=0.7024 rate=8.78% top100=96.99%
chunks=381450 bytes=781209600 progress=78.12% BPC=0.7024 rate=8.78% top100=96.99%
chunks=381500 bytes=781312000 progress=78.13% BPC=0.7024 rate=8.78% top100=96.99%
chunks=381550 bytes=781414400 progress=78.14% BPC=0.7023 rate=8.78% top100=96.99%
chunks=381600 bytes=781516800 progress=78.15% BPC=0.7024 rate=8.78% top100=96.99%
chunks=381650 bytes=781619200 progress=78.16% BPC=0.7024 rate=8.78% top100=96.99%
chunks=381700 bytes=781721600 progress=78.17% BPC=0.7024 rate=8.78% top100=96.99%
chunks=381750 bytes=781824000 progress=78.18% BPC=0.7024 rate=8.78% top100=96.99%
chunks=381800 bytes=781926400 progress=78.19% BPC=0.7024 rate=8.78% top100=96.99%
chunks=381850 bytes=782028800 progress=78.20% BPC=0.7024 rate=8.78% top100=96.99%
chunks=381900 bytes=782131200 progress=78.21% BPC=0.7024 rate=8.78% top100=96.99%
chunks=381950 bytes=782233600 progress=78.22% BPC=0.7024 rate=8.78% top100=96.99%
chunks=382000 bytes=782336000 progress=78.23% BPC=0.7024 rate=8.78% top100=96.99%
chunks=382050 bytes=782438400 progress=78.24% BPC=0.7024 rate=8.78% top100=96.99%
chunks=382100 bytes=782540800 progress=78.25% BPC=0.7024 rate=8.78% top100=96.99%
chunks=382150 bytes=782643200 progress=78.26% BPC=0.7024 rate=8.78% top100=96.99%
chunks=382200 bytes=782745600 progress=78.27% BPC=0.7024 rate=8.78% top100=96.99%
chunks=382250 bytes=782848000 progress=78.28% BPC=0.7024 rate=8.78% top100=96.99%
chunks=382300 bytes=782950400 progress=78.30% BPC=0.7024 rate=8.78% top100=96.99%
chunks=382350 bytes=783052800 progress=78.31% BPC=0.7024 rate=8.78% top100=96.99%
chunks=382400 bytes=783155200 progress=78.32% BPC=0.7024 rate=8.78% top100=96.99%
chunks=382450 bytes=783257600 progress=78.33% BPC=0.7024 rate=8.78% top100=96.99%
chunks=382500 bytes=783360000 progress=78.34% BPC=0.7024 rate=8.78% top100=96.99%
chunks=382550 bytes=783462400 progress=78.35% BPC=0.7024 rate=8.78% top100=96.99%
chunks=382600 bytes=783564800 progress=78.36% BPC=0.7025 rate=8.78% top100=96.99%
chunks=382650 bytes=783667200 progress=78.37% BPC=0.7025 rate=8.78% top100=96.99%
chunks=382700 bytes=783769600 progress=78.38% BPC=0.7025 rate=8.78% top100=96.99%
chunks=382750 bytes=783872000 progress=78.39% BPC=0.7025 rate=8.78% top100=96.99%
chunks=382800 bytes=783974400 progress=78.40% BPC=0.7025 rate=8.78% top100=96.99%
chunks=382850 bytes=784076800 progress=78.41% BPC=0.7025 rate=8.78% top100=96.99%
chunks=382900 bytes=784179200 progress=78.42% BPC=0.7025 rate=8.78% top100=96.99%
chunks=382950 bytes=784281600 progress=78.43% BPC=0.7025 rate=8.78% top100=96.99%
chunks=383000 bytes=784384000 progress=78.44% BPC=0.7025 rate=8.78% top100=96.99%
chunks=383050 bytes=784486400 progress=78.45% BPC=0.7025 rate=8.78% top100=96.99%
chunks=383100 bytes=784588800 progress=78.46% BPC=0.7025 rate=8.78% top100=96.99%
chunks=383150 bytes=784691200 progress=78.47% BPC=0.7025 rate=8.78% top100=96.99%
chunks=383200 bytes=784793600 progress=78.48% BPC=0.7025 rate=8.78% top100=96.99%
chunks=383250 bytes=784896000 progress=78.49% BPC=0.7025 rate=8.78% top100=96.99%
chunks=383300 bytes=784998400 progress=78.50% BPC=0.7025 rate=8.78% top100=96.99%
chunks=383350 bytes=785100800 progress=78.51% BPC=0.7025 rate=8.78% top100=96.99%
chunks=383400 bytes=785203200 progress=78.52% BPC=0.7025 rate=8.78% top100=96.99%
chunks=383450 bytes=785305600 progress=78.53% BPC=0.7025 rate=8.78% top100=96.99%
chunks=383500 bytes=785408000 progress=78.54% BPC=0.7025 rate=8.78% top100=96.99%
chunks=383550 bytes=785510400 progress=78.55% BPC=0.7025 rate=8.78% top100=96.99%
chunks=383600 bytes=785612800 progress=78.56% BPC=0.7025 rate=8.78% top100=96.99%
chunks=383650 bytes=785715200 progress=78.57% BPC=0.7026 rate=8.78% top100=96.99%
chunks=383700 bytes=785817600 progress=78.58% BPC=0.7025 rate=8.78% top100=96.99%
chunks=383750 bytes=785920000 progress=78.59% BPC=0.7025 rate=8.78% top100=96.99%
chunks=383800 bytes=786022400 progress=78.60% BPC=0.7025 rate=8.78% top100=96.99%
chunks=383850 bytes=786124800 progress=78.61% BPC=0.7025 rate=8.78% top100=96.99%
chunks=383900 bytes=786227200 progress=78.62% BPC=0.7026 rate=8.78% top100=96.99%
chunks=383950 bytes=786329600 progress=78.63% BPC=0.7026 rate=8.78% top100=96.99%
chunks=384000 bytes=786432000 progress=78.64% BPC=0.7026 rate=8.78% top100=96.99%
chunks=384050 bytes=786534400 progress=78.65% BPC=0.7026 rate=8.78% top100=96.99%
chunks=384100 bytes=786636800 progress=78.66% BPC=0.7026 rate=8.78% top100=96.99%
chunks=384150 bytes=786739200 progress=78.67% BPC=0.7026 rate=8.78% top100=96.99%
chunks=384200 bytes=786841600 progress=78.68% BPC=0.7026 rate=8.78% top100=96.99%
chunks=384250 bytes=786944000 progress=78.69% BPC=0.7026 rate=8.78% top100=96.99%
chunks=384300 bytes=787046400 progress=78.70% BPC=0.7026 rate=8.78% top100=96.99%
chunks=384350 bytes=787148800 progress=78.71% BPC=0.7026 rate=8.78% top100=96.99%
chunks=384400 bytes=787251200 progress=78.73% BPC=0.7026 rate=8.78% top100=96.99%
chunks=384450 bytes=787353600 progress=78.74% BPC=0.7026 rate=8.78% top100=96.99%
chunks=384500 bytes=787456000 progress=78.75% BPC=0.7026 rate=8.78% top100=96.99%
chunks=384550 bytes=787558400 progress=78.76% BPC=0.7026 rate=8.78% top100=96.99%
chunks=384600 bytes=787660800 progress=78.77% BPC=0.7027 rate=8.78% top100=96.99%
chunks=384650 bytes=787763200 progress=78.78% BPC=0.7026 rate=8.78% top100=96.99%
chunks=384700 bytes=787865600 progress=78.79% BPC=0.7027 rate=8.78% top100=96.99%
chunks=384750 bytes=787968000 progress=78.80% BPC=0.7027 rate=8.78% top100=96.99%
chunks=384800 bytes=788070400 progress=78.81% BPC=0.7026 rate=8.78% top100=96.99%
chunks=384850 bytes=788172800 progress=78.82% BPC=0.7027 rate=8.78% top100=96.99%
chunks=384900 bytes=788275200 progress=78.83% BPC=0.7027 rate=8.78% top100=96.99%
chunks=384950 bytes=788377600 progress=78.84% BPC=0.7027 rate=8.78% top100=96.99%
chunks=385000 bytes=788480000 progress=78.85% BPC=0.7027 rate=8.78% top100=96.99%
chunks=385050 bytes=788582400 progress=78.86% BPC=0.7027 rate=8.78% top100=96.99%
chunks=385100 bytes=788684800 progress=78.87% BPC=0.7027 rate=8.78% top100=96.99%
chunks=385150 bytes=788787200 progress=78.88% BPC=0.7027 rate=8.78% top100=96.99%
chunks=385200 bytes=788889600 progress=78.89% BPC=0.7027 rate=8.78% top100=96.99%
chunks=385250 bytes=788992000 progress=78.90% BPC=0.7027 rate=8.78% top100=96.99%
chunks=385300 bytes=789094400 progress=78.91% BPC=0.7027 rate=8.78% top100=96.99%
chunks=385350 bytes=789196800 progress=78.92% BPC=0.7027 rate=8.78% top100=96.99%
chunks=385400 bytes=789299200 progress=78.93% BPC=0.7027 rate=8.78% top100=96.98%
chunks=385450 bytes=789401600 progress=78.94% BPC=0.7028 rate=8.78% top100=96.98%
chunks=385500 bytes=789504000 progress=78.95% BPC=0.7028 rate=8.78% top100=96.98%
chunks=385550 bytes=789606400 progress=78.96% BPC=0.7028 rate=8.78% top100=96.98%
chunks=385600 bytes=789708800 progress=78.97% BPC=0.7028 rate=8.78% top100=96.98%
chunks=385650 bytes=789811200 progress=78.98% BPC=0.7028 rate=8.78% top100=96.98%
chunks=385700 bytes=789913600 progress=78.99% BPC=0.7028 rate=8.78% top100=96.98%
chunks=385750 bytes=790016000 progress=79.00% BPC=0.7028 rate=8.78% top100=96.98%
chunks=385800 bytes=790118400 progress=79.01% BPC=0.7028 rate=8.78% top100=96.98%
chunks=385850 bytes=790220800 progress=79.02% BPC=0.7028 rate=8.78% top100=96.98%
chunks=385900 bytes=790323200 progress=79.03% BPC=0.7028 rate=8.78% top100=96.98%
chunks=385950 bytes=790425600 progress=79.04% BPC=0.7028 rate=8.79% top100=96.98%
chunks=386000 bytes=790528000 progress=79.05% BPC=0.7028 rate=8.79% top100=96.98%
chunks=386050 bytes=790630400 progress=79.06% BPC=0.7028 rate=8.79% top100=96.98%
chunks=386100 bytes=790732800 progress=79.07% BPC=0.7028 rate=8.79% top100=96.98%
chunks=386150 bytes=790835200 progress=79.08% BPC=0.7028 rate=8.79% top100=96.98%
chunks=386200 bytes=790937600 progress=79.09% BPC=0.7028 rate=8.79% top100=96.98%
chunks=386250 bytes=791040000 progress=79.10% BPC=0.7028 rate=8.79% top100=96.98%
chunks=386300 bytes=791142400 progress=79.11% BPC=0.7028 rate=8.79% top100=96.98%
chunks=386350 bytes=791244800 progress=79.12% BPC=0.7028 rate=8.79% top100=96.98%
chunks=386400 bytes=791347200 progress=79.13% BPC=0.7028 rate=8.79% top100=96.98%
chunks=386450 bytes=791449600 progress=79.14% BPC=0.7028 rate=8.79% top100=96.98%
chunks=386500 bytes=791552000 progress=79.16% BPC=0.7028 rate=8.79% top100=96.98%
chunks=386550 bytes=791654400 progress=79.17% BPC=0.7028 rate=8.79% top100=96.98%
chunks=386600 bytes=791756800 progress=79.18% BPC=0.7028 rate=8.79% top100=96.98%
chunks=386650 bytes=791859200 progress=79.19% BPC=0.7028 rate=8.79% top100=96.98%
chunks=386700 bytes=791961600 progress=79.20% BPC=0.7029 rate=8.79% top100=96.98%
chunks=386750 bytes=792064000 progress=79.21% BPC=0.7029 rate=8.79% top100=96.98%
chunks=386800 bytes=792166400 progress=79.22% BPC=0.7029 rate=8.79% top100=96.98%
chunks=386850 bytes=792268800 progress=79.23% BPC=0.7029 rate=8.79% top100=96.98%
chunks=386900 bytes=792371200 progress=79.24% BPC=0.7029 rate=8.79% top100=96.98%
chunks=386950 bytes=792473600 progress=79.25% BPC=0.7029 rate=8.79% top100=96.98%
chunks=387000 bytes=792576000 progress=79.26% BPC=0.7029 rate=8.79% top100=96.98%
chunks=387050 bytes=792678400 progress=79.27% BPC=0.7029 rate=8.79% top100=96.98%
chunks=387100 bytes=792780800 progress=79.28% BPC=0.7029 rate=8.79% top100=96.98%
chunks=387150 bytes=792883200 progress=79.29% BPC=0.7029 rate=8.79% top100=96.98%
chunks=387200 bytes=792985600 progress=79.30% BPC=0.7029 rate=8.79% top100=96.98%
chunks=387250 bytes=793088000 progress=79.31% BPC=0.7029 rate=8.79% top100=96.98%
chunks=387300 bytes=793190400 progress=79.32% BPC=0.7029 rate=8.79% top100=96.98%
chunks=387350 bytes=793292800 progress=79.33% BPC=0.7029 rate=8.79% top100=96.98%
chunks=387400 bytes=793395200 progress=79.34% BPC=0.7029 rate=8.79% top100=96.98%
chunks=387450 bytes=793497600 progress=79.35% BPC=0.7029 rate=8.79% top100=96.98%
chunks=387500 bytes=793600000 progress=79.36% BPC=0.7029 rate=8.79% top100=96.98%
chunks=387550 bytes=793702400 progress=79.37% BPC=0.7029 rate=8.79% top100=96.98%
chunks=387600 bytes=793804800 progress=79.38% BPC=0.7029 rate=8.79% top100=96.98%
chunks=387650 bytes=793907200 progress=79.39% BPC=0.7029 rate=8.79% top100=96.98%
chunks=387700 bytes=794009600 progress=79.40% BPC=0.7029 rate=8.79% top100=96.98%
chunks=387750 bytes=794112000 progress=79.41% BPC=0.7029 rate=8.79% top100=96.98%
chunks=387800 bytes=794214400 progress=79.42% BPC=0.7029 rate=8.79% top100=96.98%
chunks=387850 bytes=794316800 progress=79.43% BPC=0.7029 rate=8.79% top100=96.98%
chunks=387900 bytes=794419200 progress=79.44% BPC=0.7029 rate=8.79% top100=96.98%
chunks=387950 bytes=794521600 progress=79.45% BPC=0.7029 rate=8.79% top100=96.98%
chunks=388000 bytes=794624000 progress=79.46% BPC=0.7029 rate=8.79% top100=96.98%
chunks=388050 bytes=794726400 progress=79.47% BPC=0.7029 rate=8.79% top100=96.98%
chunks=388100 bytes=794828800 progress=79.48% BPC=0.7029 rate=8.79% top100=96.98%
chunks=388150 bytes=794931200 progress=79.49% BPC=0.7029 rate=8.79% top100=96.98%
chunks=388200 bytes=795033600 progress=79.50% BPC=0.7029 rate=8.79% top100=96.98%
chunks=388250 bytes=795136000 progress=79.51% BPC=0.7029 rate=8.79% top100=96.98%
chunks=388300 bytes=795238400 progress=79.52% BPC=0.7029 rate=8.79% top100=96.98%
chunks=388350 bytes=795340800 progress=79.53% BPC=0.7029 rate=8.79% top100=96.98%
chunks=388400 bytes=795443200 progress=79.54% BPC=0.7030 rate=8.79% top100=96.98%
chunks=388450 bytes=795545600 progress=79.55% BPC=0.7030 rate=8.79% top100=96.98%
chunks=388500 bytes=795648000 progress=79.56% BPC=0.7030 rate=8.79% top100=96.98%
chunks=388550 bytes=795750400 progress=79.58% BPC=0.7030 rate=8.79% top100=96.98%
chunks=388600 bytes=795852800 progress=79.59% BPC=0.7030 rate=8.79% top100=96.98%
chunks=388650 bytes=795955200 progress=79.60% BPC=0.7030 rate=8.79% top100=96.98%
chunks=388700 bytes=796057600 progress=79.61% BPC=0.7030 rate=8.79% top100=96.98%
chunks=388750 bytes=796160000 progress=79.62% BPC=0.7030 rate=8.79% top100=96.98%
chunks=388800 bytes=796262400 progress=79.63% BPC=0.7030 rate=8.79% top100=96.98%
chunks=388850 bytes=796364800 progress=79.64% BPC=0.7030 rate=8.79% top100=96.98%
chunks=388900 bytes=796467200 progress=79.65% BPC=0.7030 rate=8.79% top100=96.98%
chunks=388950 bytes=796569600 progress=79.66% BPC=0.7030 rate=8.79% top100=96.98%
chunks=389000 bytes=796672000 progress=79.67% BPC=0.7030 rate=8.79% top100=96.98%
chunks=389050 bytes=796774400 progress=79.68% BPC=0.7031 rate=8.79% top100=96.98%
chunks=389100 bytes=796876800 progress=79.69% BPC=0.7031 rate=8.79% top100=96.98%
chunks=389150 bytes=796979200 progress=79.70% BPC=0.7031 rate=8.79% top100=96.98%
chunks=389200 bytes=797081600 progress=79.71% BPC=0.7031 rate=8.79% top100=96.98%
chunks=389250 bytes=797184000 progress=79.72% BPC=0.7031 rate=8.79% top100=96.98%
chunks=389300 bytes=797286400 progress=79.73% BPC=0.7031 rate=8.79% top100=96.98%
chunks=389350 bytes=797388800 progress=79.74% BPC=0.7031 rate=8.79% top100=96.98%
chunks=389400 bytes=797491200 progress=79.75% BPC=0.7031 rate=8.79% top100=96.98%
chunks=389450 bytes=797593600 progress=79.76% BPC=0.7031 rate=8.79% top100=96.98%
chunks=389500 bytes=797696000 progress=79.77% BPC=0.7031 rate=8.79% top100=96.98%
chunks=389550 bytes=797798400 progress=79.78% BPC=0.7031 rate=8.79% top100=96.98%
chunks=389600 bytes=797900800 progress=79.79% BPC=0.7031 rate=8.79% top100=96.98%
chunks=389650 bytes=798003200 progress=79.80% BPC=0.7031 rate=8.79% top100=96.98%
chunks=389700 bytes=798105600 progress=79.81% BPC=0.7031 rate=8.79% top100=96.98%
chunks=389750 bytes=798208000 progress=79.82% BPC=0.7031 rate=8.79% top100=96.98%
chunks=389800 bytes=798310400 progress=79.83% BPC=0.7031 rate=8.79% top100=96.98%
chunks=389850 bytes=798412800 progress=79.84% BPC=0.7031 rate=8.79% top100=96.98%
chunks=389900 bytes=798515200 progress=79.85% BPC=0.7031 rate=8.79% top100=96.98%
chunks=389950 bytes=798617600 progress=79.86% BPC=0.7031 rate=8.79% top100=96.98%
chunks=390000 bytes=798720000 progress=79.87% BPC=0.7031 rate=8.79% top100=96.98%
chunks=390050 bytes=798822400 progress=79.88% BPC=0.7031 rate=8.79% top100=96.98%
chunks=390100 bytes=798924800 progress=79.89% BPC=0.7031 rate=8.79% top100=96.98%
chunks=390150 bytes=799027200 progress=79.90% BPC=0.7031 rate=8.79% top100=96.98%
chunks=390200 bytes=799129600 progress=79.91% BPC=0.7031 rate=8.79% top100=96.98%
chunks=390250 bytes=799232000 progress=79.92% BPC=0.7031 rate=8.79% top100=96.98%
chunks=390300 bytes=799334400 progress=79.93% BPC=0.7031 rate=8.79% top100=96.98%
chunks=390350 bytes=799436800 progress=79.94% BPC=0.7031 rate=8.79% top100=96.98%
chunks=390400 bytes=799539200 progress=79.95% BPC=0.7031 rate=8.79% top100=96.98%
chunks=390450 bytes=799641600 progress=79.96% BPC=0.7031 rate=8.79% top100=96.98%
chunks=390500 bytes=799744000 progress=79.97% BPC=0.7030 rate=8.79% top100=96.98%
chunks=390550 bytes=799846400 progress=79.98% BPC=0.7030 rate=8.79% top100=96.98%
chunks=390600 bytes=799948800 progress=79.99% BPC=0.7030 rate=8.79% top100=96.98%
chunks=390650 bytes=800051200 progress=80.01% BPC=0.7030 rate=8.79% top100=96.98%
chunks=390700 bytes=800153600 progress=80.02% BPC=0.7030 rate=8.79% top100=96.98%
chunks=390750 bytes=800256000 progress=80.03% BPC=0.7030 rate=8.79% top100=96.98%
chunks=390800 bytes=800358400 progress=80.04% BPC=0.7030 rate=8.79% top100=96.98%
chunks=390850 bytes=800460800 progress=80.05% BPC=0.7030 rate=8.79% top100=96.98%
chunks=390900 bytes=800563200 progress=80.06% BPC=0.7030 rate=8.79% top100=96.98%
chunks=390950 bytes=800665600 progress=80.07% BPC=0.7030 rate=8.79% top100=96.98%
chunks=391000 bytes=800768000 progress=80.08% BPC=0.7030 rate=8.79% top100=96.98%
chunks=391050 bytes=800870400 progress=80.09% BPC=0.7030 rate=8.79% top100=96.98%
chunks=391100 bytes=800972800 progress=80.10% BPC=0.7030 rate=8.79% top100=96.98%
chunks=391150 bytes=801075200 progress=80.11% BPC=0.7030 rate=8.79% top100=96.98%
chunks=391200 bytes=801177600 progress=80.12% BPC=0.7030 rate=8.79% top100=96.98%
chunks=391250 bytes=801280000 progress=80.13% BPC=0.7030 rate=8.79% top100=96.98%
chunks=391300 bytes=801382400 progress=80.14% BPC=0.7030 rate=8.79% top100=96.98%
chunks=391350 bytes=801484800 progress=80.15% BPC=0.7030 rate=8.79% top100=96.98%
chunks=391400 bytes=801587200 progress=80.16% BPC=0.7030 rate=8.79% top100=96.98%
chunks=391450 bytes=801689600 progress=80.17% BPC=0.7030 rate=8.79% top100=96.98%
chunks=391500 bytes=801792000 progress=80.18% BPC=0.7030 rate=8.79% top100=96.98%
chunks=391550 bytes=801894400 progress=80.19% BPC=0.7030 rate=8.79% top100=96.98%
chunks=391600 bytes=801996800 progress=80.20% BPC=0.7030 rate=8.79% top100=96.98%
chunks=391650 bytes=802099200 progress=80.21% BPC=0.7030 rate=8.79% top100=96.98%
chunks=391700 bytes=802201600 progress=80.22% BPC=0.7030 rate=8.79% top100=96.98%
chunks=391750 bytes=802304000 progress=80.23% BPC=0.7030 rate=8.79% top100=96.98%
chunks=391800 bytes=802406400 progress=80.24% BPC=0.7030 rate=8.79% top100=96.98%
chunks=391850 bytes=802508800 progress=80.25% BPC=0.7030 rate=8.79% top100=96.98%
chunks=391900 bytes=802611200 progress=80.26% BPC=0.7030 rate=8.79% top100=96.98%
chunks=391950 bytes=802713600 progress=80.27% BPC=0.7030 rate=8.79% top100=96.98%
chunks=392000 bytes=802816000 progress=80.28% BPC=0.7030 rate=8.79% top100=96.98%
chunks=392050 bytes=802918400 progress=80.29% BPC=0.7030 rate=8.79% top100=96.98%
chunks=392100 bytes=803020800 progress=80.30% BPC=0.7031 rate=8.79% top100=96.98%
chunks=392150 bytes=803123200 progress=80.31% BPC=0.7030 rate=8.79% top100=96.98%
chunks=392200 bytes=803225600 progress=80.32% BPC=0.7030 rate=8.79% top100=96.98%
chunks=392250 bytes=803328000 progress=80.33% BPC=0.7030 rate=8.79% top100=96.98%
chunks=392300 bytes=803430400 progress=80.34% BPC=0.7030 rate=8.79% top100=96.98%
chunks=392350 bytes=803532800 progress=80.35% BPC=0.7030 rate=8.79% top100=96.98%
chunks=392400 bytes=803635200 progress=80.36% BPC=0.7030 rate=8.79% top100=96.98%
chunks=392450 bytes=803737600 progress=80.37% BPC=0.7030 rate=8.79% top100=96.98%
chunks=392500 bytes=803840000 progress=80.38% BPC=0.7030 rate=8.79% top100=96.98%
chunks=392550 bytes=803942400 progress=80.39% BPC=0.7030 rate=8.79% top100=96.98%
chunks=392600 bytes=804044800 progress=80.40% BPC=0.7030 rate=8.79% top100=96.98%
chunks=392650 bytes=804147200 progress=80.41% BPC=0.7030 rate=8.79% top100=96.98%
chunks=392700 bytes=804249600 progress=80.42% BPC=0.7030 rate=8.79% top100=96.98%
chunks=392750 bytes=804352000 progress=80.44% BPC=0.7030 rate=8.79% top100=96.98%
chunks=392800 bytes=804454400 progress=80.45% BPC=0.7030 rate=8.79% top100=96.98%
chunks=392850 bytes=804556800 progress=80.46% BPC=0.7030 rate=8.79% top100=96.98%
chunks=392900 bytes=804659200 progress=80.47% BPC=0.7030 rate=8.79% top100=96.98%
chunks=392950 bytes=804761600 progress=80.48% BPC=0.7029 rate=8.79% top100=96.98%
chunks=393000 bytes=804864000 progress=80.49% BPC=0.7030 rate=8.79% top100=96.98%
chunks=393050 bytes=804966400 progress=80.50% BPC=0.7029 rate=8.79% top100=96.98%
chunks=393100 bytes=805068800 progress=80.51% BPC=0.7029 rate=8.79% top100=96.98%
chunks=393150 bytes=805171200 progress=80.52% BPC=0.7029 rate=8.79% top100=96.98%
chunks=393200 bytes=805273600 progress=80.53% BPC=0.7029 rate=8.79% top100=96.98%
chunks=393250 bytes=805376000 progress=80.54% BPC=0.7029 rate=8.79% top100=96.98%
chunks=393300 bytes=805478400 progress=80.55% BPC=0.7028 rate=8.79% top100=96.98%
chunks=393350 bytes=805580800 progress=80.56% BPC=0.7028 rate=8.78% top100=96.98%
chunks=393400 bytes=805683200 progress=80.57% BPC=0.7028 rate=8.79% top100=96.98%
chunks=393450 bytes=805785600 progress=80.58% BPC=0.7028 rate=8.78% top100=96.98%
chunks=393500 bytes=805888000 progress=80.59% BPC=0.7028 rate=8.78% top100=96.98%
chunks=393550 bytes=805990400 progress=80.60% BPC=0.7027 rate=8.78% top100=96.98%
chunks=393600 bytes=806092800 progress=80.61% BPC=0.7027 rate=8.78% top100=96.98%
chunks=393650 bytes=806195200 progress=80.62% BPC=0.7027 rate=8.78% top100=96.98%
chunks=393700 bytes=806297600 progress=80.63% BPC=0.7027 rate=8.78% top100=96.98%
chunks=393750 bytes=806400000 progress=80.64% BPC=0.7027 rate=8.78% top100=96.98%
chunks=393800 bytes=806502400 progress=80.65% BPC=0.7027 rate=8.78% top100=96.98%
chunks=393850 bytes=806604800 progress=80.66% BPC=0.7027 rate=8.78% top100=96.98%
chunks=393900 bytes=806707200 progress=80.67% BPC=0.7027 rate=8.78% top100=96.98%
chunks=393950 bytes=806809600 progress=80.68% BPC=0.7027 rate=8.78% top100=96.99%
chunks=394000 bytes=806912000 progress=80.69% BPC=0.7026 rate=8.78% top100=96.99%
chunks=394050 bytes=807014400 progress=80.70% BPC=0.7026 rate=8.78% top100=96.99%
chunks=394100 bytes=807116800 progress=80.71% BPC=0.7027 rate=8.78% top100=96.98%
chunks=394150 bytes=807219200 progress=80.72% BPC=0.7027 rate=8.78% top100=96.98%
chunks=394200 bytes=807321600 progress=80.73% BPC=0.7027 rate=8.78% top100=96.98%
chunks=394250 bytes=807424000 progress=80.74% BPC=0.7027 rate=8.78% top100=96.98%
chunks=394300 bytes=807526400 progress=80.75% BPC=0.7027 rate=8.78% top100=96.98%
chunks=394350 bytes=807628800 progress=80.76% BPC=0.7027 rate=8.78% top100=96.98%
chunks=394400 bytes=807731200 progress=80.77% BPC=0.7027 rate=8.78% top100=96.98%
chunks=394450 bytes=807833600 progress=80.78% BPC=0.7027 rate=8.78% top100=96.98%
chunks=394500 bytes=807936000 progress=80.79% BPC=0.7027 rate=8.78% top100=96.98%
chunks=394550 bytes=808038400 progress=80.80% BPC=0.7027 rate=8.78% top100=96.98%
chunks=394600 bytes=808140800 progress=80.81% BPC=0.7027 rate=8.78% top100=96.98%
chunks=394650 bytes=808243200 progress=80.82% BPC=0.7027 rate=8.78% top100=96.98%
chunks=394700 bytes=808345600 progress=80.83% BPC=0.7027 rate=8.78% top100=96.98%
chunks=394750 bytes=808448000 progress=80.84% BPC=0.7027 rate=8.78% top100=96.98%
chunks=394800 bytes=808550400 progress=80.86% BPC=0.7027 rate=8.78% top100=96.98%
chunks=394850 bytes=808652800 progress=80.87% BPC=0.7027 rate=8.78% top100=96.98%
chunks=394900 bytes=808755200 progress=80.88% BPC=0.7027 rate=8.78% top100=96.98%
chunks=394950 bytes=808857600 progress=80.89% BPC=0.7027 rate=8.78% top100=96.98%
chunks=395000 bytes=808960000 progress=80.90% BPC=0.7027 rate=8.78% top100=96.98%
chunks=395050 bytes=809062400 progress=80.91% BPC=0.7027 rate=8.78% top100=96.98%
chunks=395100 bytes=809164800 progress=80.92% BPC=0.7027 rate=8.78% top100=96.98%
chunks=395150 bytes=809267200 progress=80.93% BPC=0.7027 rate=8.78% top100=96.98%
chunks=395200 bytes=809369600 progress=80.94% BPC=0.7027 rate=8.78% top100=96.98%
chunks=395250 bytes=809472000 progress=80.95% BPC=0.7027 rate=8.78% top100=96.98%
chunks=395300 bytes=809574400 progress=80.96% BPC=0.7027 rate=8.78% top100=96.98%
chunks=395350 bytes=809676800 progress=80.97% BPC=0.7027 rate=8.78% top100=96.98%
chunks=395400 bytes=809779200 progress=80.98% BPC=0.7027 rate=8.78% top100=96.98%
chunks=395450 bytes=809881600 progress=80.99% BPC=0.7027 rate=8.78% top100=96.98%
chunks=395500 bytes=809984000 progress=81.00% BPC=0.7027 rate=8.78% top100=96.98%
chunks=395550 bytes=810086400 progress=81.01% BPC=0.7028 rate=8.78% top100=96.98%
chunks=395600 bytes=810188800 progress=81.02% BPC=0.7028 rate=8.78% top100=96.98%
chunks=395650 bytes=810291200 progress=81.03% BPC=0.7028 rate=8.78% top100=96.98%
chunks=395700 bytes=810393600 progress=81.04% BPC=0.7028 rate=8.78% top100=96.98%
chunks=395750 bytes=810496000 progress=81.05% BPC=0.7028 rate=8.78% top100=96.98%
chunks=395800 bytes=810598400 progress=81.06% BPC=0.7028 rate=8.78% top100=96.98%
chunks=395850 bytes=810700800 progress=81.07% BPC=0.7028 rate=8.78% top100=96.98%
chunks=395900 bytes=810803200 progress=81.08% BPC=0.7028 rate=8.78% top100=96.98%
chunks=395950 bytes=810905600 progress=81.09% BPC=0.7028 rate=8.79% top100=96.98%
chunks=396000 bytes=811008000 progress=81.10% BPC=0.7028 rate=8.79% top100=96.98%
chunks=396050 bytes=811110400 progress=81.11% BPC=0.7028 rate=8.79% top100=96.98%
chunks=396100 bytes=811212800 progress=81.12% BPC=0.7028 rate=8.79% top100=96.98%
chunks=396150 bytes=811315200 progress=81.13% BPC=0.7028 rate=8.78% top100=96.98%
chunks=396200 bytes=811417600 progress=81.14% BPC=0.7028 rate=8.79% top100=96.98%
chunks=396250 bytes=811520000 progress=81.15% BPC=0.7028 rate=8.78% top100=96.98%
chunks=396300 bytes=811622400 progress=81.16% BPC=0.7028 rate=8.78% top100=96.98%
chunks=396350 bytes=811724800 progress=81.17% BPC=0.7028 rate=8.79% top100=96.98%
chunks=396400 bytes=811827200 progress=81.18% BPC=0.7028 rate=8.79% top100=96.98%
chunks=396450 bytes=811929600 progress=81.19% BPC=0.7028 rate=8.79% top100=96.98%
chunks=396500 bytes=812032000 progress=81.20% BPC=0.7028 rate=8.79% top100=96.98%
chunks=396550 bytes=812134400 progress=81.21% BPC=0.7028 rate=8.79% top100=96.98%
chunks=396600 bytes=812236800 progress=81.22% BPC=0.7028 rate=8.79% top100=96.98%
chunks=396650 bytes=812339200 progress=81.23% BPC=0.7029 rate=8.79% top100=96.98%
chunks=396700 bytes=812441600 progress=81.24% BPC=0.7029 rate=8.79% top100=96.98%
chunks=396750 bytes=812544000 progress=81.25% BPC=0.7029 rate=8.79% top100=96.98%
chunks=396800 bytes=812646400 progress=81.26% BPC=0.7029 rate=8.79% top100=96.98%
chunks=396850 bytes=812748800 progress=81.27% BPC=0.7029 rate=8.79% top100=96.98%
chunks=396900 bytes=812851200 progress=81.29% BPC=0.7029 rate=8.79% top100=96.98%
chunks=396950 bytes=812953600 progress=81.30% BPC=0.7029 rate=8.79% top100=96.98%
chunks=397000 bytes=813056000 progress=81.31% BPC=0.7029 rate=8.79% top100=96.98%
chunks=397050 bytes=813158400 progress=81.32% BPC=0.7029 rate=8.79% top100=96.98%
chunks=397100 bytes=813260800 progress=81.33% BPC=0.7029 rate=8.79% top100=96.98%
chunks=397150 bytes=813363200 progress=81.34% BPC=0.7029 rate=8.79% top100=96.98%
chunks=397200 bytes=813465600 progress=81.35% BPC=0.7029 rate=8.79% top100=96.98%
chunks=397250 bytes=813568000 progress=81.36% BPC=0.7029 rate=8.79% top100=96.98%
chunks=397300 bytes=813670400 progress=81.37% BPC=0.7029 rate=8.79% top100=96.98%
chunks=397350 bytes=813772800 progress=81.38% BPC=0.7029 rate=8.79% top100=96.98%
chunks=397400 bytes=813875200 progress=81.39% BPC=0.7029 rate=8.79% top100=96.98%
chunks=397450 bytes=813977600 progress=81.40% BPC=0.7029 rate=8.79% top100=96.98%
chunks=397500 bytes=814080000 progress=81.41% BPC=0.7029 rate=8.79% top100=96.98%
chunks=397550 bytes=814182400 progress=81.42% BPC=0.7029 rate=8.79% top100=96.98%
chunks=397600 bytes=814284800 progress=81.43% BPC=0.7029 rate=8.79% top100=96.98%
chunks=397650 bytes=814387200 progress=81.44% BPC=0.7029 rate=8.79% top100=96.98%
chunks=397700 bytes=814489600 progress=81.45% BPC=0.7030 rate=8.79% top100=96.98%
chunks=397750 bytes=814592000 progress=81.46% BPC=0.7029 rate=8.79% top100=96.98%
chunks=397800 bytes=814694400 progress=81.47% BPC=0.7029 rate=8.79% top100=96.98%
chunks=397850 bytes=814796800 progress=81.48% BPC=0.7029 rate=8.79% top100=96.98%
chunks=397900 bytes=814899200 progress=81.49% BPC=0.7029 rate=8.79% top100=96.98%
chunks=397950 bytes=815001600 progress=81.50% BPC=0.7029 rate=8.79% top100=96.98%
chunks=398000 bytes=815104000 progress=81.51% BPC=0.7029 rate=8.79% top100=96.98%
chunks=398050 bytes=815206400 progress=81.52% BPC=0.7029 rate=8.79% top100=96.98%
chunks=398100 bytes=815308800 progress=81.53% BPC=0.7029 rate=8.79% top100=96.98%
chunks=398150 bytes=815411200 progress=81.54% BPC=0.7030 rate=8.79% top100=96.98%
chunks=398200 bytes=815513600 progress=81.55% BPC=0.7030 rate=8.79% top100=96.98%
chunks=398250 bytes=815616000 progress=81.56% BPC=0.7030 rate=8.79% top100=96.98%
chunks=398300 bytes=815718400 progress=81.57% BPC=0.7030 rate=8.79% top100=96.98%
chunks=398350 bytes=815820800 progress=81.58% BPC=0.7030 rate=8.79% top100=96.98%
chunks=398400 bytes=815923200 progress=81.59% BPC=0.7030 rate=8.79% top100=96.98%
chunks=398450 bytes=816025600 progress=81.60% BPC=0.7030 rate=8.79% top100=96.98%
chunks=398500 bytes=816128000 progress=81.61% BPC=0.7030 rate=8.79% top100=96.98%
chunks=398550 bytes=816230400 progress=81.62% BPC=0.7030 rate=8.79% top100=96.98%
chunks=398600 bytes=816332800 progress=81.63% BPC=0.7030 rate=8.79% top100=96.98%
chunks=398650 bytes=816435200 progress=81.64% BPC=0.7030 rate=8.79% top100=96.98%
chunks=398700 bytes=816537600 progress=81.65% BPC=0.7030 rate=8.79% top100=96.98%
chunks=398750 bytes=816640000 progress=81.66% BPC=0.7030 rate=8.79% top100=96.98%
chunks=398800 bytes=816742400 progress=81.67% BPC=0.7030 rate=8.79% top100=96.98%
chunks=398850 bytes=816844800 progress=81.68% BPC=0.7030 rate=8.79% top100=96.98%
chunks=398900 bytes=816947200 progress=81.69% BPC=0.7031 rate=8.79% top100=96.98%
chunks=398950 bytes=817049600 progress=81.70% BPC=0.7031 rate=8.79% top100=96.98%
chunks=399000 bytes=817152000 progress=81.72% BPC=0.7031 rate=8.79% top100=96.98%
chunks=399050 bytes=817254400 progress=81.73% BPC=0.7031 rate=8.79% top100=96.98%
chunks=399100 bytes=817356800 progress=81.74% BPC=0.7031 rate=8.79% top100=96.98%
chunks=399150 bytes=817459200 progress=81.75% BPC=0.7031 rate=8.79% top100=96.98%
chunks=399200 bytes=817561600 progress=81.76% BPC=0.7031 rate=8.79% top100=96.98%
chunks=399250 bytes=817664000 progress=81.77% BPC=0.7031 rate=8.79% top100=96.98%
chunks=399300 bytes=817766400 progress=81.78% BPC=0.7031 rate=8.79% top100=96.98%
chunks=399350 bytes=817868800 progress=81.79% BPC=0.7031 rate=8.79% top100=96.98%
chunks=399400 bytes=817971200 progress=81.80% BPC=0.7031 rate=8.79% top100=96.98%
chunks=399450 bytes=818073600 progress=81.81% BPC=0.7031 rate=8.79% top100=96.98%
chunks=399500 bytes=818176000 progress=81.82% BPC=0.7031 rate=8.79% top100=96.98%
chunks=399550 bytes=818278400 progress=81.83% BPC=0.7031 rate=8.79% top100=96.98%
chunks=399600 bytes=818380800 progress=81.84% BPC=0.7031 rate=8.79% top100=96.98%
chunks=399650 bytes=818483200 progress=81.85% BPC=0.7032 rate=8.79% top100=96.98%
chunks=399700 bytes=818585600 progress=81.86% BPC=0.7031 rate=8.79% top100=96.98%
chunks=399750 bytes=818688000 progress=81.87% BPC=0.7032 rate=8.79% top100=96.98%
chunks=399800 bytes=818790400 progress=81.88% BPC=0.7032 rate=8.79% top100=96.98%
chunks=399850 bytes=818892800 progress=81.89% BPC=0.7032 rate=8.79% top100=96.98%
chunks=399900 bytes=818995200 progress=81.90% BPC=0.7032 rate=8.79% top100=96.98%
chunks=399950 bytes=819097600 progress=81.91% BPC=0.7032 rate=8.79% top100=96.98%
chunks=400000 bytes=819200000 progress=81.92% BPC=0.7032 rate=8.79% top100=96.98%
chunks=400050 bytes=819302400 progress=81.93% BPC=0.7032 rate=8.79% top100=96.98%
chunks=400100 bytes=819404800 progress=81.94% BPC=0.7032 rate=8.79% top100=96.98%
chunks=400150 bytes=819507200 progress=81.95% BPC=0.7032 rate=8.79% top100=96.98%
chunks=400200 bytes=819609600 progress=81.96% BPC=0.7032 rate=8.79% top100=96.98%
chunks=400250 bytes=819712000 progress=81.97% BPC=0.7032 rate=8.79% top100=96.98%
chunks=400300 bytes=819814400 progress=81.98% BPC=0.7032 rate=8.79% top100=96.98%
chunks=400350 bytes=819916800 progress=81.99% BPC=0.7032 rate=8.79% top100=96.98%
chunks=400400 bytes=820019200 progress=82.00% BPC=0.7032 rate=8.79% top100=96.98%
chunks=400450 bytes=820121600 progress=82.01% BPC=0.7032 rate=8.79% top100=96.98%
chunks=400500 bytes=820224000 progress=82.02% BPC=0.7032 rate=8.79% top100=96.98%
chunks=400550 bytes=820326400 progress=82.03% BPC=0.7033 rate=8.79% top100=96.98%
chunks=400600 bytes=820428800 progress=82.04% BPC=0.7033 rate=8.79% top100=96.98%
chunks=400650 bytes=820531200 progress=82.05% BPC=0.7033 rate=8.79% top100=96.98%
chunks=400700 bytes=820633600 progress=82.06% BPC=0.7033 rate=8.79% top100=96.98%
chunks=400750 bytes=820736000 progress=82.07% BPC=0.7033 rate=8.79% top100=96.98%
chunks=400800 bytes=820838400 progress=82.08% BPC=0.7033 rate=8.79% top100=96.98%
chunks=400850 bytes=820940800 progress=82.09% BPC=0.7033 rate=8.79% top100=96.98%
chunks=400900 bytes=821043200 progress=82.10% BPC=0.7033 rate=8.79% top100=96.98%
chunks=400950 bytes=821145600 progress=82.11% BPC=0.7033 rate=8.79% top100=96.98%
chunks=401000 bytes=821248000 progress=82.12% BPC=0.7033 rate=8.79% top100=96.98%
chunks=401050 bytes=821350400 progress=82.14% BPC=0.7033 rate=8.79% top100=96.98%
chunks=401100 bytes=821452800 progress=82.15% BPC=0.7033 rate=8.79% top100=96.98%
chunks=401150 bytes=821555200 progress=82.16% BPC=0.7033 rate=8.79% top100=96.98%
chunks=401200 bytes=821657600 progress=82.17% BPC=0.7033 rate=8.79% top100=96.98%
chunks=401250 bytes=821760000 progress=82.18% BPC=0.7033 rate=8.79% top100=96.98%
chunks=401300 bytes=821862400 progress=82.19% BPC=0.7033 rate=8.79% top100=96.98%
chunks=401350 bytes=821964800 progress=82.20% BPC=0.7033 rate=8.79% top100=96.98%
chunks=401400 bytes=822067200 progress=82.21% BPC=0.7033 rate=8.79% top100=96.98%
chunks=401450 bytes=822169600 progress=82.22% BPC=0.7033 rate=8.79% top100=96.98%
chunks=401500 bytes=822272000 progress=82.23% BPC=0.7034 rate=8.79% top100=96.98%
chunks=401550 bytes=822374400 progress=82.24% BPC=0.7034 rate=8.79% top100=96.98%
chunks=401600 bytes=822476800 progress=82.25% BPC=0.7034 rate=8.79% top100=96.98%
chunks=401650 bytes=822579200 progress=82.26% BPC=0.7033 rate=8.79% top100=96.98%
chunks=401700 bytes=822681600 progress=82.27% BPC=0.7033 rate=8.79% top100=96.98%
chunks=401750 bytes=822784000 progress=82.28% BPC=0.7033 rate=8.79% top100=96.98%
chunks=401800 bytes=822886400 progress=82.29% BPC=0.7033 rate=8.79% top100=96.98%
chunks=401850 bytes=822988800 progress=82.30% BPC=0.7033 rate=8.79% top100=96.98%
chunks=401900 bytes=823091200 progress=82.31% BPC=0.7033 rate=8.79% top100=96.98%
chunks=401950 bytes=823193600 progress=82.32% BPC=0.7033 rate=8.79% top100=96.98%
chunks=402000 bytes=823296000 progress=82.33% BPC=0.7033 rate=8.79% top100=96.98%
chunks=402050 bytes=823398400 progress=82.34% BPC=0.7033 rate=8.79% top100=96.98%
chunks=402100 bytes=823500800 progress=82.35% BPC=0.7033 rate=8.79% top100=96.98%
chunks=402150 bytes=823603200 progress=82.36% BPC=0.7033 rate=8.79% top100=96.98%
chunks=402200 bytes=823705600 progress=82.37% BPC=0.7033 rate=8.79% top100=96.98%
chunks=402250 bytes=823808000 progress=82.38% BPC=0.7034 rate=8.79% top100=96.98%
chunks=402300 bytes=823910400 progress=82.39% BPC=0.7034 rate=8.79% top100=96.98%
chunks=402350 bytes=824012800 progress=82.40% BPC=0.7034 rate=8.79% top100=96.98%
chunks=402400 bytes=824115200 progress=82.41% BPC=0.7034 rate=8.79% top100=96.98%
chunks=402450 bytes=824217600 progress=82.42% BPC=0.7034 rate=8.79% top100=96.98%
chunks=402500 bytes=824320000 progress=82.43% BPC=0.7034 rate=8.79% top100=96.98%
chunks=402550 bytes=824422400 progress=82.44% BPC=0.7034 rate=8.79% top100=96.98%
chunks=402600 bytes=824524800 progress=82.45% BPC=0.7034 rate=8.79% top100=96.98%
chunks=402650 bytes=824627200 progress=82.46% BPC=0.7034 rate=8.79% top100=96.98%
chunks=402700 bytes=824729600 progress=82.47% BPC=0.7034 rate=8.79% top100=96.98%
chunks=402750 bytes=824832000 progress=82.48% BPC=0.7034 rate=8.79% top100=96.98%
chunks=402800 bytes=824934400 progress=82.49% BPC=0.7034 rate=8.79% top100=96.98%
chunks=402850 bytes=825036800 progress=82.50% BPC=0.7034 rate=8.79% top100=96.98%
chunks=402900 bytes=825139200 progress=82.51% BPC=0.7034 rate=8.79% top100=96.98%
chunks=402950 bytes=825241600 progress=82.52% BPC=0.7034 rate=8.79% top100=96.98%
chunks=403000 bytes=825344000 progress=82.53% BPC=0.7034 rate=8.79% top100=96.98%
chunks=403050 bytes=825446400 progress=82.54% BPC=0.7034 rate=8.79% top100=96.98%
chunks=403100 bytes=825548800 progress=82.55% BPC=0.7034 rate=8.79% top100=96.98%
chunks=403150 bytes=825651200 progress=82.57% BPC=0.7034 rate=8.79% top100=96.98%
chunks=403200 bytes=825753600 progress=82.58% BPC=0.7034 rate=8.79% top100=96.98%
chunks=403250 bytes=825856000 progress=82.59% BPC=0.7034 rate=8.79% top100=96.98%
chunks=403300 bytes=825958400 progress=82.60% BPC=0.7034 rate=8.79% top100=96.98%
chunks=403350 bytes=826060800 progress=82.61% BPC=0.7035 rate=8.79% top100=96.98%
chunks=403400 bytes=826163200 progress=82.62% BPC=0.7035 rate=8.79% top100=96.98%
chunks=403450 bytes=826265600 progress=82.63% BPC=0.7035 rate=8.79% top100=96.98%
chunks=403500 bytes=826368000 progress=82.64% BPC=0.7035 rate=8.79% top100=96.98%
chunks=403550 bytes=826470400 progress=82.65% BPC=0.7035 rate=8.79% top100=96.98%
chunks=403600 bytes=826572800 progress=82.66% BPC=0.7035 rate=8.79% top100=96.98%
chunks=403650 bytes=826675200 progress=82.67% BPC=0.7035 rate=8.79% top100=96.98%
chunks=403700 bytes=826777600 progress=82.68% BPC=0.7035 rate=8.79% top100=96.98%
chunks=403750 bytes=826880000 progress=82.69% BPC=0.7035 rate=8.79% top100=96.98%
chunks=403800 bytes=826982400 progress=82.70% BPC=0.7035 rate=8.79% top100=96.98%
chunks=403850 bytes=827084800 progress=82.71% BPC=0.7035 rate=8.79% top100=96.98%
chunks=403900 bytes=827187200 progress=82.72% BPC=0.7035 rate=8.79% top100=96.98%
chunks=403950 bytes=827289600 progress=82.73% BPC=0.7035 rate=8.79% top100=96.98%
chunks=404000 bytes=827392000 progress=82.74% BPC=0.7035 rate=8.79% top100=96.98%
chunks=404050 bytes=827494400 progress=82.75% BPC=0.7035 rate=8.79% top100=96.98%
chunks=404100 bytes=827596800 progress=82.76% BPC=0.7035 rate=8.79% top100=96.98%
chunks=404150 bytes=827699200 progress=82.77% BPC=0.7035 rate=8.79% top100=96.98%
chunks=404200 bytes=827801600 progress=82.78% BPC=0.7035 rate=8.79% top100=96.98%
chunks=404250 bytes=827904000 progress=82.79% BPC=0.7035 rate=8.79% top100=96.98%
chunks=404300 bytes=828006400 progress=82.80% BPC=0.7035 rate=8.79% top100=96.98%
chunks=404350 bytes=828108800 progress=82.81% BPC=0.7035 rate=8.79% top100=96.98%
chunks=404400 bytes=828211200 progress=82.82% BPC=0.7035 rate=8.79% top100=96.98%
chunks=404450 bytes=828313600 progress=82.83% BPC=0.7036 rate=8.79% top100=96.98%
chunks=404500 bytes=828416000 progress=82.84% BPC=0.7035 rate=8.79% top100=96.98%
chunks=404550 bytes=828518400 progress=82.85% BPC=0.7035 rate=8.79% top100=96.98%
chunks=404600 bytes=828620800 progress=82.86% BPC=0.7035 rate=8.79% top100=96.98%
chunks=404650 bytes=828723200 progress=82.87% BPC=0.7035 rate=8.79% top100=96.98%
chunks=404700 bytes=828825600 progress=82.88% BPC=0.7036 rate=8.79% top100=96.98%
chunks=404750 bytes=828928000 progress=82.89% BPC=0.7036 rate=8.79% top100=96.98%
chunks=404800 bytes=829030400 progress=82.90% BPC=0.7036 rate=8.79% top100=96.98%
chunks=404850 bytes=829132800 progress=82.91% BPC=0.7036 rate=8.79% top100=96.98%
chunks=404900 bytes=829235200 progress=82.92% BPC=0.7036 rate=8.79% top100=96.98%
chunks=404950 bytes=829337600 progress=82.93% BPC=0.7035 rate=8.79% top100=96.98%
chunks=405000 bytes=829440000 progress=82.94% BPC=0.7035 rate=8.79% top100=96.98%
chunks=405050 bytes=829542400 progress=82.95% BPC=0.7036 rate=8.79% top100=96.98%
chunks=405100 bytes=829644800 progress=82.96% BPC=0.7036 rate=8.79% top100=96.98%
chunks=405150 bytes=829747200 progress=82.97% BPC=0.7036 rate=8.79% top100=96.98%
chunks=405200 bytes=829849600 progress=82.98% BPC=0.7036 rate=8.79% top100=96.98%
chunks=405250 bytes=829952000 progress=83.00% BPC=0.7036 rate=8.79% top100=96.98%
chunks=405300 bytes=830054400 progress=83.01% BPC=0.7036 rate=8.79% top100=96.98%
chunks=405350 bytes=830156800 progress=83.02% BPC=0.7036 rate=8.79% top100=96.98%
chunks=405400 bytes=830259200 progress=83.03% BPC=0.7036 rate=8.79% top100=96.98%
chunks=405450 bytes=830361600 progress=83.04% BPC=0.7036 rate=8.79% top100=96.98%
chunks=405500 bytes=830464000 progress=83.05% BPC=0.7036 rate=8.79% top100=96.98%
chunks=405550 bytes=830566400 progress=83.06% BPC=0.7036 rate=8.79% top100=96.98%
chunks=405600 bytes=830668800 progress=83.07% BPC=0.7036 rate=8.79% top100=96.98%
chunks=405650 bytes=830771200 progress=83.08% BPC=0.7036 rate=8.79% top100=96.98%
chunks=405700 bytes=830873600 progress=83.09% BPC=0.7036 rate=8.79% top100=96.98%
chunks=405750 bytes=830976000 progress=83.10% BPC=0.7036 rate=8.80% top100=96.98%
chunks=405800 bytes=831078400 progress=83.11% BPC=0.7036 rate=8.79% top100=96.98%
chunks=405850 bytes=831180800 progress=83.12% BPC=0.7036 rate=8.79% top100=96.98%
chunks=405900 bytes=831283200 progress=83.13% BPC=0.7036 rate=8.79% top100=96.98%
chunks=405950 bytes=831385600 progress=83.14% BPC=0.7036 rate=8.79% top100=96.98%
chunks=406000 bytes=831488000 progress=83.15% BPC=0.7036 rate=8.79% top100=96.98%
chunks=406050 bytes=831590400 progress=83.16% BPC=0.7036 rate=8.79% top100=96.98%
chunks=406100 bytes=831692800 progress=83.17% BPC=0.7036 rate=8.79% top100=96.98%
chunks=406150 bytes=831795200 progress=83.18% BPC=0.7036 rate=8.79% top100=96.98%
chunks=406200 bytes=831897600 progress=83.19% BPC=0.7036 rate=8.79% top100=96.98%
chunks=406250 bytes=832000000 progress=83.20% BPC=0.7036 rate=8.79% top100=96.98%
chunks=406300 bytes=832102400 progress=83.21% BPC=0.7036 rate=8.80% top100=96.98%
chunks=406350 bytes=832204800 progress=83.22% BPC=0.7036 rate=8.80% top100=96.98%
chunks=406400 bytes=832307200 progress=83.23% BPC=0.7036 rate=8.80% top100=96.98%
chunks=406450 bytes=832409600 progress=83.24% BPC=0.7036 rate=8.80% top100=96.98%
chunks=406500 bytes=832512000 progress=83.25% BPC=0.7036 rate=8.80% top100=96.98%
chunks=406550 bytes=832614400 progress=83.26% BPC=0.7036 rate=8.80% top100=96.98%
chunks=406600 bytes=832716800 progress=83.27% BPC=0.7036 rate=8.80% top100=96.98%
chunks=406650 bytes=832819200 progress=83.28% BPC=0.7037 rate=8.80% top100=96.98%
chunks=406700 bytes=832921600 progress=83.29% BPC=0.7037 rate=8.80% top100=96.98%
chunks=406750 bytes=833024000 progress=83.30% BPC=0.7037 rate=8.80% top100=96.98%
chunks=406800 bytes=833126400 progress=83.31% BPC=0.7037 rate=8.80% top100=96.98%
chunks=406850 bytes=833228800 progress=83.32% BPC=0.7037 rate=8.80% top100=96.98%
chunks=406900 bytes=833331200 progress=83.33% BPC=0.7037 rate=8.80% top100=96.98%
chunks=406950 bytes=833433600 progress=83.34% BPC=0.7037 rate=8.80% top100=96.98%
chunks=407000 bytes=833536000 progress=83.35% BPC=0.7037 rate=8.80% top100=96.98%
chunks=407050 bytes=833638400 progress=83.36% BPC=0.7037 rate=8.80% top100=96.98%
chunks=407100 bytes=833740800 progress=83.37% BPC=0.7037 rate=8.80% top100=96.98%
chunks=407150 bytes=833843200 progress=83.38% BPC=0.7037 rate=8.80% top100=96.98%
chunks=407200 bytes=833945600 progress=83.39% BPC=0.7037 rate=8.80% top100=96.98%
chunks=407250 bytes=834048000 progress=83.40% BPC=0.7037 rate=8.80% top100=96.98%
chunks=407300 bytes=834150400 progress=83.42% BPC=0.7038 rate=8.80% top100=96.98%
chunks=407350 bytes=834252800 progress=83.43% BPC=0.7038 rate=8.80% top100=96.98%
chunks=407400 bytes=834355200 progress=83.44% BPC=0.7038 rate=8.80% top100=96.98%
chunks=407450 bytes=834457600 progress=83.45% BPC=0.7038 rate=8.80% top100=96.98%
chunks=407500 bytes=834560000 progress=83.46% BPC=0.7038 rate=8.80% top100=96.98%
chunks=407550 bytes=834662400 progress=83.47% BPC=0.7038 rate=8.80% top100=96.97%
chunks=407600 bytes=834764800 progress=83.48% BPC=0.7038 rate=8.80% top100=96.97%
chunks=407650 bytes=834867200 progress=83.49% BPC=0.7038 rate=8.80% top100=96.97%
chunks=407700 bytes=834969600 progress=83.50% BPC=0.7038 rate=8.80% top100=96.97%
chunks=407750 bytes=835072000 progress=83.51% BPC=0.7038 rate=8.80% top100=96.97%
chunks=407800 bytes=835174400 progress=83.52% BPC=0.7038 rate=8.80% top100=96.97%
chunks=407850 bytes=835276800 progress=83.53% BPC=0.7038 rate=8.80% top100=96.97%
chunks=407900 bytes=835379200 progress=83.54% BPC=0.7038 rate=8.80% top100=96.97%
chunks=407950 bytes=835481600 progress=83.55% BPC=0.7038 rate=8.80% top100=96.97%
chunks=408000 bytes=835584000 progress=83.56% BPC=0.7038 rate=8.80% top100=96.97%
chunks=408050 bytes=835686400 progress=83.57% BPC=0.7039 rate=8.80% top100=96.97%
chunks=408100 bytes=835788800 progress=83.58% BPC=0.7039 rate=8.80% top100=96.97%
chunks=408150 bytes=835891200 progress=83.59% BPC=0.7039 rate=8.80% top100=96.97%
chunks=408200 bytes=835993600 progress=83.60% BPC=0.7039 rate=8.80% top100=96.97%
chunks=408250 bytes=836096000 progress=83.61% BPC=0.7039 rate=8.80% top100=96.97%
chunks=408300 bytes=836198400 progress=83.62% BPC=0.7039 rate=8.80% top100=96.97%
chunks=408350 bytes=836300800 progress=83.63% BPC=0.7038 rate=8.80% top100=96.97%
chunks=408400 bytes=836403200 progress=83.64% BPC=0.7038 rate=8.80% top100=96.97%
chunks=408450 bytes=836505600 progress=83.65% BPC=0.7038 rate=8.80% top100=96.97%
chunks=408500 bytes=836608000 progress=83.66% BPC=0.7037 rate=8.80% top100=96.97%
chunks=408550 bytes=836710400 progress=83.67% BPC=0.7037 rate=8.80% top100=96.97%
chunks=408600 bytes=836812800 progress=83.68% BPC=0.7037 rate=8.80% top100=96.97%
chunks=408650 bytes=836915200 progress=83.69% BPC=0.7037 rate=8.80% top100=96.97%
chunks=408700 bytes=837017600 progress=83.70% BPC=0.7037 rate=8.80% top100=96.97%
chunks=408750 bytes=837120000 progress=83.71% BPC=0.7037 rate=8.80% top100=96.97%
chunks=408800 bytes=837222400 progress=83.72% BPC=0.7037 rate=8.80% top100=96.97%
chunks=408850 bytes=837324800 progress=83.73% BPC=0.7037 rate=8.80% top100=96.97%
chunks=408900 bytes=837427200 progress=83.74% BPC=0.7037 rate=8.80% top100=96.97%
chunks=408950 bytes=837529600 progress=83.75% BPC=0.7037 rate=8.80% top100=96.97%
chunks=409000 bytes=837632000 progress=83.76% BPC=0.7038 rate=8.80% top100=96.97%
chunks=409050 bytes=837734400 progress=83.77% BPC=0.7038 rate=8.80% top100=96.97%
chunks=409100 bytes=837836800 progress=83.78% BPC=0.7038 rate=8.80% top100=96.97%
chunks=409150 bytes=837939200 progress=83.79% BPC=0.7038 rate=8.80% top100=96.97%
chunks=409200 bytes=838041600 progress=83.80% BPC=0.7038 rate=8.80% top100=96.97%
chunks=409250 bytes=838144000 progress=83.81% BPC=0.7038 rate=8.80% top100=96.97%
chunks=409300 bytes=838246400 progress=83.82% BPC=0.7038 rate=8.80% top100=96.97%
chunks=409350 bytes=838348800 progress=83.83% BPC=0.7038 rate=8.80% top100=96.97%
chunks=409400 bytes=838451200 progress=83.85% BPC=0.7038 rate=8.80% top100=96.97%
chunks=409450 bytes=838553600 progress=83.86% BPC=0.7038 rate=8.80% top100=96.97%
chunks=409500 bytes=838656000 progress=83.87% BPC=0.7038 rate=8.80% top100=96.97%
chunks=409550 bytes=838758400 progress=83.88% BPC=0.7038 rate=8.80% top100=96.97%
chunks=409600 bytes=838860800 progress=83.89% BPC=0.7038 rate=8.80% top100=96.97%
chunks=409650 bytes=838963200 progress=83.90% BPC=0.7038 rate=8.80% top100=96.97%
chunks=409700 bytes=839065600 progress=83.91% BPC=0.7038 rate=8.80% top100=96.97%
chunks=409750 bytes=839168000 progress=83.92% BPC=0.7039 rate=8.80% top100=96.97%
chunks=409800 bytes=839270400 progress=83.93% BPC=0.7039 rate=8.80% top100=96.97%
chunks=409850 bytes=839372800 progress=83.94% BPC=0.7039 rate=8.80% top100=96.97%
chunks=409900 bytes=839475200 progress=83.95% BPC=0.7039 rate=8.80% top100=96.97%
chunks=409950 bytes=839577600 progress=83.96% BPC=0.7039 rate=8.80% top100=96.97%
chunks=410000 bytes=839680000 progress=83.97% BPC=0.7039 rate=8.80% top100=96.97%
chunks=410050 bytes=839782400 progress=83.98% BPC=0.7039 rate=8.80% top100=96.97%
chunks=410100 bytes=839884800 progress=83.99% BPC=0.7039 rate=8.80% top100=96.97%
chunks=410150 bytes=839987200 progress=84.00% BPC=0.7039 rate=8.80% top100=96.97%
chunks=410200 bytes=840089600 progress=84.01% BPC=0.7039 rate=8.80% top100=96.97%
chunks=410250 bytes=840192000 progress=84.02% BPC=0.7039 rate=8.80% top100=96.97%
chunks=410300 bytes=840294400 progress=84.03% BPC=0.7039 rate=8.80% top100=96.97%
chunks=410350 bytes=840396800 progress=84.04% BPC=0.7039 rate=8.80% top100=96.97%
chunks=410400 bytes=840499200 progress=84.05% BPC=0.7039 rate=8.80% top100=96.97%
chunks=410450 bytes=840601600 progress=84.06% BPC=0.7039 rate=8.80% top100=96.97%
chunks=410500 bytes=840704000 progress=84.07% BPC=0.7039 rate=8.80% top100=96.97%
chunks=410550 bytes=840806400 progress=84.08% BPC=0.7039 rate=8.80% top100=96.97%
chunks=410600 bytes=840908800 progress=84.09% BPC=0.7039 rate=8.80% top100=96.97%
chunks=410650 bytes=841011200 progress=84.10% BPC=0.7039 rate=8.80% top100=96.97%
chunks=410700 bytes=841113600 progress=84.11% BPC=0.7040 rate=8.80% top100=96.97%
chunks=410750 bytes=841216000 progress=84.12% BPC=0.7040 rate=8.80% top100=96.97%
chunks=410800 bytes=841318400 progress=84.13% BPC=0.7040 rate=8.80% top100=96.97%
chunks=410850 bytes=841420800 progress=84.14% BPC=0.7040 rate=8.80% top100=96.97%
chunks=410900 bytes=841523200 progress=84.15% BPC=0.7040 rate=8.80% top100=96.97%
chunks=410950 bytes=841625600 progress=84.16% BPC=0.7040 rate=8.80% top100=96.97%
chunks=411000 bytes=841728000 progress=84.17% BPC=0.7040 rate=8.80% top100=96.97%
chunks=411050 bytes=841830400 progress=84.18% BPC=0.7040 rate=8.80% top100=96.97%
chunks=411100 bytes=841932800 progress=84.19% BPC=0.7040 rate=8.80% top100=96.97%
chunks=411150 bytes=842035200 progress=84.20% BPC=0.7040 rate=8.80% top100=96.97%
chunks=411200 bytes=842137600 progress=84.21% BPC=0.7040 rate=8.80% top100=96.97%
chunks=411250 bytes=842240000 progress=84.22% BPC=0.7040 rate=8.80% top100=96.97%
chunks=411300 bytes=842342400 progress=84.23% BPC=0.7040 rate=8.80% top100=96.97%
chunks=411350 bytes=842444800 progress=84.24% BPC=0.7041 rate=8.80% top100=96.97%
chunks=411400 bytes=842547200 progress=84.25% BPC=0.7041 rate=8.80% top100=96.97%
chunks=411450 bytes=842649600 progress=84.26% BPC=0.7041 rate=8.80% top100=96.97%
chunks=411500 bytes=842752000 progress=84.28% BPC=0.7041 rate=8.80% top100=96.97%
chunks=411550 bytes=842854400 progress=84.29% BPC=0.7041 rate=8.80% top100=96.97%
chunks=411600 bytes=842956800 progress=84.30% BPC=0.7041 rate=8.80% top100=96.97%
chunks=411650 bytes=843059200 progress=84.31% BPC=0.7041 rate=8.80% top100=96.97%
chunks=411700 bytes=843161600 progress=84.32% BPC=0.7042 rate=8.80% top100=96.97%
chunks=411750 bytes=843264000 progress=84.33% BPC=0.7042 rate=8.80% top100=96.97%
chunks=411800 bytes=843366400 progress=84.34% BPC=0.7042 rate=8.80% top100=96.97%
chunks=411850 bytes=843468800 progress=84.35% BPC=0.7042 rate=8.80% top100=96.97%
chunks=411900 bytes=843571200 progress=84.36% BPC=0.7042 rate=8.80% top100=96.97%
chunks=411950 bytes=843673600 progress=84.37% BPC=0.7042 rate=8.80% top100=96.97%
chunks=412000 bytes=843776000 progress=84.38% BPC=0.7042 rate=8.80% top100=96.97%
chunks=412050 bytes=843878400 progress=84.39% BPC=0.7042 rate=8.80% top100=96.97%
chunks=412100 bytes=843980800 progress=84.40% BPC=0.7042 rate=8.80% top100=96.97%
chunks=412150 bytes=844083200 progress=84.41% BPC=0.7042 rate=8.80% top100=96.97%
chunks=412200 bytes=844185600 progress=84.42% BPC=0.7042 rate=8.80% top100=96.97%
chunks=412250 bytes=844288000 progress=84.43% BPC=0.7042 rate=8.80% top100=96.97%
chunks=412300 bytes=844390400 progress=84.44% BPC=0.7042 rate=8.80% top100=96.97%
chunks=412350 bytes=844492800 progress=84.45% BPC=0.7042 rate=8.80% top100=96.97%
chunks=412400 bytes=844595200 progress=84.46% BPC=0.7042 rate=8.80% top100=96.97%
chunks=412450 bytes=844697600 progress=84.47% BPC=0.7042 rate=8.80% top100=96.97%
chunks=412500 bytes=844800000 progress=84.48% BPC=0.7042 rate=8.80% top100=96.97%
chunks=412550 bytes=844902400 progress=84.49% BPC=0.7042 rate=8.80% top100=96.97%
chunks=412600 bytes=845004800 progress=84.50% BPC=0.7042 rate=8.80% top100=96.97%
chunks=412650 bytes=845107200 progress=84.51% BPC=0.7042 rate=8.80% top100=96.97%
chunks=412700 bytes=845209600 progress=84.52% BPC=0.7042 rate=8.80% top100=96.97%
chunks=412750 bytes=845312000 progress=84.53% BPC=0.7042 rate=8.80% top100=96.97%
chunks=412800 bytes=845414400 progress=84.54% BPC=0.7042 rate=8.80% top100=96.97%
chunks=412850 bytes=845516800 progress=84.55% BPC=0.7042 rate=8.80% top100=96.97%
chunks=412900 bytes=845619200 progress=84.56% BPC=0.7042 rate=8.80% top100=96.97%
chunks=412950 bytes=845721600 progress=84.57% BPC=0.7042 rate=8.80% top100=96.97%
chunks=413000 bytes=845824000 progress=84.58% BPC=0.7042 rate=8.80% top100=96.97%
chunks=413050 bytes=845926400 progress=84.59% BPC=0.7042 rate=8.80% top100=96.97%
chunks=413100 bytes=846028800 progress=84.60% BPC=0.7043 rate=8.80% top100=96.97%
chunks=413150 bytes=846131200 progress=84.61% BPC=0.7042 rate=8.80% top100=96.97%
chunks=413200 bytes=846233600 progress=84.62% BPC=0.7043 rate=8.80% top100=96.97%
chunks=413250 bytes=846336000 progress=84.63% BPC=0.7043 rate=8.80% top100=96.97%
chunks=413300 bytes=846438400 progress=84.64% BPC=0.7043 rate=8.80% top100=96.97%
chunks=413350 bytes=846540800 progress=84.65% BPC=0.7043 rate=8.80% top100=96.97%
chunks=413400 bytes=846643200 progress=84.66% BPC=0.7043 rate=8.80% top100=96.97%
chunks=413450 bytes=846745600 progress=84.67% BPC=0.7043 rate=8.80% top100=96.97%
chunks=413500 bytes=846848000 progress=84.68% BPC=0.7043 rate=8.80% top100=96.97%
chunks=413550 bytes=846950400 progress=84.70% BPC=0.7042 rate=8.80% top100=96.97%
chunks=413600 bytes=847052800 progress=84.71% BPC=0.7042 rate=8.80% top100=96.97%
chunks=413650 bytes=847155200 progress=84.72% BPC=0.7042 rate=8.80% top100=96.97%
chunks=413700 bytes=847257600 progress=84.73% BPC=0.7042 rate=8.80% top100=96.97%
chunks=413750 bytes=847360000 progress=84.74% BPC=0.7042 rate=8.80% top100=96.97%
chunks=413800 bytes=847462400 progress=84.75% BPC=0.7043 rate=8.80% top100=96.97%
chunks=413850 bytes=847564800 progress=84.76% BPC=0.7043 rate=8.80% top100=96.97%
chunks=413900 bytes=847667200 progress=84.77% BPC=0.7043 rate=8.80% top100=96.97%
chunks=413950 bytes=847769600 progress=84.78% BPC=0.7043 rate=8.80% top100=96.97%
chunks=414000 bytes=847872000 progress=84.79% BPC=0.7043 rate=8.80% top100=96.97%
chunks=414050 bytes=847974400 progress=84.80% BPC=0.7043 rate=8.80% top100=96.97%
chunks=414100 bytes=848076800 progress=84.81% BPC=0.7043 rate=8.80% top100=96.97%
chunks=414150 bytes=848179200 progress=84.82% BPC=0.7043 rate=8.80% top100=96.97%
chunks=414200 bytes=848281600 progress=84.83% BPC=0.7043 rate=8.80% top100=96.97%
chunks=414250 bytes=848384000 progress=84.84% BPC=0.7043 rate=8.80% top100=96.97%
chunks=414300 bytes=848486400 progress=84.85% BPC=0.7043 rate=8.80% top100=96.97%
chunks=414350 bytes=848588800 progress=84.86% BPC=0.7043 rate=8.80% top100=96.97%
chunks=414400 bytes=848691200 progress=84.87% BPC=0.7043 rate=8.80% top100=96.97%
chunks=414450 bytes=848793600 progress=84.88% BPC=0.7043 rate=8.80% top100=96.97%
chunks=414500 bytes=848896000 progress=84.89% BPC=0.7043 rate=8.80% top100=96.97%
chunks=414550 bytes=848998400 progress=84.90% BPC=0.7043 rate=8.80% top100=96.97%
chunks=414600 bytes=849100800 progress=84.91% BPC=0.7043 rate=8.80% top100=96.97%
chunks=414650 bytes=849203200 progress=84.92% BPC=0.7043 rate=8.80% top100=96.97%
chunks=414700 bytes=849305600 progress=84.93% BPC=0.7043 rate=8.80% top100=96.97%
chunks=414750 bytes=849408000 progress=84.94% BPC=0.7044 rate=8.80% top100=96.97%
chunks=414800 bytes=849510400 progress=84.95% BPC=0.7044 rate=8.80% top100=96.97%
chunks=414850 bytes=849612800 progress=84.96% BPC=0.7044 rate=8.80% top100=96.97%
chunks=414900 bytes=849715200 progress=84.97% BPC=0.7044 rate=8.80% top100=96.97%
chunks=414950 bytes=849817600 progress=84.98% BPC=0.7044 rate=8.80% top100=96.97%
chunks=415000 bytes=849920000 progress=84.99% BPC=0.7044 rate=8.80% top100=96.97%
chunks=415050 bytes=850022400 progress=85.00% BPC=0.7044 rate=8.80% top100=96.97%
chunks=415100 bytes=850124800 progress=85.01% BPC=0.7044 rate=8.80% top100=96.97%
chunks=415150 bytes=850227200 progress=85.02% BPC=0.7044 rate=8.80% top100=96.97%
chunks=415200 bytes=850329600 progress=85.03% BPC=0.7044 rate=8.80% top100=96.97%
chunks=415250 bytes=850432000 progress=85.04% BPC=0.7044 rate=8.80% top100=96.97%
chunks=415300 bytes=850534400 progress=85.05% BPC=0.7044 rate=8.80% top100=96.97%
chunks=415350 bytes=850636800 progress=85.06% BPC=0.7044 rate=8.80% top100=96.97%
chunks=415400 bytes=850739200 progress=85.07% BPC=0.7044 rate=8.81% top100=96.97%
chunks=415450 bytes=850841600 progress=85.08% BPC=0.7044 rate=8.81% top100=96.97%
chunks=415500 bytes=850944000 progress=85.09% BPC=0.7044 rate=8.81% top100=96.97%
chunks=415550 bytes=851046400 progress=85.10% BPC=0.7044 rate=8.81% top100=96.97%
chunks=415600 bytes=851148800 progress=85.11% BPC=0.7044 rate=8.81% top100=96.97%
chunks=415650 bytes=851251200 progress=85.13% BPC=0.7044 rate=8.81% top100=96.97%
chunks=415700 bytes=851353600 progress=85.14% BPC=0.7044 rate=8.81% top100=96.97%
chunks=415750 bytes=851456000 progress=85.15% BPC=0.7044 rate=8.81% top100=96.97%
chunks=415800 bytes=851558400 progress=85.16% BPC=0.7044 rate=8.81% top100=96.97%
chunks=415850 bytes=851660800 progress=85.17% BPC=0.7044 rate=8.81% top100=96.97%
chunks=415900 bytes=851763200 progress=85.18% BPC=0.7044 rate=8.81% top100=96.97%
chunks=415950 bytes=851865600 progress=85.19% BPC=0.7044 rate=8.81% top100=96.97%
chunks=416000 bytes=851968000 progress=85.20% BPC=0.7045 rate=8.81% top100=96.97%
chunks=416050 bytes=852070400 progress=85.21% BPC=0.7045 rate=8.81% top100=96.97%
chunks=416100 bytes=852172800 progress=85.22% BPC=0.7045 rate=8.81% top100=96.97%
chunks=416150 bytes=852275200 progress=85.23% BPC=0.7045 rate=8.81% top100=96.97%
chunks=416200 bytes=852377600 progress=85.24% BPC=0.7045 rate=8.81% top100=96.97%
chunks=416250 bytes=852480000 progress=85.25% BPC=0.7045 rate=8.81% top100=96.97%
chunks=416300 bytes=852582400 progress=85.26% BPC=0.7045 rate=8.81% top100=96.97%
chunks=416350 bytes=852684800 progress=85.27% BPC=0.7045 rate=8.81% top100=96.97%
chunks=416400 bytes=852787200 progress=85.28% BPC=0.7045 rate=8.81% top100=96.97%
chunks=416450 bytes=852889600 progress=85.29% BPC=0.7045 rate=8.81% top100=96.97%
chunks=416500 bytes=852992000 progress=85.30% BPC=0.7045 rate=8.81% top100=96.97%
chunks=416550 bytes=853094400 progress=85.31% BPC=0.7045 rate=8.81% top100=96.97%
chunks=416600 bytes=853196800 progress=85.32% BPC=0.7045 rate=8.81% top100=96.97%
chunks=416650 bytes=853299200 progress=85.33% BPC=0.7045 rate=8.81% top100=96.97%
chunks=416700 bytes=853401600 progress=85.34% BPC=0.7045 rate=8.81% top100=96.97%
chunks=416750 bytes=853504000 progress=85.35% BPC=0.7045 rate=8.81% top100=96.97%
chunks=416800 bytes=853606400 progress=85.36% BPC=0.7045 rate=8.81% top100=96.97%
chunks=416850 bytes=853708800 progress=85.37% BPC=0.7045 rate=8.81% top100=96.97%
chunks=416900 bytes=853811200 progress=85.38% BPC=0.7045 rate=8.81% top100=96.97%
chunks=416950 bytes=853913600 progress=85.39% BPC=0.7045 rate=8.81% top100=96.97%
chunks=417000 bytes=854016000 progress=85.40% BPC=0.7045 rate=8.81% top100=96.97%
chunks=417050 bytes=854118400 progress=85.41% BPC=0.7045 rate=8.81% top100=96.97%
chunks=417100 bytes=854220800 progress=85.42% BPC=0.7045 rate=8.81% top100=96.97%
chunks=417150 bytes=854323200 progress=85.43% BPC=0.7045 rate=8.81% top100=96.97%
chunks=417200 bytes=854425600 progress=85.44% BPC=0.7045 rate=8.81% top100=96.97%
chunks=417250 bytes=854528000 progress=85.45% BPC=0.7045 rate=8.81% top100=96.97%
chunks=417300 bytes=854630400 progress=85.46% BPC=0.7045 rate=8.81% top100=96.97%
chunks=417350 bytes=854732800 progress=85.47% BPC=0.7046 rate=8.81% top100=96.97%
chunks=417400 bytes=854835200 progress=85.48% BPC=0.7046 rate=8.81% top100=96.97%
chunks=417450 bytes=854937600 progress=85.49% BPC=0.7046 rate=8.81% top100=96.97%
chunks=417500 bytes=855040000 progress=85.50% BPC=0.7046 rate=8.81% top100=96.97%
chunks=417550 bytes=855142400 progress=85.51% BPC=0.7046 rate=8.81% top100=96.97%
chunks=417600 bytes=855244800 progress=85.52% BPC=0.7046 rate=8.81% top100=96.97%
chunks=417650 bytes=855347200 progress=85.53% BPC=0.7046 rate=8.81% top100=96.97%
chunks=417700 bytes=855449600 progress=85.54% BPC=0.7046 rate=8.81% top100=96.97%
chunks=417750 bytes=855552000 progress=85.56% BPC=0.7046 rate=8.81% top100=96.97%
chunks=417800 bytes=855654400 progress=85.57% BPC=0.7046 rate=8.81% top100=96.97%
chunks=417850 bytes=855756800 progress=85.58% BPC=0.7046 rate=8.81% top100=96.97%
chunks=417900 bytes=855859200 progress=85.59% BPC=0.7046 rate=8.81% top100=96.97%
chunks=417950 bytes=855961600 progress=85.60% BPC=0.7046 rate=8.81% top100=96.97%
chunks=418000 bytes=856064000 progress=85.61% BPC=0.7046 rate=8.81% top100=96.97%
chunks=418050 bytes=856166400 progress=85.62% BPC=0.7046 rate=8.81% top100=96.97%
chunks=418100 bytes=856268800 progress=85.63% BPC=0.7046 rate=8.81% top100=96.97%
chunks=418150 bytes=856371200 progress=85.64% BPC=0.7046 rate=8.81% top100=96.97%
chunks=418200 bytes=856473600 progress=85.65% BPC=0.7046 rate=8.81% top100=96.97%
chunks=418250 bytes=856576000 progress=85.66% BPC=0.7046 rate=8.81% top100=96.97%
chunks=418300 bytes=856678400 progress=85.67% BPC=0.7046 rate=8.81% top100=96.97%
chunks=418350 bytes=856780800 progress=85.68% BPC=0.7046 rate=8.81% top100=96.97%
chunks=418400 bytes=856883200 progress=85.69% BPC=0.7046 rate=8.81% top100=96.97%
chunks=418450 bytes=856985600 progress=85.70% BPC=0.7046 rate=8.81% top100=96.97%
chunks=418500 bytes=857088000 progress=85.71% BPC=0.7046 rate=8.81% top100=96.97%
chunks=418550 bytes=857190400 progress=85.72% BPC=0.7046 rate=8.81% top100=96.97%
chunks=418600 bytes=857292800 progress=85.73% BPC=0.7046 rate=8.81% top100=96.97%
chunks=418650 bytes=857395200 progress=85.74% BPC=0.7046 rate=8.81% top100=96.97%
chunks=418700 bytes=857497600 progress=85.75% BPC=0.7046 rate=8.81% top100=96.97%
chunks=418750 bytes=857600000 progress=85.76% BPC=0.7046 rate=8.81% top100=96.97%
chunks=418800 bytes=857702400 progress=85.77% BPC=0.7046 rate=8.81% top100=96.97%
chunks=418850 bytes=857804800 progress=85.78% BPC=0.7046 rate=8.81% top100=96.97%
chunks=418900 bytes=857907200 progress=85.79% BPC=0.7046 rate=8.81% top100=96.97%
chunks=418950 bytes=858009600 progress=85.80% BPC=0.7046 rate=8.81% top100=96.97%
chunks=419000 bytes=858112000 progress=85.81% BPC=0.7046 rate=8.81% top100=96.97%
chunks=419050 bytes=858214400 progress=85.82% BPC=0.7046 rate=8.81% top100=96.97%
chunks=419100 bytes=858316800 progress=85.83% BPC=0.7046 rate=8.81% top100=96.97%
chunks=419150 bytes=858419200 progress=85.84% BPC=0.7046 rate=8.81% top100=96.97%
chunks=419200 bytes=858521600 progress=85.85% BPC=0.7046 rate=8.81% top100=96.97%
chunks=419250 bytes=858624000 progress=85.86% BPC=0.7046 rate=8.81% top100=96.97%
chunks=419300 bytes=858726400 progress=85.87% BPC=0.7046 rate=8.81% top100=96.97%
chunks=419350 bytes=858828800 progress=85.88% BPC=0.7046 rate=8.81% top100=96.97%
chunks=419400 bytes=858931200 progress=85.89% BPC=0.7046 rate=8.81% top100=96.97%
chunks=419450 bytes=859033600 progress=85.90% BPC=0.7046 rate=8.81% top100=96.97%
chunks=419500 bytes=859136000 progress=85.91% BPC=0.7046 rate=8.81% top100=96.97%
chunks=419550 bytes=859238400 progress=85.92% BPC=0.7047 rate=8.81% top100=96.97%
chunks=419600 bytes=859340800 progress=85.93% BPC=0.7047 rate=8.81% top100=96.97%
chunks=419650 bytes=859443200 progress=85.94% BPC=0.7047 rate=8.81% top100=96.97%
chunks=419700 bytes=859545600 progress=85.95% BPC=0.7047 rate=8.81% top100=96.97%
chunks=419750 bytes=859648000 progress=85.96% BPC=0.7047 rate=8.81% top100=96.97%
chunks=419800 bytes=859750400 progress=85.98% BPC=0.7047 rate=8.81% top100=96.97%
chunks=419850 bytes=859852800 progress=85.99% BPC=0.7047 rate=8.81% top100=96.97%
chunks=419900 bytes=859955200 progress=86.00% BPC=0.7047 rate=8.81% top100=96.97%
chunks=419950 bytes=860057600 progress=86.01% BPC=0.7047 rate=8.81% top100=96.97%
chunks=420000 bytes=860160000 progress=86.02% BPC=0.7047 rate=8.81% top100=96.97%
chunks=420050 bytes=860262400 progress=86.03% BPC=0.7047 rate=8.81% top100=96.97%
chunks=420100 bytes=860364800 progress=86.04% BPC=0.7047 rate=8.81% top100=96.97%
chunks=420150 bytes=860467200 progress=86.05% BPC=0.7047 rate=8.81% top100=96.97%
chunks=420200 bytes=860569600 progress=86.06% BPC=0.7047 rate=8.81% top100=96.97%
chunks=420250 bytes=860672000 progress=86.07% BPC=0.7047 rate=8.81% top100=96.97%
chunks=420300 bytes=860774400 progress=86.08% BPC=0.7047 rate=8.81% top100=96.97%
chunks=420350 bytes=860876800 progress=86.09% BPC=0.7047 rate=8.81% top100=96.97%
chunks=420400 bytes=860979200 progress=86.10% BPC=0.7047 rate=8.81% top100=96.97%
chunks=420450 bytes=861081600 progress=86.11% BPC=0.7047 rate=8.81% top100=96.97%
chunks=420500 bytes=861184000 progress=86.12% BPC=0.7047 rate=8.81% top100=96.97%
chunks=420550 bytes=861286400 progress=86.13% BPC=0.7047 rate=8.81% top100=96.97%
chunks=420600 bytes=861388800 progress=86.14% BPC=0.7047 rate=8.81% top100=96.97%
chunks=420650 bytes=861491200 progress=86.15% BPC=0.7047 rate=8.81% top100=96.97%
chunks=420700 bytes=861593600 progress=86.16% BPC=0.7048 rate=8.81% top100=96.97%
chunks=420750 bytes=861696000 progress=86.17% BPC=0.7048 rate=8.81% top100=96.97%
chunks=420800 bytes=861798400 progress=86.18% BPC=0.7048 rate=8.81% top100=96.97%
chunks=420850 bytes=861900800 progress=86.19% BPC=0.7048 rate=8.81% top100=96.97%
chunks=420900 bytes=862003200 progress=86.20% BPC=0.7048 rate=8.81% top100=96.97%
chunks=420950 bytes=862105600 progress=86.21% BPC=0.7048 rate=8.81% top100=96.97%
chunks=421000 bytes=862208000 progress=86.22% BPC=0.7048 rate=8.81% top100=96.97%
chunks=421050 bytes=862310400 progress=86.23% BPC=0.7048 rate=8.81% top100=96.97%
chunks=421100 bytes=862412800 progress=86.24% BPC=0.7048 rate=8.81% top100=96.97%
chunks=421150 bytes=862515200 progress=86.25% BPC=0.7048 rate=8.81% top100=96.97%
chunks=421200 bytes=862617600 progress=86.26% BPC=0.7048 rate=8.81% top100=96.97%
chunks=421250 bytes=862720000 progress=86.27% BPC=0.7048 rate=8.81% top100=96.97%
chunks=421300 bytes=862822400 progress=86.28% BPC=0.7048 rate=8.81% top100=96.97%
chunks=421350 bytes=862924800 progress=86.29% BPC=0.7048 rate=8.81% top100=96.97%
chunks=421400 bytes=863027200 progress=86.30% BPC=0.7048 rate=8.81% top100=96.97%
chunks=421450 bytes=863129600 progress=86.31% BPC=0.7048 rate=8.81% top100=96.97%
chunks=421500 bytes=863232000 progress=86.32% BPC=0.7048 rate=8.81% top100=96.97%
chunks=421550 bytes=863334400 progress=86.33% BPC=0.7048 rate=8.81% top100=96.97%
chunks=421600 bytes=863436800 progress=86.34% BPC=0.7048 rate=8.81% top100=96.97%
chunks=421650 bytes=863539200 progress=86.35% BPC=0.7048 rate=8.81% top100=96.97%
chunks=421700 bytes=863641600 progress=86.36% BPC=0.7048 rate=8.81% top100=96.97%
chunks=421750 bytes=863744000 progress=86.37% BPC=0.7048 rate=8.81% top100=96.97%
chunks=421800 bytes=863846400 progress=86.38% BPC=0.7048 rate=8.81% top100=96.97%
chunks=421850 bytes=863948800 progress=86.39% BPC=0.7048 rate=8.81% top100=96.97%
chunks=421900 bytes=864051200 progress=86.41% BPC=0.7048 rate=8.81% top100=96.97%
chunks=421950 bytes=864153600 progress=86.42% BPC=0.7048 rate=8.81% top100=96.97%
chunks=422000 bytes=864256000 progress=86.43% BPC=0.7048 rate=8.81% top100=96.97%
chunks=422050 bytes=864358400 progress=86.44% BPC=0.7048 rate=8.81% top100=96.97%
chunks=422100 bytes=864460800 progress=86.45% BPC=0.7048 rate=8.81% top100=96.97%
chunks=422150 bytes=864563200 progress=86.46% BPC=0.7048 rate=8.81% top100=96.97%
chunks=422200 bytes=864665600 progress=86.47% BPC=0.7048 rate=8.81% top100=96.97%
chunks=422250 bytes=864768000 progress=86.48% BPC=0.7048 rate=8.81% top100=96.97%
chunks=422300 bytes=864870400 progress=86.49% BPC=0.7048 rate=8.81% top100=96.97%
chunks=422350 bytes=864972800 progress=86.50% BPC=0.7049 rate=8.81% top100=96.97%
chunks=422400 bytes=865075200 progress=86.51% BPC=0.7049 rate=8.81% top100=96.97%
chunks=422450 bytes=865177600 progress=86.52% BPC=0.7049 rate=8.81% top100=96.97%
chunks=422500 bytes=865280000 progress=86.53% BPC=0.7049 rate=8.81% top100=96.97%
chunks=422550 bytes=865382400 progress=86.54% BPC=0.7049 rate=8.81% top100=96.97%
chunks=422600 bytes=865484800 progress=86.55% BPC=0.7049 rate=8.81% top100=96.96%
chunks=422650 bytes=865587200 progress=86.56% BPC=0.7049 rate=8.81% top100=96.96%
chunks=422700 bytes=865689600 progress=86.57% BPC=0.7049 rate=8.81% top100=96.96%
chunks=422750 bytes=865792000 progress=86.58% BPC=0.7049 rate=8.81% top100=96.96%
chunks=422800 bytes=865894400 progress=86.59% BPC=0.7049 rate=8.81% top100=96.96%
chunks=422850 bytes=865996800 progress=86.60% BPC=0.7049 rate=8.81% top100=96.96%
chunks=422900 bytes=866099200 progress=86.61% BPC=0.7049 rate=8.81% top100=96.96%
chunks=422950 bytes=866201600 progress=86.62% BPC=0.7049 rate=8.81% top100=96.96%
chunks=423000 bytes=866304000 progress=86.63% BPC=0.7050 rate=8.81% top100=96.96%
chunks=423050 bytes=866406400 progress=86.64% BPC=0.7050 rate=8.81% top100=96.96%
chunks=423100 bytes=866508800 progress=86.65% BPC=0.7050 rate=8.81% top100=96.96%
chunks=423150 bytes=866611200 progress=86.66% BPC=0.7050 rate=8.81% top100=96.96%
chunks=423200 bytes=866713600 progress=86.67% BPC=0.7050 rate=8.81% top100=96.96%
chunks=423250 bytes=866816000 progress=86.68% BPC=0.7050 rate=8.81% top100=96.96%
chunks=423300 bytes=866918400 progress=86.69% BPC=0.7050 rate=8.81% top100=96.96%
chunks=423350 bytes=867020800 progress=86.70% BPC=0.7050 rate=8.81% top100=96.96%
chunks=423400 bytes=867123200 progress=86.71% BPC=0.7050 rate=8.81% top100=96.96%
chunks=423450 bytes=867225600 progress=86.72% BPC=0.7050 rate=8.81% top100=96.96%
chunks=423500 bytes=867328000 progress=86.73% BPC=0.7050 rate=8.81% top100=96.96%
chunks=423550 bytes=867430400 progress=86.74% BPC=0.7050 rate=8.81% top100=96.96%
chunks=423600 bytes=867532800 progress=86.75% BPC=0.7050 rate=8.81% top100=96.96%
chunks=423650 bytes=867635200 progress=86.76% BPC=0.7050 rate=8.81% top100=96.96%
chunks=423700 bytes=867737600 progress=86.77% BPC=0.7050 rate=8.81% top100=96.96%
chunks=423750 bytes=867840000 progress=86.78% BPC=0.7050 rate=8.81% top100=96.96%
chunks=423800 bytes=867942400 progress=86.79% BPC=0.7050 rate=8.81% top100=96.96%
chunks=423850 bytes=868044800 progress=86.80% BPC=0.7051 rate=8.81% top100=96.96%
chunks=423900 bytes=868147200 progress=86.81% BPC=0.7051 rate=8.81% top100=96.96%
chunks=423950 bytes=868249600 progress=86.82% BPC=0.7051 rate=8.81% top100=96.96%
chunks=424000 bytes=868352000 progress=86.84% BPC=0.7051 rate=8.81% top100=96.96%
chunks=424050 bytes=868454400 progress=86.85% BPC=0.7051 rate=8.81% top100=96.96%
chunks=424100 bytes=868556800 progress=86.86% BPC=0.7051 rate=8.81% top100=96.96%
chunks=424150 bytes=868659200 progress=86.87% BPC=0.7051 rate=8.81% top100=96.96%
chunks=424200 bytes=868761600 progress=86.88% BPC=0.7051 rate=8.81% top100=96.96%
chunks=424250 bytes=868864000 progress=86.89% BPC=0.7051 rate=8.81% top100=96.96%
chunks=424300 bytes=868966400 progress=86.90% BPC=0.7051 rate=8.81% top100=96.96%
chunks=424350 bytes=869068800 progress=86.91% BPC=0.7051 rate=8.81% top100=96.96%
chunks=424400 bytes=869171200 progress=86.92% BPC=0.7051 rate=8.81% top100=96.96%
chunks=424450 bytes=869273600 progress=86.93% BPC=0.7051 rate=8.81% top100=96.96%
chunks=424500 bytes=869376000 progress=86.94% BPC=0.7051 rate=8.81% top100=96.96%
chunks=424550 bytes=869478400 progress=86.95% BPC=0.7051 rate=8.81% top100=96.96%
chunks=424600 bytes=869580800 progress=86.96% BPC=0.7051 rate=8.81% top100=96.96%
chunks=424650 bytes=869683200 progress=86.97% BPC=0.7051 rate=8.81% top100=96.96%
chunks=424700 bytes=869785600 progress=86.98% BPC=0.7051 rate=8.81% top100=96.96%
chunks=424750 bytes=869888000 progress=86.99% BPC=0.7051 rate=8.81% top100=96.96%
chunks=424800 bytes=869990400 progress=87.00% BPC=0.7051 rate=8.81% top100=96.96%
chunks=424850 bytes=870092800 progress=87.01% BPC=0.7051 rate=8.81% top100=96.96%
chunks=424900 bytes=870195200 progress=87.02% BPC=0.7052 rate=8.81% top100=96.96%
chunks=424950 bytes=870297600 progress=87.03% BPC=0.7051 rate=8.81% top100=96.96%
chunks=425000 bytes=870400000 progress=87.04% BPC=0.7052 rate=8.81% top100=96.96%
chunks=425050 bytes=870502400 progress=87.05% BPC=0.7052 rate=8.81% top100=96.96%
chunks=425100 bytes=870604800 progress=87.06% BPC=0.7052 rate=8.81% top100=96.96%
chunks=425150 bytes=870707200 progress=87.07% BPC=0.7052 rate=8.81% top100=96.96%
chunks=425200 bytes=870809600 progress=87.08% BPC=0.7052 rate=8.81% top100=96.96%
chunks=425250 bytes=870912000 progress=87.09% BPC=0.7052 rate=8.82% top100=96.96%
chunks=425300 bytes=871014400 progress=87.10% BPC=0.7052 rate=8.82% top100=96.96%
chunks=425350 bytes=871116800 progress=87.11% BPC=0.7052 rate=8.82% top100=96.96%
chunks=425400 bytes=871219200 progress=87.12% BPC=0.7052 rate=8.81% top100=96.96%
chunks=425450 bytes=871321600 progress=87.13% BPC=0.7052 rate=8.81% top100=96.96%
chunks=425500 bytes=871424000 progress=87.14% BPC=0.7051 rate=8.81% top100=96.96%
chunks=425550 bytes=871526400 progress=87.15% BPC=0.7051 rate=8.81% top100=96.96%
chunks=425600 bytes=871628800 progress=87.16% BPC=0.7051 rate=8.81% top100=96.96%
chunks=425650 bytes=871731200 progress=87.17% BPC=0.7051 rate=8.81% top100=96.96%
chunks=425700 bytes=871833600 progress=87.18% BPC=0.7051 rate=8.81% top100=96.96%
chunks=425750 bytes=871936000 progress=87.19% BPC=0.7051 rate=8.81% top100=96.96%
chunks=425800 bytes=872038400 progress=87.20% BPC=0.7051 rate=8.81% top100=96.96%
chunks=425850 bytes=872140800 progress=87.21% BPC=0.7051 rate=8.81% top100=96.96%
chunks=425900 bytes=872243200 progress=87.22% BPC=0.7051 rate=8.81% top100=96.96%
chunks=425950 bytes=872345600 progress=87.23% BPC=0.7051 rate=8.81% top100=96.96%
chunks=426000 bytes=872448000 progress=87.24% BPC=0.7051 rate=8.81% top100=96.96%
chunks=426050 bytes=872550400 progress=87.26% BPC=0.7051 rate=8.81% top100=96.96%
chunks=426100 bytes=872652800 progress=87.27% BPC=0.7051 rate=8.81% top100=96.96%
chunks=426150 bytes=872755200 progress=87.28% BPC=0.7051 rate=8.81% top100=96.96%
chunks=426200 bytes=872857600 progress=87.29% BPC=0.7052 rate=8.81% top100=96.96%
chunks=426250 bytes=872960000 progress=87.30% BPC=0.7052 rate=8.81% top100=96.96%
chunks=426300 bytes=873062400 progress=87.31% BPC=0.7052 rate=8.81% top100=96.96%
chunks=426350 bytes=873164800 progress=87.32% BPC=0.7052 rate=8.81% top100=96.96%
chunks=426400 bytes=873267200 progress=87.33% BPC=0.7052 rate=8.81% top100=96.96%
chunks=426450 bytes=873369600 progress=87.34% BPC=0.7051 rate=8.81% top100=96.96%
chunks=426500 bytes=873472000 progress=87.35% BPC=0.7051 rate=8.81% top100=96.96%
chunks=426550 bytes=873574400 progress=87.36% BPC=0.7051 rate=8.81% top100=96.96%
chunks=426600 bytes=873676800 progress=87.37% BPC=0.7051 rate=8.81% top100=96.96%
chunks=426650 bytes=873779200 progress=87.38% BPC=0.7051 rate=8.81% top100=96.96%
chunks=426700 bytes=873881600 progress=87.39% BPC=0.7051 rate=8.81% top100=96.96%
chunks=426750 bytes=873984000 progress=87.40% BPC=0.7050 rate=8.81% top100=96.96%
chunks=426800 bytes=874086400 progress=87.41% BPC=0.7050 rate=8.81% top100=96.96%
chunks=426850 bytes=874188800 progress=87.42% BPC=0.7049 rate=8.81% top100=96.96%
chunks=426900 bytes=874291200 progress=87.43% BPC=0.7049 rate=8.81% top100=96.96%
chunks=426950 bytes=874393600 progress=87.44% BPC=0.7049 rate=8.81% top100=96.96%
chunks=427000 bytes=874496000 progress=87.45% BPC=0.7048 rate=8.81% top100=96.96%
chunks=427050 bytes=874598400 progress=87.46% BPC=0.7048 rate=8.81% top100=96.96%
chunks=427100 bytes=874700800 progress=87.47% BPC=0.7048 rate=8.81% top100=96.96%
chunks=427150 bytes=874803200 progress=87.48% BPC=0.7048 rate=8.81% top100=96.96%
chunks=427200 bytes=874905600 progress=87.49% BPC=0.7048 rate=8.81% top100=96.96%
chunks=427250 bytes=875008000 progress=87.50% BPC=0.7048 rate=8.81% top100=96.96%
chunks=427300 bytes=875110400 progress=87.51% BPC=0.7049 rate=8.81% top100=96.96%
chunks=427350 bytes=875212800 progress=87.52% BPC=0.7048 rate=8.81% top100=96.96%
chunks=427400 bytes=875315200 progress=87.53% BPC=0.7048 rate=8.81% top100=96.96%
chunks=427450 bytes=875417600 progress=87.54% BPC=0.7048 rate=8.81% top100=96.96%
chunks=427500 bytes=875520000 progress=87.55% BPC=0.7048 rate=8.81% top100=96.96%
chunks=427550 bytes=875622400 progress=87.56% BPC=0.7048 rate=8.81% top100=96.96%
chunks=427600 bytes=875724800 progress=87.57% BPC=0.7048 rate=8.81% top100=96.97%
chunks=427650 bytes=875827200 progress=87.58% BPC=0.7048 rate=8.81% top100=96.97%
chunks=427700 bytes=875929600 progress=87.59% BPC=0.7047 rate=8.81% top100=96.97%
chunks=427750 bytes=876032000 progress=87.60% BPC=0.7047 rate=8.81% top100=96.97%
chunks=427800 bytes=876134400 progress=87.61% BPC=0.7047 rate=8.81% top100=96.97%
chunks=427850 bytes=876236800 progress=87.62% BPC=0.7047 rate=8.81% top100=96.97%
chunks=427900 bytes=876339200 progress=87.63% BPC=0.7047 rate=8.81% top100=96.97%
chunks=427950 bytes=876441600 progress=87.64% BPC=0.7046 rate=8.81% top100=96.97%
chunks=428000 bytes=876544000 progress=87.65% BPC=0.7046 rate=8.81% top100=96.97%
chunks=428050 bytes=876646400 progress=87.66% BPC=0.7046 rate=8.81% top100=96.97%
chunks=428100 bytes=876748800 progress=87.67% BPC=0.7046 rate=8.81% top100=96.97%
chunks=428150 bytes=876851200 progress=87.69% BPC=0.7045 rate=8.81% top100=96.97%
chunks=428200 bytes=876953600 progress=87.70% BPC=0.7045 rate=8.81% top100=96.97%
chunks=428250 bytes=877056000 progress=87.71% BPC=0.7045 rate=8.81% top100=96.97%
chunks=428300 bytes=877158400 progress=87.72% BPC=0.7045 rate=8.81% top100=96.97%
chunks=428350 bytes=877260800 progress=87.73% BPC=0.7045 rate=8.81% top100=96.97%
chunks=428400 bytes=877363200 progress=87.74% BPC=0.7044 rate=8.81% top100=96.97%
chunks=428450 bytes=877465600 progress=87.75% BPC=0.7044 rate=8.81% top100=96.97%
chunks=428500 bytes=877568000 progress=87.76% BPC=0.7044 rate=8.81% top100=96.97%
chunks=428550 bytes=877670400 progress=87.77% BPC=0.7044 rate=8.80% top100=96.97%
chunks=428600 bytes=877772800 progress=87.78% BPC=0.7044 rate=8.80% top100=96.97%
chunks=428650 bytes=877875200 progress=87.79% BPC=0.7043 rate=8.80% top100=96.97%
chunks=428700 bytes=877977600 progress=87.80% BPC=0.7043 rate=8.80% top100=96.97%
chunks=428750 bytes=878080000 progress=87.81% BPC=0.7043 rate=8.80% top100=96.97%
chunks=428800 bytes=878182400 progress=87.82% BPC=0.7043 rate=8.80% top100=96.97%
chunks=428850 bytes=878284800 progress=87.83% BPC=0.7043 rate=8.80% top100=96.97%
chunks=428900 bytes=878387200 progress=87.84% BPC=0.7043 rate=8.80% top100=96.97%
chunks=428950 bytes=878489600 progress=87.85% BPC=0.7042 rate=8.80% top100=96.97%
chunks=429000 bytes=878592000 progress=87.86% BPC=0.7042 rate=8.80% top100=96.97%
chunks=429050 bytes=878694400 progress=87.87% BPC=0.7042 rate=8.80% top100=96.97%
chunks=429100 bytes=878796800 progress=87.88% BPC=0.7042 rate=8.80% top100=96.97%
chunks=429150 bytes=878899200 progress=87.89% BPC=0.7041 rate=8.80% top100=96.97%
chunks=429200 bytes=879001600 progress=87.90% BPC=0.7041 rate=8.80% top100=96.97%
chunks=429250 bytes=879104000 progress=87.91% BPC=0.7041 rate=8.80% top100=96.97%
chunks=429300 bytes=879206400 progress=87.92% BPC=0.7041 rate=8.80% top100=96.97%
chunks=429350 bytes=879308800 progress=87.93% BPC=0.7041 rate=8.80% top100=96.97%
chunks=429400 bytes=879411200 progress=87.94% BPC=0.7040 rate=8.80% top100=96.97%
chunks=429450 bytes=879513600 progress=87.95% BPC=0.7040 rate=8.80% top100=96.97%
chunks=429500 bytes=879616000 progress=87.96% BPC=0.7040 rate=8.80% top100=96.97%
chunks=429550 bytes=879718400 progress=87.97% BPC=0.7040 rate=8.80% top100=96.97%
chunks=429600 bytes=879820800 progress=87.98% BPC=0.7039 rate=8.80% top100=96.97%
chunks=429650 bytes=879923200 progress=87.99% BPC=0.7039 rate=8.80% top100=96.97%
chunks=429700 bytes=880025600 progress=88.00% BPC=0.7039 rate=8.80% top100=96.97%
chunks=429750 bytes=880128000 progress=88.01% BPC=0.7039 rate=8.80% top100=96.97%
chunks=429800 bytes=880230400 progress=88.02% BPC=0.7038 rate=8.80% top100=96.97%
chunks=429850 bytes=880332800 progress=88.03% BPC=0.7038 rate=8.80% top100=96.97%
chunks=429900 bytes=880435200 progress=88.04% BPC=0.7038 rate=8.80% top100=96.97%
chunks=429950 bytes=880537600 progress=88.05% BPC=0.7037 rate=8.80% top100=96.97%
chunks=430000 bytes=880640000 progress=88.06% BPC=0.7037 rate=8.80% top100=96.98%
chunks=430050 bytes=880742400 progress=88.07% BPC=0.7037 rate=8.80% top100=96.98%
chunks=430100 bytes=880844800 progress=88.08% BPC=0.7037 rate=8.80% top100=96.98%
chunks=430150 bytes=880947200 progress=88.09% BPC=0.7036 rate=8.80% top100=96.98%
chunks=430200 bytes=881049600 progress=88.10% BPC=0.7036 rate=8.80% top100=96.98%
chunks=430250 bytes=881152000 progress=88.12% BPC=0.7036 rate=8.79% top100=96.98%
chunks=430300 bytes=881254400 progress=88.13% BPC=0.7036 rate=8.79% top100=96.98%
chunks=430350 bytes=881356800 progress=88.14% BPC=0.7036 rate=8.79% top100=96.98%
chunks=430400 bytes=881459200 progress=88.15% BPC=0.7036 rate=8.79% top100=96.98%
chunks=430450 bytes=881561600 progress=88.16% BPC=0.7036 rate=8.79% top100=96.98%
chunks=430500 bytes=881664000 progress=88.17% BPC=0.7036 rate=8.79% top100=96.98%
chunks=430550 bytes=881766400 progress=88.18% BPC=0.7036 rate=8.79% top100=96.98%
chunks=430600 bytes=881868800 progress=88.19% BPC=0.7036 rate=8.79% top100=96.98%
chunks=430650 bytes=881971200 progress=88.20% BPC=0.7036 rate=8.79% top100=96.98%
chunks=430700 bytes=882073600 progress=88.21% BPC=0.7036 rate=8.79% top100=96.98%
chunks=430750 bytes=882176000 progress=88.22% BPC=0.7036 rate=8.80% top100=96.98%
chunks=430800 bytes=882278400 progress=88.23% BPC=0.7036 rate=8.80% top100=96.98%
chunks=430850 bytes=882380800 progress=88.24% BPC=0.7036 rate=8.80% top100=96.98%
chunks=430900 bytes=882483200 progress=88.25% BPC=0.7036 rate=8.79% top100=96.98%
chunks=430950 bytes=882585600 progress=88.26% BPC=0.7036 rate=8.80% top100=96.98%
chunks=431000 bytes=882688000 progress=88.27% BPC=0.7036 rate=8.80% top100=96.98%
chunks=431050 bytes=882790400 progress=88.28% BPC=0.7036 rate=8.80% top100=96.98%
chunks=431100 bytes=882892800 progress=88.29% BPC=0.7036 rate=8.80% top100=96.98%
chunks=431150 bytes=882995200 progress=88.30% BPC=0.7036 rate=8.80% top100=96.98%
chunks=431200 bytes=883097600 progress=88.31% BPC=0.7036 rate=8.80% top100=96.98%
chunks=431250 bytes=883200000 progress=88.32% BPC=0.7036 rate=8.80% top100=96.98%
chunks=431300 bytes=883302400 progress=88.33% BPC=0.7037 rate=8.80% top100=96.98%
chunks=431350 bytes=883404800 progress=88.34% BPC=0.7036 rate=8.80% top100=96.98%
chunks=431400 bytes=883507200 progress=88.35% BPC=0.7036 rate=8.80% top100=96.98%
chunks=431450 bytes=883609600 progress=88.36% BPC=0.7037 rate=8.80% top100=96.98%
chunks=431500 bytes=883712000 progress=88.37% BPC=0.7037 rate=8.80% top100=96.98%
chunks=431550 bytes=883814400 progress=88.38% BPC=0.7037 rate=8.80% top100=96.98%
chunks=431600 bytes=883916800 progress=88.39% BPC=0.7037 rate=8.80% top100=96.98%
chunks=431650 bytes=884019200 progress=88.40% BPC=0.7036 rate=8.80% top100=96.98%
chunks=431700 bytes=884121600 progress=88.41% BPC=0.7036 rate=8.80% top100=96.98%
chunks=431750 bytes=884224000 progress=88.42% BPC=0.7036 rate=8.80% top100=96.98%
chunks=431800 bytes=884326400 progress=88.43% BPC=0.7036 rate=8.80% top100=96.98%
chunks=431850 bytes=884428800 progress=88.44% BPC=0.7036 rate=8.80% top100=96.98%
chunks=431900 bytes=884531200 progress=88.45% BPC=0.7036 rate=8.80% top100=96.98%
chunks=431950 bytes=884633600 progress=88.46% BPC=0.7037 rate=8.80% top100=96.98%
chunks=432000 bytes=884736000 progress=88.47% BPC=0.7036 rate=8.80% top100=96.98%
chunks=432050 bytes=884838400 progress=88.48% BPC=0.7036 rate=8.80% top100=96.98%
chunks=432100 bytes=884940800 progress=88.49% BPC=0.7036 rate=8.80% top100=96.98%
chunks=432150 bytes=885043200 progress=88.50% BPC=0.7037 rate=8.80% top100=96.98%
chunks=432200 bytes=885145600 progress=88.51% BPC=0.7037 rate=8.80% top100=96.98%
chunks=432250 bytes=885248000 progress=88.52% BPC=0.7037 rate=8.80% top100=96.98%
chunks=432300 bytes=885350400 progress=88.54% BPC=0.7037 rate=8.80% top100=96.98%
chunks=432350 bytes=885452800 progress=88.55% BPC=0.7037 rate=8.80% top100=96.98%
chunks=432400 bytes=885555200 progress=88.56% BPC=0.7037 rate=8.80% top100=96.98%
chunks=432450 bytes=885657600 progress=88.57% BPC=0.7037 rate=8.80% top100=96.98%
chunks=432500 bytes=885760000 progress=88.58% BPC=0.7037 rate=8.80% top100=96.98%
chunks=432550 bytes=885862400 progress=88.59% BPC=0.7037 rate=8.80% top100=96.98%
chunks=432600 bytes=885964800 progress=88.60% BPC=0.7037 rate=8.80% top100=96.98%
chunks=432650 bytes=886067200 progress=88.61% BPC=0.7037 rate=8.80% top100=96.98%
chunks=432700 bytes=886169600 progress=88.62% BPC=0.7037 rate=8.80% top100=96.98%
chunks=432750 bytes=886272000 progress=88.63% BPC=0.7037 rate=8.80% top100=96.98%
chunks=432800 bytes=886374400 progress=88.64% BPC=0.7037 rate=8.80% top100=96.98%
chunks=432850 bytes=886476800 progress=88.65% BPC=0.7037 rate=8.80% top100=96.97%
chunks=432900 bytes=886579200 progress=88.66% BPC=0.7037 rate=8.80% top100=96.97%
chunks=432950 bytes=886681600 progress=88.67% BPC=0.7037 rate=8.80% top100=96.97%
chunks=433000 bytes=886784000 progress=88.68% BPC=0.7037 rate=8.80% top100=96.97%
chunks=433050 bytes=886886400 progress=88.69% BPC=0.7037 rate=8.80% top100=96.97%
chunks=433100 bytes=886988800 progress=88.70% BPC=0.7037 rate=8.80% top100=96.97%
chunks=433150 bytes=887091200 progress=88.71% BPC=0.7038 rate=8.80% top100=96.97%
chunks=433200 bytes=887193600 progress=88.72% BPC=0.7038 rate=8.80% top100=96.97%
chunks=433250 bytes=887296000 progress=88.73% BPC=0.7037 rate=8.80% top100=96.97%
chunks=433300 bytes=887398400 progress=88.74% BPC=0.7038 rate=8.80% top100=96.97%
chunks=433350 bytes=887500800 progress=88.75% BPC=0.7038 rate=8.80% top100=96.97%
chunks=433400 bytes=887603200 progress=88.76% BPC=0.7038 rate=8.80% top100=96.97%
chunks=433450 bytes=887705600 progress=88.77% BPC=0.7038 rate=8.80% top100=96.97%
chunks=433500 bytes=887808000 progress=88.78% BPC=0.7038 rate=8.80% top100=96.97%
chunks=433550 bytes=887910400 progress=88.79% BPC=0.7038 rate=8.80% top100=96.97%
chunks=433600 bytes=888012800 progress=88.80% BPC=0.7038 rate=8.80% top100=96.97%
chunks=433650 bytes=888115200 progress=88.81% BPC=0.7038 rate=8.80% top100=96.97%
chunks=433700 bytes=888217600 progress=88.82% BPC=0.7038 rate=8.80% top100=96.97%
chunks=433750 bytes=888320000 progress=88.83% BPC=0.7038 rate=8.80% top100=96.97%
chunks=433800 bytes=888422400 progress=88.84% BPC=0.7038 rate=8.80% top100=96.97%
chunks=433850 bytes=888524800 progress=88.85% BPC=0.7038 rate=8.80% top100=96.97%
chunks=433900 bytes=888627200 progress=88.86% BPC=0.7038 rate=8.80% top100=96.97%
chunks=433950 bytes=888729600 progress=88.87% BPC=0.7038 rate=8.80% top100=96.97%
chunks=434000 bytes=888832000 progress=88.88% BPC=0.7038 rate=8.80% top100=96.97%
chunks=434050 bytes=888934400 progress=88.89% BPC=0.7038 rate=8.80% top100=96.97%
chunks=434100 bytes=889036800 progress=88.90% BPC=0.7038 rate=8.80% top100=96.97%
chunks=434150 bytes=889139200 progress=88.91% BPC=0.7038 rate=8.80% top100=96.97%
chunks=434200 bytes=889241600 progress=88.92% BPC=0.7038 rate=8.80% top100=96.97%
chunks=434250 bytes=889344000 progress=88.93% BPC=0.7038 rate=8.80% top100=96.97%
chunks=434300 bytes=889446400 progress=88.94% BPC=0.7038 rate=8.80% top100=96.97%
chunks=434350 bytes=889548800 progress=88.95% BPC=0.7038 rate=8.80% top100=96.97%
chunks=434400 bytes=889651200 progress=88.97% BPC=0.7038 rate=8.80% top100=96.97%
chunks=434450 bytes=889753600 progress=88.98% BPC=0.7039 rate=8.80% top100=96.97%
chunks=434500 bytes=889856000 progress=88.99% BPC=0.7039 rate=8.80% top100=96.97%
chunks=434550 bytes=889958400 progress=89.00% BPC=0.7039 rate=8.80% top100=96.97%
chunks=434600 bytes=890060800 progress=89.01% BPC=0.7039 rate=8.80% top100=96.97%
chunks=434650 bytes=890163200 progress=89.02% BPC=0.7039 rate=8.80% top100=96.97%
chunks=434700 bytes=890265600 progress=89.03% BPC=0.7039 rate=8.80% top100=96.97%
chunks=434750 bytes=890368000 progress=89.04% BPC=0.7039 rate=8.80% top100=96.97%
chunks=434800 bytes=890470400 progress=89.05% BPC=0.7039 rate=8.80% top100=96.97%
chunks=434850 bytes=890572800 progress=89.06% BPC=0.7039 rate=8.80% top100=96.97%
chunks=434900 bytes=890675200 progress=89.07% BPC=0.7039 rate=8.80% top100=96.97%
chunks=434950 bytes=890777600 progress=89.08% BPC=0.7039 rate=8.80% top100=96.97%
chunks=435000 bytes=890880000 progress=89.09% BPC=0.7039 rate=8.80% top100=96.97%
chunks=435050 bytes=890982400 progress=89.10% BPC=0.7039 rate=8.80% top100=96.97%
chunks=435100 bytes=891084800 progress=89.11% BPC=0.7039 rate=8.80% top100=96.97%
chunks=435150 bytes=891187200 progress=89.12% BPC=0.7039 rate=8.80% top100=96.97%
chunks=435200 bytes=891289600 progress=89.13% BPC=0.7039 rate=8.80% top100=96.97%
chunks=435250 bytes=891392000 progress=89.14% BPC=0.7039 rate=8.80% top100=96.97%
chunks=435300 bytes=891494400 progress=89.15% BPC=0.7039 rate=8.80% top100=96.97%
chunks=435350 bytes=891596800 progress=89.16% BPC=0.7039 rate=8.80% top100=96.97%
chunks=435400 bytes=891699200 progress=89.17% BPC=0.7039 rate=8.80% top100=96.97%
chunks=435450 bytes=891801600 progress=89.18% BPC=0.7040 rate=8.80% top100=96.97%
chunks=435500 bytes=891904000 progress=89.19% BPC=0.7040 rate=8.80% top100=96.97%
chunks=435550 bytes=892006400 progress=89.20% BPC=0.7040 rate=8.80% top100=96.97%
chunks=435600 bytes=892108800 progress=89.21% BPC=0.7040 rate=8.80% top100=96.97%
chunks=435650 bytes=892211200 progress=89.22% BPC=0.7040 rate=8.80% top100=96.97%
chunks=435700 bytes=892313600 progress=89.23% BPC=0.7040 rate=8.80% top100=96.97%
chunks=435750 bytes=892416000 progress=89.24% BPC=0.7040 rate=8.80% top100=96.97%
chunks=435800 bytes=892518400 progress=89.25% BPC=0.7040 rate=8.80% top100=96.97%
chunks=435850 bytes=892620800 progress=89.26% BPC=0.7040 rate=8.80% top100=96.97%
chunks=435900 bytes=892723200 progress=89.27% BPC=0.7040 rate=8.80% top100=96.97%
chunks=435950 bytes=892825600 progress=89.28% BPC=0.7040 rate=8.80% top100=96.97%
chunks=436000 bytes=892928000 progress=89.29% BPC=0.7040 rate=8.80% top100=96.97%
chunks=436050 bytes=893030400 progress=89.30% BPC=0.7040 rate=8.80% top100=96.97%
chunks=436100 bytes=893132800 progress=89.31% BPC=0.7040 rate=8.80% top100=96.97%
chunks=436150 bytes=893235200 progress=89.32% BPC=0.7040 rate=8.80% top100=96.97%
chunks=436200 bytes=893337600 progress=89.33% BPC=0.7040 rate=8.80% top100=96.97%
chunks=436250 bytes=893440000 progress=89.34% BPC=0.7041 rate=8.80% top100=96.97%
chunks=436300 bytes=893542400 progress=89.35% BPC=0.7041 rate=8.80% top100=96.97%
chunks=436350 bytes=893644800 progress=89.36% BPC=0.7041 rate=8.80% top100=96.97%
chunks=436400 bytes=893747200 progress=89.37% BPC=0.7041 rate=8.80% top100=96.97%
chunks=436450 bytes=893849600 progress=89.38% BPC=0.7041 rate=8.80% top100=96.97%
chunks=436500 bytes=893952000 progress=89.40% BPC=0.7041 rate=8.80% top100=96.97%
chunks=436550 bytes=894054400 progress=89.41% BPC=0.7041 rate=8.80% top100=96.97%
chunks=436600 bytes=894156800 progress=89.42% BPC=0.7041 rate=8.80% top100=96.97%
chunks=436650 bytes=894259200 progress=89.43% BPC=0.7041 rate=8.80% top100=96.97%
chunks=436700 bytes=894361600 progress=89.44% BPC=0.7041 rate=8.80% top100=96.97%
chunks=436750 bytes=894464000 progress=89.45% BPC=0.7041 rate=8.80% top100=96.97%
chunks=436800 bytes=894566400 progress=89.46% BPC=0.7041 rate=8.80% top100=96.97%
chunks=436850 bytes=894668800 progress=89.47% BPC=0.7041 rate=8.80% top100=96.97%
chunks=436900 bytes=894771200 progress=89.48% BPC=0.7041 rate=8.80% top100=96.97%
chunks=436950 bytes=894873600 progress=89.49% BPC=0.7041 rate=8.80% top100=96.97%
chunks=437000 bytes=894976000 progress=89.50% BPC=0.7041 rate=8.80% top100=96.97%
chunks=437050 bytes=895078400 progress=89.51% BPC=0.7041 rate=8.80% top100=96.97%
chunks=437100 bytes=895180800 progress=89.52% BPC=0.7041 rate=8.80% top100=96.97%
chunks=437150 bytes=895283200 progress=89.53% BPC=0.7041 rate=8.80% top100=96.97%
chunks=437200 bytes=895385600 progress=89.54% BPC=0.7041 rate=8.80% top100=96.97%
chunks=437250 bytes=895488000 progress=89.55% BPC=0.7041 rate=8.80% top100=96.97%
chunks=437300 bytes=895590400 progress=89.56% BPC=0.7041 rate=8.80% top100=96.97%
chunks=437350 bytes=895692800 progress=89.57% BPC=0.7041 rate=8.80% top100=96.97%
chunks=437400 bytes=895795200 progress=89.58% BPC=0.7042 rate=8.80% top100=96.97%
chunks=437450 bytes=895897600 progress=89.59% BPC=0.7042 rate=8.80% top100=96.97%
chunks=437500 bytes=896000000 progress=89.60% BPC=0.7042 rate=8.80% top100=96.97%
chunks=437550 bytes=896102400 progress=89.61% BPC=0.7042 rate=8.80% top100=96.97%
chunks=437600 bytes=896204800 progress=89.62% BPC=0.7042 rate=8.80% top100=96.97%
chunks=437650 bytes=896307200 progress=89.63% BPC=0.7042 rate=8.80% top100=96.97%
chunks=437700 bytes=896409600 progress=89.64% BPC=0.7042 rate=8.80% top100=96.97%
chunks=437750 bytes=896512000 progress=89.65% BPC=0.7042 rate=8.80% top100=96.97%
chunks=437800 bytes=896614400 progress=89.66% BPC=0.7042 rate=8.80% top100=96.97%
chunks=437850 bytes=896716800 progress=89.67% BPC=0.7042 rate=8.80% top100=96.97%
chunks=437900 bytes=896819200 progress=89.68% BPC=0.7042 rate=8.80% top100=96.97%
chunks=437950 bytes=896921600 progress=89.69% BPC=0.7042 rate=8.80% top100=96.97%
chunks=438000 bytes=897024000 progress=89.70% BPC=0.7042 rate=8.80% top100=96.97%
chunks=438050 bytes=897126400 progress=89.71% BPC=0.7042 rate=8.80% top100=96.97%
chunks=438100 bytes=897228800 progress=89.72% BPC=0.7042 rate=8.80% top100=96.97%
chunks=438150 bytes=897331200 progress=89.73% BPC=0.7042 rate=8.80% top100=96.97%
chunks=438200 bytes=897433600 progress=89.74% BPC=0.7042 rate=8.80% top100=96.97%
chunks=438250 bytes=897536000 progress=89.75% BPC=0.7042 rate=8.80% top100=96.97%
chunks=438300 bytes=897638400 progress=89.76% BPC=0.7042 rate=8.80% top100=96.97%
chunks=438350 bytes=897740800 progress=89.77% BPC=0.7042 rate=8.80% top100=96.97%
chunks=438400 bytes=897843200 progress=89.78% BPC=0.7042 rate=8.80% top100=96.97%
chunks=438450 bytes=897945600 progress=89.79% BPC=0.7042 rate=8.80% top100=96.97%
chunks=438500 bytes=898048000 progress=89.80% BPC=0.7042 rate=8.80% top100=96.97%
chunks=438550 bytes=898150400 progress=89.82% BPC=0.7042 rate=8.80% top100=96.97%
chunks=438600 bytes=898252800 progress=89.83% BPC=0.7043 rate=8.80% top100=96.97%
chunks=438650 bytes=898355200 progress=89.84% BPC=0.7043 rate=8.80% top100=96.97%
chunks=438700 bytes=898457600 progress=89.85% BPC=0.7043 rate=8.80% top100=96.97%
chunks=438750 bytes=898560000 progress=89.86% BPC=0.7043 rate=8.80% top100=96.97%
chunks=438800 bytes=898662400 progress=89.87% BPC=0.7043 rate=8.80% top100=96.97%
chunks=438850 bytes=898764800 progress=89.88% BPC=0.7043 rate=8.80% top100=96.97%
chunks=438900 bytes=898867200 progress=89.89% BPC=0.7043 rate=8.80% top100=96.97%
chunks=438950 bytes=898969600 progress=89.90% BPC=0.7043 rate=8.80% top100=96.97%
chunks=439000 bytes=899072000 progress=89.91% BPC=0.7043 rate=8.80% top100=96.97%
chunks=439050 bytes=899174400 progress=89.92% BPC=0.7043 rate=8.80% top100=96.97%
chunks=439100 bytes=899276800 progress=89.93% BPC=0.7043 rate=8.80% top100=96.97%
chunks=439150 bytes=899379200 progress=89.94% BPC=0.7043 rate=8.80% top100=96.97%
chunks=439200 bytes=899481600 progress=89.95% BPC=0.7042 rate=8.80% top100=96.97%
chunks=439250 bytes=899584000 progress=89.96% BPC=0.7042 rate=8.80% top100=96.97%
chunks=439300 bytes=899686400 progress=89.97% BPC=0.7042 rate=8.80% top100=96.97%
chunks=439350 bytes=899788800 progress=89.98% BPC=0.7042 rate=8.80% top100=96.97%
chunks=439400 bytes=899891200 progress=89.99% BPC=0.7042 rate=8.80% top100=96.97%
chunks=439450 bytes=899993600 progress=90.00% BPC=0.7042 rate=8.80% top100=96.97%
chunks=439500 bytes=900096000 progress=90.01% BPC=0.7042 rate=8.80% top100=96.97%
chunks=439550 bytes=900198400 progress=90.02% BPC=0.7042 rate=8.80% top100=96.97%
chunks=439600 bytes=900300800 progress=90.03% BPC=0.7042 rate=8.80% top100=96.97%
chunks=439650 bytes=900403200 progress=90.04% BPC=0.7042 rate=8.80% top100=96.97%
chunks=439700 bytes=900505600 progress=90.05% BPC=0.7042 rate=8.80% top100=96.97%
chunks=439750 bytes=900608000 progress=90.06% BPC=0.7042 rate=8.80% top100=96.97%
chunks=439800 bytes=900710400 progress=90.07% BPC=0.7042 rate=8.80% top100=96.97%
chunks=439850 bytes=900812800 progress=90.08% BPC=0.7042 rate=8.80% top100=96.97%
chunks=439900 bytes=900915200 progress=90.09% BPC=0.7042 rate=8.80% top100=96.97%
chunks=439950 bytes=901017600 progress=90.10% BPC=0.7042 rate=8.80% top100=96.97%
chunks=440000 bytes=901120000 progress=90.11% BPC=0.7042 rate=8.80% top100=96.97%
chunks=440050 bytes=901222400 progress=90.12% BPC=0.7042 rate=8.80% top100=96.97%
chunks=440100 bytes=901324800 progress=90.13% BPC=0.7042 rate=8.80% top100=96.97%
chunks=440150 bytes=901427200 progress=90.14% BPC=0.7042 rate=8.80% top100=96.97%
chunks=440200 bytes=901529600 progress=90.15% BPC=0.7042 rate=8.80% top100=96.97%
chunks=440250 bytes=901632000 progress=90.16% BPC=0.7042 rate=8.80% top100=96.97%
chunks=440300 bytes=901734400 progress=90.17% BPC=0.7042 rate=8.80% top100=96.97%
chunks=440350 bytes=901836800 progress=90.18% BPC=0.7042 rate=8.80% top100=96.97%
chunks=440400 bytes=901939200 progress=90.19% BPC=0.7042 rate=8.80% top100=96.97%
chunks=440450 bytes=902041600 progress=90.20% BPC=0.7042 rate=8.80% top100=96.97%
chunks=440500 bytes=902144000 progress=90.21% BPC=0.7042 rate=8.80% top100=96.97%
chunks=440550 bytes=902246400 progress=90.22% BPC=0.7042 rate=8.80% top100=96.97%
chunks=440600 bytes=902348800 progress=90.23% BPC=0.7041 rate=8.80% top100=96.97%
chunks=440650 bytes=902451200 progress=90.25% BPC=0.7041 rate=8.80% top100=96.97%
chunks=440700 bytes=902553600 progress=90.26% BPC=0.7041 rate=8.80% top100=96.97%
chunks=440750 bytes=902656000 progress=90.27% BPC=0.7042 rate=8.80% top100=96.97%
chunks=440800 bytes=902758400 progress=90.28% BPC=0.7042 rate=8.80% top100=96.97%
chunks=440850 bytes=902860800 progress=90.29% BPC=0.7042 rate=8.80% top100=96.97%
chunks=440900 bytes=902963200 progress=90.30% BPC=0.7042 rate=8.80% top100=96.97%
chunks=440950 bytes=903065600 progress=90.31% BPC=0.7042 rate=8.80% top100=96.97%
chunks=441000 bytes=903168000 progress=90.32% BPC=0.7042 rate=8.80% top100=96.97%
chunks=441050 bytes=903270400 progress=90.33% BPC=0.7042 rate=8.80% top100=96.97%
chunks=441100 bytes=903372800 progress=90.34% BPC=0.7042 rate=8.80% top100=96.97%
chunks=441150 bytes=903475200 progress=90.35% BPC=0.7042 rate=8.80% top100=96.97%
chunks=441200 bytes=903577600 progress=90.36% BPC=0.7042 rate=8.80% top100=96.97%
chunks=441250 bytes=903680000 progress=90.37% BPC=0.7042 rate=8.80% top100=96.97%
chunks=441300 bytes=903782400 progress=90.38% BPC=0.7042 rate=8.80% top100=96.97%
chunks=441350 bytes=903884800 progress=90.39% BPC=0.7042 rate=8.80% top100=96.97%
chunks=441400 bytes=903987200 progress=90.40% BPC=0.7042 rate=8.80% top100=96.97%
chunks=441450 bytes=904089600 progress=90.41% BPC=0.7042 rate=8.80% top100=96.97%
chunks=441500 bytes=904192000 progress=90.42% BPC=0.7042 rate=8.80% top100=96.97%
chunks=441550 bytes=904294400 progress=90.43% BPC=0.7042 rate=8.80% top100=96.97%
chunks=441600 bytes=904396800 progress=90.44% BPC=0.7042 rate=8.80% top100=96.97%
chunks=441650 bytes=904499200 progress=90.45% BPC=0.7042 rate=8.80% top100=96.97%
chunks=441700 bytes=904601600 progress=90.46% BPC=0.7042 rate=8.80% top100=96.97%
chunks=441750 bytes=904704000 progress=90.47% BPC=0.7042 rate=8.80% top100=96.97%
chunks=441800 bytes=904806400 progress=90.48% BPC=0.7042 rate=8.80% top100=96.97%
chunks=441850 bytes=904908800 progress=90.49% BPC=0.7042 rate=8.80% top100=96.97%
chunks=441900 bytes=905011200 progress=90.50% BPC=0.7042 rate=8.80% top100=96.97%
chunks=441950 bytes=905113600 progress=90.51% BPC=0.7042 rate=8.80% top100=96.97%
chunks=442000 bytes=905216000 progress=90.52% BPC=0.7042 rate=8.80% top100=96.97%
chunks=442050 bytes=905318400 progress=90.53% BPC=0.7042 rate=8.80% top100=96.97%
chunks=442100 bytes=905420800 progress=90.54% BPC=0.7042 rate=8.80% top100=96.97%
chunks=442150 bytes=905523200 progress=90.55% BPC=0.7042 rate=8.80% top100=96.97%
chunks=442200 bytes=905625600 progress=90.56% BPC=0.7042 rate=8.80% top100=96.97%
chunks=442250 bytes=905728000 progress=90.57% BPC=0.7042 rate=8.80% top100=96.97%
chunks=442300 bytes=905830400 progress=90.58% BPC=0.7042 rate=8.80% top100=96.97%
chunks=442350 bytes=905932800 progress=90.59% BPC=0.7042 rate=8.80% top100=96.97%
chunks=442400 bytes=906035200 progress=90.60% BPC=0.7042 rate=8.80% top100=96.97%
chunks=442450 bytes=906137600 progress=90.61% BPC=0.7042 rate=8.80% top100=96.97%
chunks=442500 bytes=906240000 progress=90.62% BPC=0.7042 rate=8.80% top100=96.97%
chunks=442550 bytes=906342400 progress=90.63% BPC=0.7042 rate=8.80% top100=96.97%
chunks=442600 bytes=906444800 progress=90.64% BPC=0.7042 rate=8.80% top100=96.97%
chunks=442650 bytes=906547200 progress=90.65% BPC=0.7042 rate=8.80% top100=96.97%
chunks=442700 bytes=906649600 progress=90.66% BPC=0.7042 rate=8.80% top100=96.97%
chunks=442750 bytes=906752000 progress=90.68% BPC=0.7042 rate=8.80% top100=96.97%
chunks=442800 bytes=906854400 progress=90.69% BPC=0.7042 rate=8.80% top100=96.97%
chunks=442850 bytes=906956800 progress=90.70% BPC=0.7042 rate=8.80% top100=96.97%
chunks=442900 bytes=907059200 progress=90.71% BPC=0.7042 rate=8.80% top100=96.97%
chunks=442950 bytes=907161600 progress=90.72% BPC=0.7042 rate=8.80% top100=96.97%
chunks=443000 bytes=907264000 progress=90.73% BPC=0.7042 rate=8.80% top100=96.97%
chunks=443050 bytes=907366400 progress=90.74% BPC=0.7042 rate=8.80% top100=96.97%
chunks=443100 bytes=907468800 progress=90.75% BPC=0.7042 rate=8.80% top100=96.97%
chunks=443150 bytes=907571200 progress=90.76% BPC=0.7042 rate=8.80% top100=96.97%
chunks=443200 bytes=907673600 progress=90.77% BPC=0.7042 rate=8.80% top100=96.97%
chunks=443250 bytes=907776000 progress=90.78% BPC=0.7042 rate=8.80% top100=96.97%
chunks=443300 bytes=907878400 progress=90.79% BPC=0.7042 rate=8.80% top100=96.97%
chunks=443350 bytes=907980800 progress=90.80% BPC=0.7043 rate=8.80% top100=96.97%
chunks=443400 bytes=908083200 progress=90.81% BPC=0.7043 rate=8.80% top100=96.97%
chunks=443450 bytes=908185600 progress=90.82% BPC=0.7043 rate=8.80% top100=96.97%
chunks=443500 bytes=908288000 progress=90.83% BPC=0.7043 rate=8.80% top100=96.97%
chunks=443550 bytes=908390400 progress=90.84% BPC=0.7043 rate=8.80% top100=96.97%
chunks=443600 bytes=908492800 progress=90.85% BPC=0.7043 rate=8.80% top100=96.97%
chunks=443650 bytes=908595200 progress=90.86% BPC=0.7043 rate=8.80% top100=96.97%
chunks=443700 bytes=908697600 progress=90.87% BPC=0.7043 rate=8.80% top100=96.97%
chunks=443750 bytes=908800000 progress=90.88% BPC=0.7043 rate=8.80% top100=96.97%
chunks=443800 bytes=908902400 progress=90.89% BPC=0.7043 rate=8.80% top100=96.97%
chunks=443850 bytes=909004800 progress=90.90% BPC=0.7043 rate=8.80% top100=96.97%
chunks=443900 bytes=909107200 progress=90.91% BPC=0.7043 rate=8.80% top100=96.97%
chunks=443950 bytes=909209600 progress=90.92% BPC=0.7043 rate=8.80% top100=96.97%
chunks=444000 bytes=909312000 progress=90.93% BPC=0.7043 rate=8.80% top100=96.97%
chunks=444050 bytes=909414400 progress=90.94% BPC=0.7043 rate=8.80% top100=96.97%
chunks=444100 bytes=909516800 progress=90.95% BPC=0.7043 rate=8.80% top100=96.97%
chunks=444150 bytes=909619200 progress=90.96% BPC=0.7043 rate=8.80% top100=96.97%
chunks=444200 bytes=909721600 progress=90.97% BPC=0.7043 rate=8.80% top100=96.97%
chunks=444250 bytes=909824000 progress=90.98% BPC=0.7043 rate=8.80% top100=96.97%
chunks=444300 bytes=909926400 progress=90.99% BPC=0.7043 rate=8.80% top100=96.97%
chunks=444350 bytes=910028800 progress=91.00% BPC=0.7044 rate=8.80% top100=96.97%
chunks=444400 bytes=910131200 progress=91.01% BPC=0.7044 rate=8.80% top100=96.97%
chunks=444450 bytes=910233600 progress=91.02% BPC=0.7044 rate=8.80% top100=96.97%
chunks=444500 bytes=910336000 progress=91.03% BPC=0.7044 rate=8.80% top100=96.97%
chunks=444550 bytes=910438400 progress=91.04% BPC=0.7044 rate=8.80% top100=96.97%
chunks=444600 bytes=910540800 progress=91.05% BPC=0.7044 rate=8.80% top100=96.97%
chunks=444650 bytes=910643200 progress=91.06% BPC=0.7044 rate=8.80% top100=96.97%
chunks=444700 bytes=910745600 progress=91.07% BPC=0.7044 rate=8.80% top100=96.97%
chunks=444750 bytes=910848000 progress=91.08% BPC=0.7044 rate=8.80% top100=96.97%
chunks=444800 bytes=910950400 progress=91.10% BPC=0.7044 rate=8.80% top100=96.97%
chunks=444850 bytes=911052800 progress=91.11% BPC=0.7044 rate=8.80% top100=96.97%
chunks=444900 bytes=911155200 progress=91.12% BPC=0.7044 rate=8.81% top100=96.97%
chunks=444950 bytes=911257600 progress=91.13% BPC=0.7044 rate=8.81% top100=96.97%
chunks=445000 bytes=911360000 progress=91.14% BPC=0.7044 rate=8.81% top100=96.97%
chunks=445050 bytes=911462400 progress=91.15% BPC=0.7045 rate=8.81% top100=96.97%
chunks=445100 bytes=911564800 progress=91.16% BPC=0.7045 rate=8.81% top100=96.97%
chunks=445150 bytes=911667200 progress=91.17% BPC=0.7045 rate=8.81% top100=96.97%
chunks=445200 bytes=911769600 progress=91.18% BPC=0.7045 rate=8.81% top100=96.97%
chunks=445250 bytes=911872000 progress=91.19% BPC=0.7045 rate=8.81% top100=96.97%
chunks=445300 bytes=911974400 progress=91.20% BPC=0.7045 rate=8.81% top100=96.97%
chunks=445350 bytes=912076800 progress=91.21% BPC=0.7045 rate=8.81% top100=96.97%
chunks=445400 bytes=912179200 progress=91.22% BPC=0.7045 rate=8.81% top100=96.97%
chunks=445450 bytes=912281600 progress=91.23% BPC=0.7045 rate=8.81% top100=96.97%
chunks=445500 bytes=912384000 progress=91.24% BPC=0.7045 rate=8.81% top100=96.97%
chunks=445550 bytes=912486400 progress=91.25% BPC=0.7045 rate=8.81% top100=96.97%
chunks=445600 bytes=912588800 progress=91.26% BPC=0.7045 rate=8.81% top100=96.97%
chunks=445650 bytes=912691200 progress=91.27% BPC=0.7045 rate=8.81% top100=96.97%
chunks=445700 bytes=912793600 progress=91.28% BPC=0.7045 rate=8.81% top100=96.97%
chunks=445750 bytes=912896000 progress=91.29% BPC=0.7045 rate=8.81% top100=96.97%
chunks=445800 bytes=912998400 progress=91.30% BPC=0.7045 rate=8.81% top100=96.97%
chunks=445850 bytes=913100800 progress=91.31% BPC=0.7045 rate=8.81% top100=96.97%
chunks=445900 bytes=913203200 progress=91.32% BPC=0.7045 rate=8.81% top100=96.97%
chunks=445950 bytes=913305600 progress=91.33% BPC=0.7045 rate=8.81% top100=96.97%
chunks=446000 bytes=913408000 progress=91.34% BPC=0.7045 rate=8.81% top100=96.97%
chunks=446050 bytes=913510400 progress=91.35% BPC=0.7045 rate=8.81% top100=96.97%
chunks=446100 bytes=913612800 progress=91.36% BPC=0.7045 rate=8.81% top100=96.97%
chunks=446150 bytes=913715200 progress=91.37% BPC=0.7045 rate=8.81% top100=96.97%
chunks=446200 bytes=913817600 progress=91.38% BPC=0.7045 rate=8.81% top100=96.97%
chunks=446250 bytes=913920000 progress=91.39% BPC=0.7046 rate=8.81% top100=96.97%
chunks=446300 bytes=914022400 progress=91.40% BPC=0.7046 rate=8.81% top100=96.97%
chunks=446350 bytes=914124800 progress=91.41% BPC=0.7046 rate=8.81% top100=96.97%
chunks=446400 bytes=914227200 progress=91.42% BPC=0.7046 rate=8.81% top100=96.97%
chunks=446450 bytes=914329600 progress=91.43% BPC=0.7046 rate=8.81% top100=96.97%
chunks=446500 bytes=914432000 progress=91.44% BPC=0.7046 rate=8.81% top100=96.97%
chunks=446550 bytes=914534400 progress=91.45% BPC=0.7046 rate=8.81% top100=96.97%
chunks=446600 bytes=914636800 progress=91.46% BPC=0.7046 rate=8.81% top100=96.97%
chunks=446650 bytes=914739200 progress=91.47% BPC=0.7046 rate=8.81% top100=96.97%
chunks=446700 bytes=914841600 progress=91.48% BPC=0.7046 rate=8.81% top100=96.97%
chunks=446750 bytes=914944000 progress=91.49% BPC=0.7046 rate=8.81% top100=96.97%
chunks=446800 bytes=915046400 progress=91.50% BPC=0.7046 rate=8.81% top100=96.97%
chunks=446850 bytes=915148800 progress=91.51% BPC=0.7046 rate=8.81% top100=96.97%
chunks=446900 bytes=915251200 progress=91.53% BPC=0.7046 rate=8.81% top100=96.97%
chunks=446950 bytes=915353600 progress=91.54% BPC=0.7046 rate=8.81% top100=96.97%
chunks=447000 bytes=915456000 progress=91.55% BPC=0.7046 rate=8.81% top100=96.97%
chunks=447050 bytes=915558400 progress=91.56% BPC=0.7046 rate=8.81% top100=96.97%
chunks=447100 bytes=915660800 progress=91.57% BPC=0.7046 rate=8.81% top100=96.97%
chunks=447150 bytes=915763200 progress=91.58% BPC=0.7046 rate=8.81% top100=96.97%
chunks=447200 bytes=915865600 progress=91.59% BPC=0.7046 rate=8.81% top100=96.97%
chunks=447250 bytes=915968000 progress=91.60% BPC=0.7046 rate=8.81% top100=96.97%
chunks=447300 bytes=916070400 progress=91.61% BPC=0.7046 rate=8.81% top100=96.97%
chunks=447350 bytes=916172800 progress=91.62% BPC=0.7045 rate=8.81% top100=96.97%
chunks=447400 bytes=916275200 progress=91.63% BPC=0.7045 rate=8.81% top100=96.97%
chunks=447450 bytes=916377600 progress=91.64% BPC=0.7045 rate=8.81% top100=96.97%
chunks=447500 bytes=916480000 progress=91.65% BPC=0.7044 rate=8.81% top100=96.97%
chunks=447550 bytes=916582400 progress=91.66% BPC=0.7044 rate=8.81% top100=96.97%
chunks=447600 bytes=916684800 progress=91.67% BPC=0.7044 rate=8.81% top100=96.97%
chunks=447650 bytes=916787200 progress=91.68% BPC=0.7044 rate=8.81% top100=96.97%
chunks=447700 bytes=916889600 progress=91.69% BPC=0.7044 rate=8.81% top100=96.97%
chunks=447750 bytes=916992000 progress=91.70% BPC=0.7044 rate=8.81% top100=96.97%
chunks=447800 bytes=917094400 progress=91.71% BPC=0.7045 rate=8.81% top100=96.97%
chunks=447850 bytes=917196800 progress=91.72% BPC=0.7045 rate=8.81% top100=96.97%
chunks=447900 bytes=917299200 progress=91.73% BPC=0.7045 rate=8.81% top100=96.97%
chunks=447950 bytes=917401600 progress=91.74% BPC=0.7045 rate=8.81% top100=96.97%
chunks=448000 bytes=917504000 progress=91.75% BPC=0.7045 rate=8.81% top100=96.97%
chunks=448050 bytes=917606400 progress=91.76% BPC=0.7045 rate=8.81% top100=96.97%
chunks=448100 bytes=917708800 progress=91.77% BPC=0.7045 rate=8.81% top100=96.97%
chunks=448150 bytes=917811200 progress=91.78% BPC=0.7045 rate=8.81% top100=96.97%
chunks=448200 bytes=917913600 progress=91.79% BPC=0.7045 rate=8.81% top100=96.97%
chunks=448250 bytes=918016000 progress=91.80% BPC=0.7046 rate=8.81% top100=96.97%
chunks=448300 bytes=918118400 progress=91.81% BPC=0.7046 rate=8.81% top100=96.97%
chunks=448350 bytes=918220800 progress=91.82% BPC=0.7046 rate=8.81% top100=96.97%
chunks=448400 bytes=918323200 progress=91.83% BPC=0.7046 rate=8.81% top100=96.97%
chunks=448450 bytes=918425600 progress=91.84% BPC=0.7046 rate=8.81% top100=96.97%
chunks=448500 bytes=918528000 progress=91.85% BPC=0.7046 rate=8.81% top100=96.97%
chunks=448550 bytes=918630400 progress=91.86% BPC=0.7046 rate=8.81% top100=96.97%
chunks=448600 bytes=918732800 progress=91.87% BPC=0.7046 rate=8.81% top100=96.97%
chunks=448650 bytes=918835200 progress=91.88% BPC=0.7046 rate=8.81% top100=96.97%
chunks=448700 bytes=918937600 progress=91.89% BPC=0.7046 rate=8.81% top100=96.97%
chunks=448750 bytes=919040000 progress=91.90% BPC=0.7046 rate=8.81% top100=96.97%
chunks=448800 bytes=919142400 progress=91.91% BPC=0.7046 rate=8.81% top100=96.97%
chunks=448850 bytes=919244800 progress=91.92% BPC=0.7046 rate=8.81% top100=96.97%
chunks=448900 bytes=919347200 progress=91.93% BPC=0.7047 rate=8.81% top100=96.97%
chunks=448950 bytes=919449600 progress=91.94% BPC=0.7047 rate=8.81% top100=96.97%
chunks=449000 bytes=919552000 progress=91.96% BPC=0.7047 rate=8.81% top100=96.97%
chunks=449050 bytes=919654400 progress=91.97% BPC=0.7047 rate=8.81% top100=96.97%
chunks=449100 bytes=919756800 progress=91.98% BPC=0.7047 rate=8.81% top100=96.97%
chunks=449150 bytes=919859200 progress=91.99% BPC=0.7047 rate=8.81% top100=96.97%
chunks=449200 bytes=919961600 progress=92.00% BPC=0.7047 rate=8.81% top100=96.97%
chunks=449250 bytes=920064000 progress=92.01% BPC=0.7047 rate=8.81% top100=96.97%
chunks=449300 bytes=920166400 progress=92.02% BPC=0.7047 rate=8.81% top100=96.97%
chunks=449350 bytes=920268800 progress=92.03% BPC=0.7047 rate=8.81% top100=96.97%
chunks=449400 bytes=920371200 progress=92.04% BPC=0.7047 rate=8.81% top100=96.97%
chunks=449450 bytes=920473600 progress=92.05% BPC=0.7047 rate=8.81% top100=96.97%
chunks=449500 bytes=920576000 progress=92.06% BPC=0.7047 rate=8.81% top100=96.97%
chunks=449550 bytes=920678400 progress=92.07% BPC=0.7047 rate=8.81% top100=96.97%
chunks=449600 bytes=920780800 progress=92.08% BPC=0.7047 rate=8.81% top100=96.97%
chunks=449650 bytes=920883200 progress=92.09% BPC=0.7047 rate=8.81% top100=96.97%
chunks=449700 bytes=920985600 progress=92.10% BPC=0.7048 rate=8.81% top100=96.97%
chunks=449750 bytes=921088000 progress=92.11% BPC=0.7048 rate=8.81% top100=96.97%
chunks=449800 bytes=921190400 progress=92.12% BPC=0.7048 rate=8.81% top100=96.97%
chunks=449850 bytes=921292800 progress=92.13% BPC=0.7048 rate=8.81% top100=96.97%
chunks=449900 bytes=921395200 progress=92.14% BPC=0.7048 rate=8.81% top100=96.96%
chunks=449950 bytes=921497600 progress=92.15% BPC=0.7048 rate=8.81% top100=96.96%
chunks=450000 bytes=921600000 progress=92.16% BPC=0.7048 rate=8.81% top100=96.96%
chunks=450050 bytes=921702400 progress=92.17% BPC=0.7048 rate=8.81% top100=96.96%
chunks=450100 bytes=921804800 progress=92.18% BPC=0.7048 rate=8.81% top100=96.96%
chunks=450150 bytes=921907200 progress=92.19% BPC=0.7048 rate=8.81% top100=96.96%
chunks=450200 bytes=922009600 progress=92.20% BPC=0.7048 rate=8.81% top100=96.96%
chunks=450250 bytes=922112000 progress=92.21% BPC=0.7048 rate=8.81% top100=96.96%
chunks=450300 bytes=922214400 progress=92.22% BPC=0.7048 rate=8.81% top100=96.96%
chunks=450350 bytes=922316800 progress=92.23% BPC=0.7048 rate=8.81% top100=96.96%
chunks=450400 bytes=922419200 progress=92.24% BPC=0.7048 rate=8.81% top100=96.96%
chunks=450450 bytes=922521600 progress=92.25% BPC=0.7048 rate=8.81% top100=96.96%
chunks=450500 bytes=922624000 progress=92.26% BPC=0.7048 rate=8.81% top100=96.96%
chunks=450550 bytes=922726400 progress=92.27% BPC=0.7048 rate=8.81% top100=96.96%
chunks=450600 bytes=922828800 progress=92.28% BPC=0.7048 rate=8.81% top100=96.96%
chunks=450650 bytes=922931200 progress=92.29% BPC=0.7048 rate=8.81% top100=96.96%
chunks=450700 bytes=923033600 progress=92.30% BPC=0.7048 rate=8.81% top100=96.96%
chunks=450750 bytes=923136000 progress=92.31% BPC=0.7048 rate=8.81% top100=96.96%
chunks=450800 bytes=923238400 progress=92.32% BPC=0.7048 rate=8.81% top100=96.96%
chunks=450850 bytes=923340800 progress=92.33% BPC=0.7048 rate=8.81% top100=96.96%
chunks=450900 bytes=923443200 progress=92.34% BPC=0.7048 rate=8.81% top100=96.96%
chunks=450950 bytes=923545600 progress=92.35% BPC=0.7049 rate=8.81% top100=96.96%
chunks=451000 bytes=923648000 progress=92.36% BPC=0.7049 rate=8.81% top100=96.96%
chunks=451050 bytes=923750400 progress=92.38% BPC=0.7049 rate=8.81% top100=96.96%
chunks=451100 bytes=923852800 progress=92.39% BPC=0.7049 rate=8.81% top100=96.96%
chunks=451150 bytes=923955200 progress=92.40% BPC=0.7049 rate=8.81% top100=96.96%
chunks=451200 bytes=924057600 progress=92.41% BPC=0.7049 rate=8.81% top100=96.96%
chunks=451250 bytes=924160000 progress=92.42% BPC=0.7049 rate=8.81% top100=96.96%
chunks=451300 bytes=924262400 progress=92.43% BPC=0.7049 rate=8.81% top100=96.96%
chunks=451350 bytes=924364800 progress=92.44% BPC=0.7049 rate=8.81% top100=96.96%
chunks=451400 bytes=924467200 progress=92.45% BPC=0.7049 rate=8.81% top100=96.96%
chunks=451450 bytes=924569600 progress=92.46% BPC=0.7049 rate=8.81% top100=96.96%
chunks=451500 bytes=924672000 progress=92.47% BPC=0.7049 rate=8.81% top100=96.96%
chunks=451550 bytes=924774400 progress=92.48% BPC=0.7049 rate=8.81% top100=96.96%
chunks=451600 bytes=924876800 progress=92.49% BPC=0.7049 rate=8.81% top100=96.96%
chunks=451650 bytes=924979200 progress=92.50% BPC=0.7049 rate=8.81% top100=96.96%
chunks=451700 bytes=925081600 progress=92.51% BPC=0.7049 rate=8.81% top100=96.96%
chunks=451750 bytes=925184000 progress=92.52% BPC=0.7049 rate=8.81% top100=96.96%
chunks=451800 bytes=925286400 progress=92.53% BPC=0.7049 rate=8.81% top100=96.96%
chunks=451850 bytes=925388800 progress=92.54% BPC=0.7049 rate=8.81% top100=96.96%
chunks=451900 bytes=925491200 progress=92.55% BPC=0.7049 rate=8.81% top100=96.96%
chunks=451950 bytes=925593600 progress=92.56% BPC=0.7049 rate=8.81% top100=96.96%
chunks=452000 bytes=925696000 progress=92.57% BPC=0.7049 rate=8.81% top100=96.96%
chunks=452050 bytes=925798400 progress=92.58% BPC=0.7049 rate=8.81% top100=96.96%
chunks=452100 bytes=925900800 progress=92.59% BPC=0.7049 rate=8.81% top100=96.96%
chunks=452150 bytes=926003200 progress=92.60% BPC=0.7049 rate=8.81% top100=96.96%
chunks=452200 bytes=926105600 progress=92.61% BPC=0.7050 rate=8.81% top100=96.96%
chunks=452250 bytes=926208000 progress=92.62% BPC=0.7050 rate=8.81% top100=96.96%
chunks=452300 bytes=926310400 progress=92.63% BPC=0.7050 rate=8.81% top100=96.96%
chunks=452350 bytes=926412800 progress=92.64% BPC=0.7050 rate=8.81% top100=96.96%
chunks=452400 bytes=926515200 progress=92.65% BPC=0.7050 rate=8.81% top100=96.96%
chunks=452450 bytes=926617600 progress=92.66% BPC=0.7050 rate=8.81% top100=96.96%
chunks=452500 bytes=926720000 progress=92.67% BPC=0.7050 rate=8.81% top100=96.96%
chunks=452550 bytes=926822400 progress=92.68% BPC=0.7050 rate=8.81% top100=96.96%
chunks=452600 bytes=926924800 progress=92.69% BPC=0.7050 rate=8.81% top100=96.96%
chunks=452650 bytes=927027200 progress=92.70% BPC=0.7050 rate=8.81% top100=96.96%
chunks=452700 bytes=927129600 progress=92.71% BPC=0.7049 rate=8.81% top100=96.96%
chunks=452750 bytes=927232000 progress=92.72% BPC=0.7049 rate=8.81% top100=96.96%
chunks=452800 bytes=927334400 progress=92.73% BPC=0.7049 rate=8.81% top100=96.96%
chunks=452850 bytes=927436800 progress=92.74% BPC=0.7049 rate=8.81% top100=96.96%
chunks=452900 bytes=927539200 progress=92.75% BPC=0.7049 rate=8.81% top100=96.96%
chunks=452950 bytes=927641600 progress=92.76% BPC=0.7049 rate=8.81% top100=96.96%
chunks=453000 bytes=927744000 progress=92.77% BPC=0.7049 rate=8.81% top100=96.96%
chunks=453050 bytes=927846400 progress=92.78% BPC=0.7049 rate=8.81% top100=96.96%
chunks=453100 bytes=927948800 progress=92.79% BPC=0.7049 rate=8.81% top100=96.96%
chunks=453150 bytes=928051200 progress=92.81% BPC=0.7049 rate=8.81% top100=96.96%
chunks=453200 bytes=928153600 progress=92.82% BPC=0.7049 rate=8.81% top100=96.96%
chunks=453250 bytes=928256000 progress=92.83% BPC=0.7049 rate=8.81% top100=96.96%
chunks=453300 bytes=928358400 progress=92.84% BPC=0.7049 rate=8.81% top100=96.96%
chunks=453350 bytes=928460800 progress=92.85% BPC=0.7049 rate=8.81% top100=96.96%
chunks=453400 bytes=928563200 progress=92.86% BPC=0.7049 rate=8.81% top100=96.96%
chunks=453450 bytes=928665600 progress=92.87% BPC=0.7049 rate=8.81% top100=96.96%
chunks=453500 bytes=928768000 progress=92.88% BPC=0.7049 rate=8.81% top100=96.96%
chunks=453550 bytes=928870400 progress=92.89% BPC=0.7049 rate=8.81% top100=96.96%
chunks=453600 bytes=928972800 progress=92.90% BPC=0.7049 rate=8.81% top100=96.96%
chunks=453650 bytes=929075200 progress=92.91% BPC=0.7049 rate=8.81% top100=96.96%
chunks=453700 bytes=929177600 progress=92.92% BPC=0.7049 rate=8.81% top100=96.96%
chunks=453750 bytes=929280000 progress=92.93% BPC=0.7049 rate=8.81% top100=96.96%
chunks=453800 bytes=929382400 progress=92.94% BPC=0.7049 rate=8.81% top100=96.96%
chunks=453850 bytes=929484800 progress=92.95% BPC=0.7049 rate=8.81% top100=96.96%
chunks=453900 bytes=929587200 progress=92.96% BPC=0.7049 rate=8.81% top100=96.96%
chunks=453950 bytes=929689600 progress=92.97% BPC=0.7049 rate=8.81% top100=96.96%
chunks=454000 bytes=929792000 progress=92.98% BPC=0.7049 rate=8.81% top100=96.96%
chunks=454050 bytes=929894400 progress=92.99% BPC=0.7049 rate=8.81% top100=96.96%
chunks=454100 bytes=929996800 progress=93.00% BPC=0.7050 rate=8.81% top100=96.96%
chunks=454150 bytes=930099200 progress=93.01% BPC=0.7050 rate=8.81% top100=96.96%
chunks=454200 bytes=930201600 progress=93.02% BPC=0.7050 rate=8.81% top100=96.96%
chunks=454250 bytes=930304000 progress=93.03% BPC=0.7050 rate=8.81% top100=96.96%
chunks=454300 bytes=930406400 progress=93.04% BPC=0.7050 rate=8.81% top100=96.96%
chunks=454350 bytes=930508800 progress=93.05% BPC=0.7050 rate=8.81% top100=96.96%
chunks=454400 bytes=930611200 progress=93.06% BPC=0.7050 rate=8.81% top100=96.96%
chunks=454450 bytes=930713600 progress=93.07% BPC=0.7050 rate=8.81% top100=96.96%
chunks=454500 bytes=930816000 progress=93.08% BPC=0.7050 rate=8.81% top100=96.96%
chunks=454550 bytes=930918400 progress=93.09% BPC=0.7050 rate=8.81% top100=96.96%
chunks=454600 bytes=931020800 progress=93.10% BPC=0.7050 rate=8.81% top100=96.96%
chunks=454650 bytes=931123200 progress=93.11% BPC=0.7050 rate=8.81% top100=96.96%
chunks=454700 bytes=931225600 progress=93.12% BPC=0.7050 rate=8.81% top100=96.96%
chunks=454750 bytes=931328000 progress=93.13% BPC=0.7050 rate=8.81% top100=96.96%
chunks=454800 bytes=931430400 progress=93.14% BPC=0.7050 rate=8.81% top100=96.96%
chunks=454850 bytes=931532800 progress=93.15% BPC=0.7050 rate=8.81% top100=96.96%
chunks=454900 bytes=931635200 progress=93.16% BPC=0.7050 rate=8.81% top100=96.96%
chunks=454950 bytes=931737600 progress=93.17% BPC=0.7050 rate=8.81% top100=96.96%
chunks=455000 bytes=931840000 progress=93.18% BPC=0.7050 rate=8.81% top100=96.96%
chunks=455050 bytes=931942400 progress=93.19% BPC=0.7051 rate=8.81% top100=96.96%
chunks=455100 bytes=932044800 progress=93.20% BPC=0.7051 rate=8.81% top100=96.96%
chunks=455150 bytes=932147200 progress=93.21% BPC=0.7051 rate=8.81% top100=96.96%
chunks=455200 bytes=932249600 progress=93.22% BPC=0.7051 rate=8.81% top100=96.96%
chunks=455250 bytes=932352000 progress=93.24% BPC=0.7051 rate=8.81% top100=96.96%
chunks=455300 bytes=932454400 progress=93.25% BPC=0.7051 rate=8.81% top100=96.96%
chunks=455350 bytes=932556800 progress=93.26% BPC=0.7051 rate=8.81% top100=96.96%
chunks=455400 bytes=932659200 progress=93.27% BPC=0.7051 rate=8.81% top100=96.96%
chunks=455450 bytes=932761600 progress=93.28% BPC=0.7051 rate=8.81% top100=96.96%
chunks=455500 bytes=932864000 progress=93.29% BPC=0.7051 rate=8.81% top100=96.96%
chunks=455550 bytes=932966400 progress=93.30% BPC=0.7051 rate=8.81% top100=96.96%
chunks=455600 bytes=933068800 progress=93.31% BPC=0.7051 rate=8.81% top100=96.96%
chunks=455650 bytes=933171200 progress=93.32% BPC=0.7051 rate=8.81% top100=96.96%
chunks=455700 bytes=933273600 progress=93.33% BPC=0.7051 rate=8.81% top100=96.96%
chunks=455750 bytes=933376000 progress=93.34% BPC=0.7051 rate=8.81% top100=96.96%
chunks=455800 bytes=933478400 progress=93.35% BPC=0.7051 rate=8.81% top100=96.96%
chunks=455850 bytes=933580800 progress=93.36% BPC=0.7051 rate=8.81% top100=96.96%
chunks=455900 bytes=933683200 progress=93.37% BPC=0.7051 rate=8.81% top100=96.96%
chunks=455950 bytes=933785600 progress=93.38% BPC=0.7051 rate=8.81% top100=96.96%
chunks=456000 bytes=933888000 progress=93.39% BPC=0.7051 rate=8.81% top100=96.96%
chunks=456050 bytes=933990400 progress=93.40% BPC=0.7051 rate=8.81% top100=96.96%
chunks=456100 bytes=934092800 progress=93.41% BPC=0.7051 rate=8.81% top100=96.96%
chunks=456150 bytes=934195200 progress=93.42% BPC=0.7052 rate=8.81% top100=96.96%
chunks=456200 bytes=934297600 progress=93.43% BPC=0.7052 rate=8.81% top100=96.96%
chunks=456250 bytes=934400000 progress=93.44% BPC=0.7052 rate=8.81% top100=96.96%
chunks=456300 bytes=934502400 progress=93.45% BPC=0.7052 rate=8.81% top100=96.96%
chunks=456350 bytes=934604800 progress=93.46% BPC=0.7052 rate=8.81% top100=96.96%
chunks=456400 bytes=934707200 progress=93.47% BPC=0.7052 rate=8.81% top100=96.96%
chunks=456450 bytes=934809600 progress=93.48% BPC=0.7052 rate=8.81% top100=96.96%
chunks=456500 bytes=934912000 progress=93.49% BPC=0.7052 rate=8.81% top100=96.96%
chunks=456550 bytes=935014400 progress=93.50% BPC=0.7052 rate=8.82% top100=96.96%
chunks=456600 bytes=935116800 progress=93.51% BPC=0.7052 rate=8.82% top100=96.96%
chunks=456650 bytes=935219200 progress=93.52% BPC=0.7052 rate=8.82% top100=96.96%
chunks=456700 bytes=935321600 progress=93.53% BPC=0.7052 rate=8.82% top100=96.96%
chunks=456750 bytes=935424000 progress=93.54% BPC=0.7052 rate=8.82% top100=96.96%
chunks=456800 bytes=935526400 progress=93.55% BPC=0.7052 rate=8.82% top100=96.96%
chunks=456850 bytes=935628800 progress=93.56% BPC=0.7052 rate=8.82% top100=96.96%
chunks=456900 bytes=935731200 progress=93.57% BPC=0.7053 rate=8.82% top100=96.96%
chunks=456950 bytes=935833600 progress=93.58% BPC=0.7053 rate=8.82% top100=96.96%
chunks=457000 bytes=935936000 progress=93.59% BPC=0.7053 rate=8.82% top100=96.96%
chunks=457050 bytes=936038400 progress=93.60% BPC=0.7053 rate=8.82% top100=96.96%
chunks=457100 bytes=936140800 progress=93.61% BPC=0.7053 rate=8.82% top100=96.96%
chunks=457150 bytes=936243200 progress=93.62% BPC=0.7053 rate=8.82% top100=96.96%
chunks=457200 bytes=936345600 progress=93.63% BPC=0.7053 rate=8.82% top100=96.96%
chunks=457250 bytes=936448000 progress=93.64% BPC=0.7053 rate=8.82% top100=96.96%
chunks=457300 bytes=936550400 progress=93.66% BPC=0.7053 rate=8.82% top100=96.96%
chunks=457350 bytes=936652800 progress=93.67% BPC=0.7053 rate=8.82% top100=96.96%
chunks=457400 bytes=936755200 progress=93.68% BPC=0.7053 rate=8.82% top100=96.96%
chunks=457450 bytes=936857600 progress=93.69% BPC=0.7053 rate=8.82% top100=96.96%
chunks=457500 bytes=936960000 progress=93.70% BPC=0.7053 rate=8.82% top100=96.96%
chunks=457550 bytes=937062400 progress=93.71% BPC=0.7053 rate=8.82% top100=96.96%
chunks=457600 bytes=937164800 progress=93.72% BPC=0.7053 rate=8.82% top100=96.96%
chunks=457650 bytes=937267200 progress=93.73% BPC=0.7053 rate=8.82% top100=96.96%
chunks=457700 bytes=937369600 progress=93.74% BPC=0.7053 rate=8.82% top100=96.96%
chunks=457750 bytes=937472000 progress=93.75% BPC=0.7053 rate=8.82% top100=96.96%
chunks=457800 bytes=937574400 progress=93.76% BPC=0.7053 rate=8.82% top100=96.96%
chunks=457850 bytes=937676800 progress=93.77% BPC=0.7053 rate=8.82% top100=96.96%
chunks=457900 bytes=937779200 progress=93.78% BPC=0.7053 rate=8.82% top100=96.96%
chunks=457950 bytes=937881600 progress=93.79% BPC=0.7053 rate=8.82% top100=96.96%
chunks=458000 bytes=937984000 progress=93.80% BPC=0.7053 rate=8.82% top100=96.96%
chunks=458050 bytes=938086400 progress=93.81% BPC=0.7053 rate=8.82% top100=96.96%
chunks=458100 bytes=938188800 progress=93.82% BPC=0.7053 rate=8.82% top100=96.96%
chunks=458150 bytes=938291200 progress=93.83% BPC=0.7053 rate=8.82% top100=96.96%
chunks=458200 bytes=938393600 progress=93.84% BPC=0.7053 rate=8.82% top100=96.96%
chunks=458250 bytes=938496000 progress=93.85% BPC=0.7053 rate=8.82% top100=96.96%
chunks=458300 bytes=938598400 progress=93.86% BPC=0.7053 rate=8.82% top100=96.96%
chunks=458350 bytes=938700800 progress=93.87% BPC=0.7053 rate=8.82% top100=96.96%
chunks=458400 bytes=938803200 progress=93.88% BPC=0.7053 rate=8.82% top100=96.96%
chunks=458450 bytes=938905600 progress=93.89% BPC=0.7053 rate=8.82% top100=96.96%
chunks=458500 bytes=939008000 progress=93.90% BPC=0.7053 rate=8.82% top100=96.96%
chunks=458550 bytes=939110400 progress=93.91% BPC=0.7054 rate=8.82% top100=96.96%
chunks=458600 bytes=939212800 progress=93.92% BPC=0.7054 rate=8.82% top100=96.96%
chunks=458650 bytes=939315200 progress=93.93% BPC=0.7054 rate=8.82% top100=96.96%
chunks=458700 bytes=939417600 progress=93.94% BPC=0.7054 rate=8.82% top100=96.96%
chunks=458750 bytes=939520000 progress=93.95% BPC=0.7054 rate=8.82% top100=96.96%
chunks=458800 bytes=939622400 progress=93.96% BPC=0.7054 rate=8.82% top100=96.96%
chunks=458850 bytes=939724800 progress=93.97% BPC=0.7054 rate=8.82% top100=96.96%
chunks=458900 bytes=939827200 progress=93.98% BPC=0.7054 rate=8.82% top100=96.96%
chunks=458950 bytes=939929600 progress=93.99% BPC=0.7054 rate=8.82% top100=96.96%
chunks=459000 bytes=940032000 progress=94.00% BPC=0.7054 rate=8.82% top100=96.96%
chunks=459050 bytes=940134400 progress=94.01% BPC=0.7054 rate=8.82% top100=96.96%
chunks=459100 bytes=940236800 progress=94.02% BPC=0.7054 rate=8.82% top100=96.96%
chunks=459150 bytes=940339200 progress=94.03% BPC=0.7054 rate=8.82% top100=96.96%
chunks=459200 bytes=940441600 progress=94.04% BPC=0.7054 rate=8.82% top100=96.96%
chunks=459250 bytes=940544000 progress=94.05% BPC=0.7054 rate=8.82% top100=96.96%
chunks=459300 bytes=940646400 progress=94.06% BPC=0.7054 rate=8.82% top100=96.96%
chunks=459350 bytes=940748800 progress=94.07% BPC=0.7055 rate=8.82% top100=96.96%
chunks=459400 bytes=940851200 progress=94.09% BPC=0.7055 rate=8.82% top100=96.96%
chunks=459450 bytes=940953600 progress=94.10% BPC=0.7054 rate=8.82% top100=96.96%
chunks=459500 bytes=941056000 progress=94.11% BPC=0.7055 rate=8.82% top100=96.96%
chunks=459550 bytes=941158400 progress=94.12% BPC=0.7055 rate=8.82% top100=96.96%
chunks=459600 bytes=941260800 progress=94.13% BPC=0.7055 rate=8.82% top100=96.96%
chunks=459650 bytes=941363200 progress=94.14% BPC=0.7055 rate=8.82% top100=96.96%
chunks=459700 bytes=941465600 progress=94.15% BPC=0.7055 rate=8.82% top100=96.96%
chunks=459750 bytes=941568000 progress=94.16% BPC=0.7055 rate=8.82% top100=96.96%
chunks=459800 bytes=941670400 progress=94.17% BPC=0.7055 rate=8.82% top100=96.96%
chunks=459850 bytes=941772800 progress=94.18% BPC=0.7055 rate=8.82% top100=96.96%
chunks=459900 bytes=941875200 progress=94.19% BPC=0.7055 rate=8.82% top100=96.96%
chunks=459950 bytes=941977600 progress=94.20% BPC=0.7055 rate=8.82% top100=96.96%
chunks=460000 bytes=942080000 progress=94.21% BPC=0.7055 rate=8.82% top100=96.96%
chunks=460050 bytes=942182400 progress=94.22% BPC=0.7055 rate=8.82% top100=96.96%
chunks=460100 bytes=942284800 progress=94.23% BPC=0.7055 rate=8.82% top100=96.96%
chunks=460150 bytes=942387200 progress=94.24% BPC=0.7055 rate=8.82% top100=96.96%
chunks=460200 bytes=942489600 progress=94.25% BPC=0.7055 rate=8.82% top100=96.96%
chunks=460250 bytes=942592000 progress=94.26% BPC=0.7055 rate=8.82% top100=96.96%
chunks=460300 bytes=942694400 progress=94.27% BPC=0.7055 rate=8.82% top100=96.96%
chunks=460350 bytes=942796800 progress=94.28% BPC=0.7055 rate=8.82% top100=96.96%
chunks=460400 bytes=942899200 progress=94.29% BPC=0.7055 rate=8.82% top100=96.96%
chunks=460450 bytes=943001600 progress=94.30% BPC=0.7055 rate=8.82% top100=96.96%
chunks=460500 bytes=943104000 progress=94.31% BPC=0.7055 rate=8.82% top100=96.96%
chunks=460550 bytes=943206400 progress=94.32% BPC=0.7055 rate=8.82% top100=96.96%
chunks=460600 bytes=943308800 progress=94.33% BPC=0.7055 rate=8.82% top100=96.96%
chunks=460650 bytes=943411200 progress=94.34% BPC=0.7055 rate=8.82% top100=96.96%
chunks=460700 bytes=943513600 progress=94.35% BPC=0.7055 rate=8.82% top100=96.96%
chunks=460750 bytes=943616000 progress=94.36% BPC=0.7055 rate=8.82% top100=96.96%
chunks=460800 bytes=943718400 progress=94.37% BPC=0.7055 rate=8.82% top100=96.96%
chunks=460850 bytes=943820800 progress=94.38% BPC=0.7055 rate=8.82% top100=96.96%
chunks=460900 bytes=943923200 progress=94.39% BPC=0.7055 rate=8.82% top100=96.96%
chunks=460950 bytes=944025600 progress=94.40% BPC=0.7056 rate=8.82% top100=96.96%
chunks=461000 bytes=944128000 progress=94.41% BPC=0.7056 rate=8.82% top100=96.96%
chunks=461050 bytes=944230400 progress=94.42% BPC=0.7056 rate=8.82% top100=96.96%
chunks=461100 bytes=944332800 progress=94.43% BPC=0.7056 rate=8.82% top100=96.96%
chunks=461150 bytes=944435200 progress=94.44% BPC=0.7056 rate=8.82% top100=96.96%
chunks=461200 bytes=944537600 progress=94.45% BPC=0.7056 rate=8.82% top100=96.96%
chunks=461250 bytes=944640000 progress=94.46% BPC=0.7056 rate=8.82% top100=96.96%
chunks=461300 bytes=944742400 progress=94.47% BPC=0.7056 rate=8.82% top100=96.96%
chunks=461350 bytes=944844800 progress=94.48% BPC=0.7056 rate=8.82% top100=96.96%
chunks=461400 bytes=944947200 progress=94.49% BPC=0.7056 rate=8.82% top100=96.96%
chunks=461450 bytes=945049600 progress=94.50% BPC=0.7056 rate=8.82% top100=96.96%
chunks=461500 bytes=945152000 progress=94.52% BPC=0.7056 rate=8.82% top100=96.96%
chunks=461550 bytes=945254400 progress=94.53% BPC=0.7056 rate=8.82% top100=96.96%
chunks=461600 bytes=945356800 progress=94.54% BPC=0.7056 rate=8.82% top100=96.96%
chunks=461650 bytes=945459200 progress=94.55% BPC=0.7057 rate=8.82% top100=96.96%
chunks=461700 bytes=945561600 progress=94.56% BPC=0.7057 rate=8.82% top100=96.96%
chunks=461750 bytes=945664000 progress=94.57% BPC=0.7057 rate=8.82% top100=96.96%
chunks=461800 bytes=945766400 progress=94.58% BPC=0.7057 rate=8.82% top100=96.96%
chunks=461850 bytes=945868800 progress=94.59% BPC=0.7057 rate=8.82% top100=96.96%
chunks=461900 bytes=945971200 progress=94.60% BPC=0.7057 rate=8.82% top100=96.96%
chunks=461950 bytes=946073600 progress=94.61% BPC=0.7057 rate=8.82% top100=96.96%
chunks=462000 bytes=946176000 progress=94.62% BPC=0.7057 rate=8.82% top100=96.96%
chunks=462050 bytes=946278400 progress=94.63% BPC=0.7057 rate=8.82% top100=96.96%
chunks=462100 bytes=946380800 progress=94.64% BPC=0.7057 rate=8.82% top100=96.96%
chunks=462150 bytes=946483200 progress=94.65% BPC=0.7057 rate=8.82% top100=96.96%
chunks=462200 bytes=946585600 progress=94.66% BPC=0.7057 rate=8.82% top100=96.96%
chunks=462250 bytes=946688000 progress=94.67% BPC=0.7057 rate=8.82% top100=96.96%
chunks=462300 bytes=946790400 progress=94.68% BPC=0.7057 rate=8.82% top100=96.96%
chunks=462350 bytes=946892800 progress=94.69% BPC=0.7057 rate=8.82% top100=96.96%
chunks=462400 bytes=946995200 progress=94.70% BPC=0.7057 rate=8.82% top100=96.96%
chunks=462450 bytes=947097600 progress=94.71% BPC=0.7057 rate=8.82% top100=96.96%
chunks=462500 bytes=947200000 progress=94.72% BPC=0.7057 rate=8.82% top100=96.96%
chunks=462550 bytes=947302400 progress=94.73% BPC=0.7057 rate=8.82% top100=96.96%
chunks=462600 bytes=947404800 progress=94.74% BPC=0.7057 rate=8.82% top100=96.96%
chunks=462650 bytes=947507200 progress=94.75% BPC=0.7057 rate=8.82% top100=96.96%
chunks=462700 bytes=947609600 progress=94.76% BPC=0.7057 rate=8.82% top100=96.96%
chunks=462750 bytes=947712000 progress=94.77% BPC=0.7057 rate=8.82% top100=96.96%
chunks=462800 bytes=947814400 progress=94.78% BPC=0.7057 rate=8.82% top100=96.96%
chunks=462850 bytes=947916800 progress=94.79% BPC=0.7057 rate=8.82% top100=96.96%
chunks=462900 bytes=948019200 progress=94.80% BPC=0.7057 rate=8.82% top100=96.96%
chunks=462950 bytes=948121600 progress=94.81% BPC=0.7057 rate=8.82% top100=96.96%
chunks=463000 bytes=948224000 progress=94.82% BPC=0.7058 rate=8.82% top100=96.96%
chunks=463050 bytes=948326400 progress=94.83% BPC=0.7058 rate=8.82% top100=96.96%
chunks=463100 bytes=948428800 progress=94.84% BPC=0.7058 rate=8.82% top100=96.95%
chunks=463150 bytes=948531200 progress=94.85% BPC=0.7058 rate=8.82% top100=96.95%
chunks=463200 bytes=948633600 progress=94.86% BPC=0.7058 rate=8.82% top100=96.95%
chunks=463250 bytes=948736000 progress=94.87% BPC=0.7058 rate=8.82% top100=96.95%
chunks=463300 bytes=948838400 progress=94.88% BPC=0.7058 rate=8.82% top100=96.95%
chunks=463350 bytes=948940800 progress=94.89% BPC=0.7058 rate=8.82% top100=96.95%
chunks=463400 bytes=949043200 progress=94.90% BPC=0.7058 rate=8.82% top100=96.95%
chunks=463450 bytes=949145600 progress=94.91% BPC=0.7058 rate=8.82% top100=96.95%
chunks=463500 bytes=949248000 progress=94.92% BPC=0.7058 rate=8.82% top100=96.95%
chunks=463550 bytes=949350400 progress=94.94% BPC=0.7058 rate=8.82% top100=96.95%
chunks=463600 bytes=949452800 progress=94.95% BPC=0.7058 rate=8.82% top100=96.95%
chunks=463650 bytes=949555200 progress=94.96% BPC=0.7058 rate=8.82% top100=96.95%
chunks=463700 bytes=949657600 progress=94.97% BPC=0.7058 rate=8.82% top100=96.95%
chunks=463750 bytes=949760000 progress=94.98% BPC=0.7058 rate=8.82% top100=96.95%
chunks=463800 bytes=949862400 progress=94.99% BPC=0.7058 rate=8.82% top100=96.95%
chunks=463850 bytes=949964800 progress=95.00% BPC=0.7058 rate=8.82% top100=96.95%
chunks=463900 bytes=950067200 progress=95.01% BPC=0.7058 rate=8.82% top100=96.95%
chunks=463950 bytes=950169600 progress=95.02% BPC=0.7058 rate=8.82% top100=96.95%
chunks=464000 bytes=950272000 progress=95.03% BPC=0.7058 rate=8.82% top100=96.95%
chunks=464050 bytes=950374400 progress=95.04% BPC=0.7058 rate=8.82% top100=96.95%
chunks=464100 bytes=950476800 progress=95.05% BPC=0.7058 rate=8.82% top100=96.95%
chunks=464150 bytes=950579200 progress=95.06% BPC=0.7058 rate=8.82% top100=96.95%
chunks=464200 bytes=950681600 progress=95.07% BPC=0.7058 rate=8.82% top100=96.96%
chunks=464250 bytes=950784000 progress=95.08% BPC=0.7058 rate=8.82% top100=96.96%
chunks=464300 bytes=950886400 progress=95.09% BPC=0.7058 rate=8.82% top100=96.95%
chunks=464350 bytes=950988800 progress=95.10% BPC=0.7058 rate=8.82% top100=96.95%
chunks=464400 bytes=951091200 progress=95.11% BPC=0.7058 rate=8.82% top100=96.95%
chunks=464450 bytes=951193600 progress=95.12% BPC=0.7058 rate=8.82% top100=96.95%
chunks=464500 bytes=951296000 progress=95.13% BPC=0.7058 rate=8.82% top100=96.96%
chunks=464550 bytes=951398400 progress=95.14% BPC=0.7058 rate=8.82% top100=96.96%
chunks=464600 bytes=951500800 progress=95.15% BPC=0.7058 rate=8.82% top100=96.96%
chunks=464650 bytes=951603200 progress=95.16% BPC=0.7058 rate=8.82% top100=96.96%
chunks=464700 bytes=951705600 progress=95.17% BPC=0.7058 rate=8.82% top100=96.96%
chunks=464750 bytes=951808000 progress=95.18% BPC=0.7058 rate=8.82% top100=96.96%
chunks=464800 bytes=951910400 progress=95.19% BPC=0.7058 rate=8.82% top100=96.96%
chunks=464850 bytes=952012800 progress=95.20% BPC=0.7058 rate=8.82% top100=96.96%
chunks=464900 bytes=952115200 progress=95.21% BPC=0.7058 rate=8.82% top100=96.96%
chunks=464950 bytes=952217600 progress=95.22% BPC=0.7058 rate=8.82% top100=96.96%
chunks=465000 bytes=952320000 progress=95.23% BPC=0.7058 rate=8.82% top100=96.96%
chunks=465050 bytes=952422400 progress=95.24% BPC=0.7058 rate=8.82% top100=96.95%
chunks=465100 bytes=952524800 progress=95.25% BPC=0.7058 rate=8.82% top100=96.95%
chunks=465150 bytes=952627200 progress=95.26% BPC=0.7058 rate=8.82% top100=96.95%
chunks=465200 bytes=952729600 progress=95.27% BPC=0.7058 rate=8.82% top100=96.95%
chunks=465250 bytes=952832000 progress=95.28% BPC=0.7058 rate=8.82% top100=96.95%
chunks=465300 bytes=952934400 progress=95.29% BPC=0.7058 rate=8.82% top100=96.95%
chunks=465350 bytes=953036800 progress=95.30% BPC=0.7058 rate=8.82% top100=96.95%
chunks=465400 bytes=953139200 progress=95.31% BPC=0.7058 rate=8.82% top100=96.95%
chunks=465450 bytes=953241600 progress=95.32% BPC=0.7058 rate=8.82% top100=96.95%
chunks=465500 bytes=953344000 progress=95.33% BPC=0.7058 rate=8.82% top100=96.95%
chunks=465550 bytes=953446400 progress=95.34% BPC=0.7058 rate=8.82% top100=96.95%
chunks=465600 bytes=953548800 progress=95.35% BPC=0.7058 rate=8.82% top100=96.95%
chunks=465650 bytes=953651200 progress=95.37% BPC=0.7058 rate=8.82% top100=96.95%
chunks=465700 bytes=953753600 progress=95.38% BPC=0.7058 rate=8.82% top100=96.96%
chunks=465750 bytes=953856000 progress=95.39% BPC=0.7058 rate=8.82% top100=96.96%
chunks=465800 bytes=953958400 progress=95.40% BPC=0.7058 rate=8.82% top100=96.96%
chunks=465850 bytes=954060800 progress=95.41% BPC=0.7058 rate=8.82% top100=96.96%
chunks=465900 bytes=954163200 progress=95.42% BPC=0.7058 rate=8.82% top100=96.96%
chunks=465950 bytes=954265600 progress=95.43% BPC=0.7058 rate=8.82% top100=96.96%
chunks=466000 bytes=954368000 progress=95.44% BPC=0.7058 rate=8.82% top100=96.96%
chunks=466050 bytes=954470400 progress=95.45% BPC=0.7059 rate=8.82% top100=96.95%
chunks=466100 bytes=954572800 progress=95.46% BPC=0.7059 rate=8.82% top100=96.95%
chunks=466150 bytes=954675200 progress=95.47% BPC=0.7059 rate=8.82% top100=96.95%
chunks=466200 bytes=954777600 progress=95.48% BPC=0.7059 rate=8.82% top100=96.95%
chunks=466250 bytes=954880000 progress=95.49% BPC=0.7058 rate=8.82% top100=96.95%
chunks=466300 bytes=954982400 progress=95.50% BPC=0.7058 rate=8.82% top100=96.96%
chunks=466350 bytes=955084800 progress=95.51% BPC=0.7058 rate=8.82% top100=96.96%
chunks=466400 bytes=955187200 progress=95.52% BPC=0.7058 rate=8.82% top100=96.96%
chunks=466450 bytes=955289600 progress=95.53% BPC=0.7058 rate=8.82% top100=96.96%
chunks=466500 bytes=955392000 progress=95.54% BPC=0.7058 rate=8.82% top100=96.96%
chunks=466550 bytes=955494400 progress=95.55% BPC=0.7058 rate=8.82% top100=96.96%
chunks=466600 bytes=955596800 progress=95.56% BPC=0.7058 rate=8.82% top100=96.96%
chunks=466650 bytes=955699200 progress=95.57% BPC=0.7058 rate=8.82% top100=96.96%
chunks=466700 bytes=955801600 progress=95.58% BPC=0.7058 rate=8.82% top100=96.96%
chunks=466750 bytes=955904000 progress=95.59% BPC=0.7058 rate=8.82% top100=96.95%
chunks=466800 bytes=956006400 progress=95.60% BPC=0.7059 rate=8.82% top100=96.95%
chunks=466850 bytes=956108800 progress=95.61% BPC=0.7059 rate=8.82% top100=96.95%
chunks=466900 bytes=956211200 progress=95.62% BPC=0.7059 rate=8.82% top100=96.95%
chunks=466950 bytes=956313600 progress=95.63% BPC=0.7059 rate=8.82% top100=96.95%
chunks=467000 bytes=956416000 progress=95.64% BPC=0.7059 rate=8.82% top100=96.95%
chunks=467050 bytes=956518400 progress=95.65% BPC=0.7059 rate=8.82% top100=96.95%
chunks=467100 bytes=956620800 progress=95.66% BPC=0.7059 rate=8.82% top100=96.95%
chunks=467150 bytes=956723200 progress=95.67% BPC=0.7059 rate=8.82% top100=96.95%
chunks=467200 bytes=956825600 progress=95.68% BPC=0.7058 rate=8.82% top100=96.96%
chunks=467250 bytes=956928000 progress=95.69% BPC=0.7058 rate=8.82% top100=96.96%
chunks=467300 bytes=957030400 progress=95.70% BPC=0.7058 rate=8.82% top100=96.96%
chunks=467350 bytes=957132800 progress=95.71% BPC=0.7058 rate=8.82% top100=96.96%
chunks=467400 bytes=957235200 progress=95.72% BPC=0.7058 rate=8.82% top100=96.96%
chunks=467450 bytes=957337600 progress=95.73% BPC=0.7058 rate=8.82% top100=96.96%
chunks=467500 bytes=957440000 progress=95.74% BPC=0.7058 rate=8.82% top100=96.96%
chunks=467550 bytes=957542400 progress=95.75% BPC=0.7059 rate=8.82% top100=96.96%
chunks=467600 bytes=957644800 progress=95.76% BPC=0.7059 rate=8.82% top100=96.96%
chunks=467650 bytes=957747200 progress=95.77% BPC=0.7059 rate=8.82% top100=96.95%
chunks=467700 bytes=957849600 progress=95.78% BPC=0.7059 rate=8.82% top100=96.95%
chunks=467750 bytes=957952000 progress=95.80% BPC=0.7059 rate=8.82% top100=96.95%
chunks=467800 bytes=958054400 progress=95.81% BPC=0.7059 rate=8.82% top100=96.95%
chunks=467850 bytes=958156800 progress=95.82% BPC=0.7059 rate=8.82% top100=96.95%
chunks=467900 bytes=958259200 progress=95.83% BPC=0.7059 rate=8.82% top100=96.95%
chunks=467950 bytes=958361600 progress=95.84% BPC=0.7059 rate=8.82% top100=96.95%
chunks=468000 bytes=958464000 progress=95.85% BPC=0.7059 rate=8.82% top100=96.95%
chunks=468050 bytes=958566400 progress=95.86% BPC=0.7059 rate=8.82% top100=96.95%
chunks=468100 bytes=958668800 progress=95.87% BPC=0.7059 rate=8.82% top100=96.95%
chunks=468150 bytes=958771200 progress=95.88% BPC=0.7059 rate=8.82% top100=96.95%
chunks=468200 bytes=958873600 progress=95.89% BPC=0.7059 rate=8.82% top100=96.95%
chunks=468250 bytes=958976000 progress=95.90% BPC=0.7059 rate=8.82% top100=96.95%
chunks=468300 bytes=959078400 progress=95.91% BPC=0.7060 rate=8.82% top100=96.95%
chunks=468350 bytes=959180800 progress=95.92% BPC=0.7060 rate=8.82% top100=96.95%
chunks=468400 bytes=959283200 progress=95.93% BPC=0.7060 rate=8.82% top100=96.95%
chunks=468450 bytes=959385600 progress=95.94% BPC=0.7060 rate=8.82% top100=96.95%
chunks=468500 bytes=959488000 progress=95.95% BPC=0.7060 rate=8.82% top100=96.95%
chunks=468550 bytes=959590400 progress=95.96% BPC=0.7060 rate=8.82% top100=96.95%
chunks=468600 bytes=959692800 progress=95.97% BPC=0.7060 rate=8.83% top100=96.95%
chunks=468650 bytes=959795200 progress=95.98% BPC=0.7060 rate=8.83% top100=96.95%
chunks=468700 bytes=959897600 progress=95.99% BPC=0.7060 rate=8.83% top100=96.95%
chunks=468750 bytes=960000000 progress=96.00% BPC=0.7060 rate=8.83% top100=96.95%
chunks=468800 bytes=960102400 progress=96.01% BPC=0.7060 rate=8.83% top100=96.95%
chunks=468850 bytes=960204800 progress=96.02% BPC=0.7060 rate=8.83% top100=96.95%
chunks=468900 bytes=960307200 progress=96.03% BPC=0.7060 rate=8.83% top100=96.95%
chunks=468950 bytes=960409600 progress=96.04% BPC=0.7060 rate=8.83% top100=96.95%
chunks=469000 bytes=960512000 progress=96.05% BPC=0.7060 rate=8.83% top100=96.95%
chunks=469050 bytes=960614400 progress=96.06% BPC=0.7060 rate=8.83% top100=96.95%
chunks=469100 bytes=960716800 progress=96.07% BPC=0.7061 rate=8.83% top100=96.95%
chunks=469150 bytes=960819200 progress=96.08% BPC=0.7061 rate=8.83% top100=96.95%
chunks=469200 bytes=960921600 progress=96.09% BPC=0.7061 rate=8.83% top100=96.95%
chunks=469250 bytes=961024000 progress=96.10% BPC=0.7061 rate=8.83% top100=96.95%
chunks=469300 bytes=961126400 progress=96.11% BPC=0.7061 rate=8.83% top100=96.95%
chunks=469350 bytes=961228800 progress=96.12% BPC=0.7061 rate=8.83% top100=96.95%
chunks=469400 bytes=961331200 progress=96.13% BPC=0.7061 rate=8.83% top100=96.95%
chunks=469450 bytes=961433600 progress=96.14% BPC=0.7061 rate=8.83% top100=96.95%
chunks=469500 bytes=961536000 progress=96.15% BPC=0.7061 rate=8.83% top100=96.95%
chunks=469550 bytes=961638400 progress=96.16% BPC=0.7061 rate=8.83% top100=96.95%
chunks=469600 bytes=961740800 progress=96.17% BPC=0.7061 rate=8.83% top100=96.95%
chunks=469650 bytes=961843200 progress=96.18% BPC=0.7061 rate=8.83% top100=96.95%
chunks=469700 bytes=961945600 progress=96.19% BPC=0.7061 rate=8.83% top100=96.95%
chunks=469750 bytes=962048000 progress=96.20% BPC=0.7061 rate=8.83% top100=96.95%
chunks=469800 bytes=962150400 progress=96.22% BPC=0.7061 rate=8.83% top100=96.95%
chunks=469850 bytes=962252800 progress=96.23% BPC=0.7061 rate=8.83% top100=96.95%
chunks=469900 bytes=962355200 progress=96.24% BPC=0.7061 rate=8.83% top100=96.95%
chunks=469950 bytes=962457600 progress=96.25% BPC=0.7061 rate=8.83% top100=96.95%
chunks=470000 bytes=962560000 progress=96.26% BPC=0.7061 rate=8.83% top100=96.95%
chunks=470050 bytes=962662400 progress=96.27% BPC=0.7061 rate=8.83% top100=96.95%
chunks=470100 bytes=962764800 progress=96.28% BPC=0.7061 rate=8.83% top100=96.95%
chunks=470150 bytes=962867200 progress=96.29% BPC=0.7061 rate=8.83% top100=96.95%
chunks=470200 bytes=962969600 progress=96.30% BPC=0.7061 rate=8.83% top100=96.95%
chunks=470250 bytes=963072000 progress=96.31% BPC=0.7061 rate=8.83% top100=96.95%
chunks=470300 bytes=963174400 progress=96.32% BPC=0.7061 rate=8.83% top100=96.95%
chunks=470350 bytes=963276800 progress=96.33% BPC=0.7061 rate=8.83% top100=96.95%
chunks=470400 bytes=963379200 progress=96.34% BPC=0.7061 rate=8.83% top100=96.95%
chunks=470450 bytes=963481600 progress=96.35% BPC=0.7061 rate=8.83% top100=96.95%
chunks=470500 bytes=963584000 progress=96.36% BPC=0.7061 rate=8.83% top100=96.95%
chunks=470550 bytes=963686400 progress=96.37% BPC=0.7061 rate=8.83% top100=96.95%
chunks=470600 bytes=963788800 progress=96.38% BPC=0.7061 rate=8.83% top100=96.95%
chunks=470650 bytes=963891200 progress=96.39% BPC=0.7061 rate=8.83% top100=96.95%
chunks=470700 bytes=963993600 progress=96.40% BPC=0.7062 rate=8.83% top100=96.95%
chunks=470750 bytes=964096000 progress=96.41% BPC=0.7062 rate=8.83% top100=96.95%
chunks=470800 bytes=964198400 progress=96.42% BPC=0.7062 rate=8.83% top100=96.95%
chunks=470850 bytes=964300800 progress=96.43% BPC=0.7062 rate=8.83% top100=96.95%
chunks=470900 bytes=964403200 progress=96.44% BPC=0.7062 rate=8.83% top100=96.95%
chunks=470950 bytes=964505600 progress=96.45% BPC=0.7062 rate=8.83% top100=96.95%
chunks=471000 bytes=964608000 progress=96.46% BPC=0.7062 rate=8.83% top100=96.95%
chunks=471050 bytes=964710400 progress=96.47% BPC=0.7062 rate=8.83% top100=96.95%
chunks=471100 bytes=964812800 progress=96.48% BPC=0.7062 rate=8.83% top100=96.95%
chunks=471150 bytes=964915200 progress=96.49% BPC=0.7062 rate=8.83% top100=96.95%
chunks=471200 bytes=965017600 progress=96.50% BPC=0.7062 rate=8.83% top100=96.95%
chunks=471250 bytes=965120000 progress=96.51% BPC=0.7062 rate=8.83% top100=96.95%
chunks=471300 bytes=965222400 progress=96.52% BPC=0.7062 rate=8.83% top100=96.95%
chunks=471350 bytes=965324800 progress=96.53% BPC=0.7062 rate=8.83% top100=96.95%
chunks=471400 bytes=965427200 progress=96.54% BPC=0.7062 rate=8.83% top100=96.95%
chunks=471450 bytes=965529600 progress=96.55% BPC=0.7062 rate=8.83% top100=96.95%
chunks=471500 bytes=965632000 progress=96.56% BPC=0.7062 rate=8.83% top100=96.95%
chunks=471550 bytes=965734400 progress=96.57% BPC=0.7062 rate=8.83% top100=96.95%
chunks=471600 bytes=965836800 progress=96.58% BPC=0.7062 rate=8.83% top100=96.95%
chunks=471650 bytes=965939200 progress=96.59% BPC=0.7062 rate=8.83% top100=96.95%
chunks=471700 bytes=966041600 progress=96.60% BPC=0.7062 rate=8.83% top100=96.95%
chunks=471750 bytes=966144000 progress=96.61% BPC=0.7062 rate=8.83% top100=96.95%
chunks=471800 bytes=966246400 progress=96.62% BPC=0.7062 rate=8.83% top100=96.95%
chunks=471850 bytes=966348800 progress=96.63% BPC=0.7062 rate=8.83% top100=96.95%
chunks=471900 bytes=966451200 progress=96.65% BPC=0.7062 rate=8.83% top100=96.95%
chunks=471950 bytes=966553600 progress=96.66% BPC=0.7062 rate=8.83% top100=96.95%
chunks=472000 bytes=966656000 progress=96.67% BPC=0.7062 rate=8.83% top100=96.95%
chunks=472050 bytes=966758400 progress=96.68% BPC=0.7062 rate=8.83% top100=96.95%
chunks=472100 bytes=966860800 progress=96.69% BPC=0.7062 rate=8.83% top100=96.95%
chunks=472150 bytes=966963200 progress=96.70% BPC=0.7063 rate=8.83% top100=96.95%
chunks=472200 bytes=967065600 progress=96.71% BPC=0.7063 rate=8.83% top100=96.95%
chunks=472250 bytes=967168000 progress=96.72% BPC=0.7063 rate=8.83% top100=96.95%
chunks=472300 bytes=967270400 progress=96.73% BPC=0.7063 rate=8.83% top100=96.95%
chunks=472350 bytes=967372800 progress=96.74% BPC=0.7063 rate=8.83% top100=96.95%
chunks=472400 bytes=967475200 progress=96.75% BPC=0.7063 rate=8.83% top100=96.95%
chunks=472450 bytes=967577600 progress=96.76% BPC=0.7063 rate=8.83% top100=96.95%
chunks=472500 bytes=967680000 progress=96.77% BPC=0.7063 rate=8.83% top100=96.95%
chunks=472550 bytes=967782400 progress=96.78% BPC=0.7063 rate=8.83% top100=96.95%
chunks=472600 bytes=967884800 progress=96.79% BPC=0.7063 rate=8.83% top100=96.95%
chunks=472650 bytes=967987200 progress=96.80% BPC=0.7063 rate=8.83% top100=96.95%
chunks=472700 bytes=968089600 progress=96.81% BPC=0.7063 rate=8.83% top100=96.95%
chunks=472750 bytes=968192000 progress=96.82% BPC=0.7063 rate=8.83% top100=96.95%
chunks=472800 bytes=968294400 progress=96.83% BPC=0.7063 rate=8.83% top100=96.95%
chunks=472850 bytes=968396800 progress=96.84% BPC=0.7063 rate=8.83% top100=96.95%
chunks=472900 bytes=968499200 progress=96.85% BPC=0.7063 rate=8.83% top100=96.95%
chunks=472950 bytes=968601600 progress=96.86% BPC=0.7063 rate=8.83% top100=96.95%
chunks=473000 bytes=968704000 progress=96.87% BPC=0.7063 rate=8.83% top100=96.95%
chunks=473050 bytes=968806400 progress=96.88% BPC=0.7063 rate=8.83% top100=96.95%
chunks=473100 bytes=968908800 progress=96.89% BPC=0.7063 rate=8.83% top100=96.95%
chunks=473150 bytes=969011200 progress=96.90% BPC=0.7063 rate=8.83% top100=96.95%
chunks=473200 bytes=969113600 progress=96.91% BPC=0.7063 rate=8.83% top100=96.95%
chunks=473250 bytes=969216000 progress=96.92% BPC=0.7063 rate=8.83% top100=96.95%
chunks=473300 bytes=969318400 progress=96.93% BPC=0.7063 rate=8.83% top100=96.95%
chunks=473350 bytes=969420800 progress=96.94% BPC=0.7063 rate=8.83% top100=96.95%
chunks=473400 bytes=969523200 progress=96.95% BPC=0.7063 rate=8.83% top100=96.95%
chunks=473450 bytes=969625600 progress=96.96% BPC=0.7063 rate=8.83% top100=96.95%
chunks=473500 bytes=969728000 progress=96.97% BPC=0.7063 rate=8.83% top100=96.95%
chunks=473550 bytes=969830400 progress=96.98% BPC=0.7063 rate=8.83% top100=96.95%
chunks=473600 bytes=969932800 progress=96.99% BPC=0.7063 rate=8.83% top100=96.95%
chunks=473650 bytes=970035200 progress=97.00% BPC=0.7063 rate=8.83% top100=96.95%
chunks=473700 bytes=970137600 progress=97.01% BPC=0.7063 rate=8.83% top100=96.95%
chunks=473750 bytes=970240000 progress=97.02% BPC=0.7064 rate=8.83% top100=96.95%
chunks=473800 bytes=970342400 progress=97.03% BPC=0.7064 rate=8.83% top100=96.95%
chunks=473850 bytes=970444800 progress=97.04% BPC=0.7064 rate=8.83% top100=96.95%
chunks=473900 bytes=970547200 progress=97.05% BPC=0.7064 rate=8.83% top100=96.95%
chunks=473950 bytes=970649600 progress=97.06% BPC=0.7064 rate=8.83% top100=96.95%
chunks=474000 bytes=970752000 progress=97.08% BPC=0.7064 rate=8.83% top100=96.95%
chunks=474050 bytes=970854400 progress=97.09% BPC=0.7064 rate=8.83% top100=96.95%
chunks=474100 bytes=970956800 progress=97.10% BPC=0.7064 rate=8.83% top100=96.95%
chunks=474150 bytes=971059200 progress=97.11% BPC=0.7064 rate=8.83% top100=96.95%
chunks=474200 bytes=971161600 progress=97.12% BPC=0.7064 rate=8.83% top100=96.95%
chunks=474250 bytes=971264000 progress=97.13% BPC=0.7064 rate=8.83% top100=96.95%
chunks=474300 bytes=971366400 progress=97.14% BPC=0.7064 rate=8.83% top100=96.95%
chunks=474350 bytes=971468800 progress=97.15% BPC=0.7064 rate=8.83% top100=96.95%
chunks=474400 bytes=971571200 progress=97.16% BPC=0.7064 rate=8.83% top100=96.95%
chunks=474450 bytes=971673600 progress=97.17% BPC=0.7064 rate=8.83% top100=96.95%
chunks=474500 bytes=971776000 progress=97.18% BPC=0.7064 rate=8.83% top100=96.95%
chunks=474550 bytes=971878400 progress=97.19% BPC=0.7064 rate=8.83% top100=96.95%
chunks=474600 bytes=971980800 progress=97.20% BPC=0.7064 rate=8.83% top100=96.95%
chunks=474650 bytes=972083200 progress=97.21% BPC=0.7064 rate=8.83% top100=96.95%
chunks=474700 bytes=972185600 progress=97.22% BPC=0.7064 rate=8.83% top100=96.95%
chunks=474750 bytes=972288000 progress=97.23% BPC=0.7064 rate=8.83% top100=96.95%
chunks=474800 bytes=972390400 progress=97.24% BPC=0.7064 rate=8.83% top100=96.95%
chunks=474850 bytes=972492800 progress=97.25% BPC=0.7064 rate=8.83% top100=96.95%
chunks=474900 bytes=972595200 progress=97.26% BPC=0.7064 rate=8.83% top100=96.95%
chunks=474950 bytes=972697600 progress=97.27% BPC=0.7064 rate=8.83% top100=96.95%
chunks=475000 bytes=972800000 progress=97.28% BPC=0.7064 rate=8.83% top100=96.95%
chunks=475050 bytes=972902400 progress=97.29% BPC=0.7064 rate=8.83% top100=96.95%
chunks=475100 bytes=973004800 progress=97.30% BPC=0.7064 rate=8.83% top100=96.95%
chunks=475150 bytes=973107200 progress=97.31% BPC=0.7064 rate=8.83% top100=96.95%
chunks=475200 bytes=973209600 progress=97.32% BPC=0.7064 rate=8.83% top100=96.95%
chunks=475250 bytes=973312000 progress=97.33% BPC=0.7064 rate=8.83% top100=96.95%
chunks=475300 bytes=973414400 progress=97.34% BPC=0.7064 rate=8.83% top100=96.95%
chunks=475350 bytes=973516800 progress=97.35% BPC=0.7065 rate=8.83% top100=96.95%
chunks=475400 bytes=973619200 progress=97.36% BPC=0.7065 rate=8.83% top100=96.95%
chunks=475450 bytes=973721600 progress=97.37% BPC=0.7065 rate=8.83% top100=96.95%
chunks=475500 bytes=973824000 progress=97.38% BPC=0.7065 rate=8.83% top100=96.95%
chunks=475550 bytes=973926400 progress=97.39% BPC=0.7065 rate=8.83% top100=96.95%
chunks=475600 bytes=974028800 progress=97.40% BPC=0.7065 rate=8.83% top100=96.95%
chunks=475650 bytes=974131200 progress=97.41% BPC=0.7065 rate=8.83% top100=96.95%
chunks=475700 bytes=974233600 progress=97.42% BPC=0.7065 rate=8.83% top100=96.95%
chunks=475750 bytes=974336000 progress=97.43% BPC=0.7065 rate=8.83% top100=96.95%
chunks=475800 bytes=974438400 progress=97.44% BPC=0.7065 rate=8.83% top100=96.95%
chunks=475850 bytes=974540800 progress=97.45% BPC=0.7065 rate=8.83% top100=96.95%
chunks=475900 bytes=974643200 progress=97.46% BPC=0.7065 rate=8.83% top100=96.95%
chunks=475950 bytes=974745600 progress=97.47% BPC=0.7065 rate=8.83% top100=96.95%
chunks=476000 bytes=974848000 progress=97.48% BPC=0.7065 rate=8.83% top100=96.95%
chunks=476050 bytes=974950400 progress=97.50% BPC=0.7065 rate=8.83% top100=96.95%
chunks=476100 bytes=975052800 progress=97.51% BPC=0.7065 rate=8.83% top100=96.95%
chunks=476150 bytes=975155200 progress=97.52% BPC=0.7065 rate=8.83% top100=96.95%
chunks=476200 bytes=975257600 progress=97.53% BPC=0.7065 rate=8.83% top100=96.95%
chunks=476250 bytes=975360000 progress=97.54% BPC=0.7066 rate=8.83% top100=96.95%
chunks=476300 bytes=975462400 progress=97.55% BPC=0.7066 rate=8.83% top100=96.95%
chunks=476350 bytes=975564800 progress=97.56% BPC=0.7066 rate=8.83% top100=96.95%
chunks=476400 bytes=975667200 progress=97.57% BPC=0.7066 rate=8.83% top100=96.95%
chunks=476450 bytes=975769600 progress=97.58% BPC=0.7066 rate=8.83% top100=96.95%
chunks=476500 bytes=975872000 progress=97.59% BPC=0.7066 rate=8.83% top100=96.95%
chunks=476550 bytes=975974400 progress=97.60% BPC=0.7066 rate=8.83% top100=96.95%
chunks=476600 bytes=976076800 progress=97.61% BPC=0.7066 rate=8.83% top100=96.95%
chunks=476650 bytes=976179200 progress=97.62% BPC=0.7066 rate=8.83% top100=96.95%
chunks=476700 bytes=976281600 progress=97.63% BPC=0.7066 rate=8.83% top100=96.95%
chunks=476750 bytes=976384000 progress=97.64% BPC=0.7066 rate=8.83% top100=96.95%
chunks=476800 bytes=976486400 progress=97.65% BPC=0.7066 rate=8.83% top100=96.95%
chunks=476850 bytes=976588800 progress=97.66% BPC=0.7066 rate=8.83% top100=96.95%
chunks=476900 bytes=976691200 progress=97.67% BPC=0.7066 rate=8.83% top100=96.95%
chunks=476950 bytes=976793600 progress=97.68% BPC=0.7066 rate=8.83% top100=96.95%
chunks=477000 bytes=976896000 progress=97.69% BPC=0.7067 rate=8.83% top100=96.95%
chunks=477050 bytes=976998400 progress=97.70% BPC=0.7066 rate=8.83% top100=96.95%
chunks=477100 bytes=977100800 progress=97.71% BPC=0.7066 rate=8.83% top100=96.95%
chunks=477150 bytes=977203200 progress=97.72% BPC=0.7066 rate=8.83% top100=96.95%
chunks=477200 bytes=977305600 progress=97.73% BPC=0.7066 rate=8.83% top100=96.95%
chunks=477250 bytes=977408000 progress=97.74% BPC=0.7066 rate=8.83% top100=96.95%
chunks=477300 bytes=977510400 progress=97.75% BPC=0.7067 rate=8.83% top100=96.95%
chunks=477350 bytes=977612800 progress=97.76% BPC=0.7067 rate=8.83% top100=96.95%
chunks=477400 bytes=977715200 progress=97.77% BPC=0.7067 rate=8.83% top100=96.95%
chunks=477450 bytes=977817600 progress=97.78% BPC=0.7067 rate=8.83% top100=96.95%
chunks=477500 bytes=977920000 progress=97.79% BPC=0.7067 rate=8.83% top100=96.95%
chunks=477550 bytes=978022400 progress=97.80% BPC=0.7067 rate=8.83% top100=96.95%
chunks=477600 bytes=978124800 progress=97.81% BPC=0.7067 rate=8.83% top100=96.95%
chunks=477650 bytes=978227200 progress=97.82% BPC=0.7067 rate=8.83% top100=96.95%
chunks=477700 bytes=978329600 progress=97.83% BPC=0.7067 rate=8.83% top100=96.95%
chunks=477750 bytes=978432000 progress=97.84% BPC=0.7067 rate=8.83% top100=96.95%
chunks=477800 bytes=978534400 progress=97.85% BPC=0.7067 rate=8.83% top100=96.95%
chunks=477850 bytes=978636800 progress=97.86% BPC=0.7067 rate=8.83% top100=96.95%
chunks=477900 bytes=978739200 progress=97.87% BPC=0.7067 rate=8.83% top100=96.95%
chunks=477950 bytes=978841600 progress=97.88% BPC=0.7067 rate=8.83% top100=96.95%
chunks=478000 bytes=978944000 progress=97.89% BPC=0.7067 rate=8.83% top100=96.95%
chunks=478050 bytes=979046400 progress=97.90% BPC=0.7067 rate=8.83% top100=96.95%
chunks=478100 bytes=979148800 progress=97.91% BPC=0.7067 rate=8.83% top100=96.95%
chunks=478150 bytes=979251200 progress=97.93% BPC=0.7067 rate=8.83% top100=96.95%
chunks=478200 bytes=979353600 progress=97.94% BPC=0.7067 rate=8.83% top100=96.95%
chunks=478250 bytes=979456000 progress=97.95% BPC=0.7067 rate=8.83% top100=96.95%
chunks=478300 bytes=979558400 progress=97.96% BPC=0.7067 rate=8.83% top100=96.95%
chunks=478350 bytes=979660800 progress=97.97% BPC=0.7068 rate=8.83% top100=96.95%
chunks=478400 bytes=979763200 progress=97.98% BPC=0.7068 rate=8.83% top100=96.95%
chunks=478450 bytes=979865600 progress=97.99% BPC=0.7068 rate=8.83% top100=96.95%
chunks=478500 bytes=979968000 progress=98.00% BPC=0.7068 rate=8.83% top100=96.95%
chunks=478550 bytes=980070400 progress=98.01% BPC=0.7068 rate=8.83% top100=96.95%
chunks=478600 bytes=980172800 progress=98.02% BPC=0.7068 rate=8.83% top100=96.95%
chunks=478650 bytes=980275200 progress=98.03% BPC=0.7068 rate=8.83% top100=96.95%
chunks=478700 bytes=980377600 progress=98.04% BPC=0.7068 rate=8.83% top100=96.95%
chunks=478750 bytes=980480000 progress=98.05% BPC=0.7068 rate=8.84% top100=96.95%
chunks=478800 bytes=980582400 progress=98.06% BPC=0.7068 rate=8.84% top100=96.95%
chunks=478850 bytes=980684800 progress=98.07% BPC=0.7068 rate=8.84% top100=96.95%
chunks=478900 bytes=980787200 progress=98.08% BPC=0.7068 rate=8.84% top100=96.95%
chunks=478950 bytes=980889600 progress=98.09% BPC=0.7068 rate=8.84% top100=96.95%
chunks=479000 bytes=980992000 progress=98.10% BPC=0.7068 rate=8.84% top100=96.95%
chunks=479050 bytes=981094400 progress=98.11% BPC=0.7068 rate=8.84% top100=96.95%
chunks=479100 bytes=981196800 progress=98.12% BPC=0.7068 rate=8.84% top100=96.95%
chunks=479150 bytes=981299200 progress=98.13% BPC=0.7069 rate=8.84% top100=96.95%
chunks=479200 bytes=981401600 progress=98.14% BPC=0.7069 rate=8.84% top100=96.95%
chunks=479250 bytes=981504000 progress=98.15% BPC=0.7069 rate=8.84% top100=96.95%
chunks=479300 bytes=981606400 progress=98.16% BPC=0.7069 rate=8.84% top100=96.95%
chunks=479350 bytes=981708800 progress=98.17% BPC=0.7069 rate=8.84% top100=96.95%
chunks=479400 bytes=981811200 progress=98.18% BPC=0.7069 rate=8.84% top100=96.95%
chunks=479450 bytes=981913600 progress=98.19% BPC=0.7069 rate=8.84% top100=96.95%
chunks=479500 bytes=982016000 progress=98.20% BPC=0.7069 rate=8.84% top100=96.95%
chunks=479550 bytes=982118400 progress=98.21% BPC=0.7069 rate=8.84% top100=96.95%
chunks=479600 bytes=982220800 progress=98.22% BPC=0.7069 rate=8.84% top100=96.95%
chunks=479650 bytes=982323200 progress=98.23% BPC=0.7069 rate=8.84% top100=96.95%
chunks=479700 bytes=982425600 progress=98.24% BPC=0.7068 rate=8.84% top100=96.95%
chunks=479750 bytes=982528000 progress=98.25% BPC=0.7068 rate=8.84% top100=96.95%
chunks=479800 bytes=982630400 progress=98.26% BPC=0.7068 rate=8.83% top100=96.95%
chunks=479850 bytes=982732800 progress=98.27% BPC=0.7068 rate=8.83% top100=96.95%
chunks=479900 bytes=982835200 progress=98.28% BPC=0.7067 rate=8.83% top100=96.95%
chunks=479950 bytes=982937600 progress=98.29% BPC=0.7067 rate=8.83% top100=96.95%
chunks=480000 bytes=983040000 progress=98.30% BPC=0.7067 rate=8.83% top100=96.95%
chunks=480050 bytes=983142400 progress=98.31% BPC=0.7068 rate=8.83% top100=96.95%
chunks=480100 bytes=983244800 progress=98.32% BPC=0.7068 rate=8.83% top100=96.95%
chunks=480150 bytes=983347200 progress=98.33% BPC=0.7068 rate=8.83% top100=96.95%
chunks=480200 bytes=983449600 progress=98.34% BPC=0.7068 rate=8.83% top100=96.95%
chunks=480250 bytes=983552000 progress=98.36% BPC=0.7068 rate=8.83% top100=96.95%
chunks=480300 bytes=983654400 progress=98.37% BPC=0.7068 rate=8.83% top100=96.95%
chunks=480350 bytes=983756800 progress=98.38% BPC=0.7068 rate=8.83% top100=96.95%
chunks=480400 bytes=983859200 progress=98.39% BPC=0.7068 rate=8.83% top100=96.95%
chunks=480450 bytes=983961600 progress=98.40% BPC=0.7068 rate=8.84% top100=96.95%
chunks=480500 bytes=984064000 progress=98.41% BPC=0.7068 rate=8.84% top100=96.95%
chunks=480550 bytes=984166400 progress=98.42% BPC=0.7068 rate=8.84% top100=96.95%
chunks=480600 bytes=984268800 progress=98.43% BPC=0.7068 rate=8.84% top100=96.95%
chunks=480650 bytes=984371200 progress=98.44% BPC=0.7068 rate=8.84% top100=96.95%
chunks=480700 bytes=984473600 progress=98.45% BPC=0.7068 rate=8.84% top100=96.95%
chunks=480750 bytes=984576000 progress=98.46% BPC=0.7068 rate=8.84% top100=96.95%
chunks=480800 bytes=984678400 progress=98.47% BPC=0.7068 rate=8.84% top100=96.95%
chunks=480850 bytes=984780800 progress=98.48% BPC=0.7069 rate=8.84% top100=96.95%
chunks=480900 bytes=984883200 progress=98.49% BPC=0.7069 rate=8.84% top100=96.95%
chunks=480950 bytes=984985600 progress=98.50% BPC=0.7069 rate=8.84% top100=96.95%
chunks=481000 bytes=985088000 progress=98.51% BPC=0.7069 rate=8.84% top100=96.95%
chunks=481050 bytes=985190400 progress=98.52% BPC=0.7069 rate=8.84% top100=96.95%
chunks=481100 bytes=985292800 progress=98.53% BPC=0.7069 rate=8.84% top100=96.95%
chunks=481150 bytes=985395200 progress=98.54% BPC=0.7069 rate=8.84% top100=96.95%
chunks=481200 bytes=985497600 progress=98.55% BPC=0.7069 rate=8.84% top100=96.95%
chunks=481250 bytes=985600000 progress=98.56% BPC=0.7069 rate=8.84% top100=96.95%
chunks=481300 bytes=985702400 progress=98.57% BPC=0.7069 rate=8.84% top100=96.95%
chunks=481350 bytes=985804800 progress=98.58% BPC=0.7069 rate=8.84% top100=96.95%
chunks=481400 bytes=985907200 progress=98.59% BPC=0.7069 rate=8.84% top100=96.95%
chunks=481450 bytes=986009600 progress=98.60% BPC=0.7069 rate=8.84% top100=96.95%
chunks=481500 bytes=986112000 progress=98.61% BPC=0.7069 rate=8.84% top100=96.95%
chunks=481550 bytes=986214400 progress=98.62% BPC=0.7069 rate=8.84% top100=96.95%
chunks=481600 bytes=986316800 progress=98.63% BPC=0.7069 rate=8.84% top100=96.95%
chunks=481650 bytes=986419200 progress=98.64% BPC=0.7069 rate=8.84% top100=96.94%
chunks=481700 bytes=986521600 progress=98.65% BPC=0.7069 rate=8.84% top100=96.94%
chunks=481750 bytes=986624000 progress=98.66% BPC=0.7069 rate=8.84% top100=96.94%
chunks=481800 bytes=986726400 progress=98.67% BPC=0.7069 rate=8.84% top100=96.94%
chunks=481850 bytes=986828800 progress=98.68% BPC=0.7069 rate=8.84% top100=96.94%
chunks=481900 bytes=986931200 progress=98.69% BPC=0.7069 rate=8.84% top100=96.94%
chunks=481950 bytes=987033600 progress=98.70% BPC=0.7069 rate=8.84% top100=96.94%
chunks=482000 bytes=987136000 progress=98.71% BPC=0.7069 rate=8.84% top100=96.94%
chunks=482050 bytes=987238400 progress=98.72% BPC=0.7069 rate=8.84% top100=96.94%
chunks=482100 bytes=987340800 progress=98.73% BPC=0.7069 rate=8.84% top100=96.94%
chunks=482150 bytes=987443200 progress=98.74% BPC=0.7070 rate=8.84% top100=96.94%
chunks=482200 bytes=987545600 progress=98.75% BPC=0.7070 rate=8.84% top100=96.94%
chunks=482250 bytes=987648000 progress=98.76% BPC=0.7070 rate=8.84% top100=96.94%
chunks=482300 bytes=987750400 progress=98.78% BPC=0.7070 rate=8.84% top100=96.94%
chunks=482350 bytes=987852800 progress=98.79% BPC=0.7070 rate=8.84% top100=96.94%
chunks=482400 bytes=987955200 progress=98.80% BPC=0.7070 rate=8.84% top100=96.94%
chunks=482450 bytes=988057600 progress=98.81% BPC=0.7070 rate=8.84% top100=96.94%
chunks=482500 bytes=988160000 progress=98.82% BPC=0.7070 rate=8.84% top100=96.94%
chunks=482550 bytes=988262400 progress=98.83% BPC=0.7070 rate=8.84% top100=96.94%
chunks=482600 bytes=988364800 progress=98.84% BPC=0.7070 rate=8.84% top100=96.94%
chunks=482650 bytes=988467200 progress=98.85% BPC=0.7070 rate=8.84% top100=96.94%
chunks=482700 bytes=988569600 progress=98.86% BPC=0.7070 rate=8.84% top100=96.94%
chunks=482750 bytes=988672000 progress=98.87% BPC=0.7070 rate=8.84% top100=96.94%
chunks=482800 bytes=988774400 progress=98.88% BPC=0.7070 rate=8.84% top100=96.94%
chunks=482850 bytes=988876800 progress=98.89% BPC=0.7070 rate=8.84% top100=96.94%
chunks=482900 bytes=988979200 progress=98.90% BPC=0.7070 rate=8.84% top100=96.94%
chunks=482950 bytes=989081600 progress=98.91% BPC=0.7070 rate=8.84% top100=96.94%
chunks=483000 bytes=989184000 progress=98.92% BPC=0.7070 rate=8.84% top100=96.94%
chunks=483050 bytes=989286400 progress=98.93% BPC=0.7070 rate=8.84% top100=96.94%
chunks=483100 bytes=989388800 progress=98.94% BPC=0.7070 rate=8.84% top100=96.94%
chunks=483150 bytes=989491200 progress=98.95% BPC=0.7070 rate=8.84% top100=96.94%
chunks=483200 bytes=989593600 progress=98.96% BPC=0.7070 rate=8.84% top100=96.94%
chunks=483250 bytes=989696000 progress=98.97% BPC=0.7070 rate=8.84% top100=96.94%
chunks=483300 bytes=989798400 progress=98.98% BPC=0.7070 rate=8.84% top100=96.94%
chunks=483350 bytes=989900800 progress=98.99% BPC=0.7070 rate=8.84% top100=96.94%
chunks=483400 bytes=990003200 progress=99.00% BPC=0.7070 rate=8.84% top100=96.94%
chunks=483450 bytes=990105600 progress=99.01% BPC=0.7070 rate=8.84% top100=96.94%
chunks=483500 bytes=990208000 progress=99.02% BPC=0.7070 rate=8.84% top100=96.94%
chunks=483550 bytes=990310400 progress=99.03% BPC=0.7070 rate=8.84% top100=96.94%
chunks=483600 bytes=990412800 progress=99.04% BPC=0.7070 rate=8.84% top100=96.94%
chunks=483650 bytes=990515200 progress=99.05% BPC=0.7070 rate=8.84% top100=96.94%
chunks=483700 bytes=990617600 progress=99.06% BPC=0.7070 rate=8.84% top100=96.94%
chunks=483750 bytes=990720000 progress=99.07% BPC=0.7070 rate=8.84% top100=96.94%
chunks=483800 bytes=990822400 progress=99.08% BPC=0.7070 rate=8.84% top100=96.94%
chunks=483850 bytes=990924800 progress=99.09% BPC=0.7070 rate=8.84% top100=96.94%
chunks=483900 bytes=991027200 progress=99.10% BPC=0.7070 rate=8.84% top100=96.94%
chunks=483950 bytes=991129600 progress=99.11% BPC=0.7071 rate=8.84% top100=96.94%
chunks=484000 bytes=991232000 progress=99.12% BPC=0.7071 rate=8.84% top100=96.94%
chunks=484050 bytes=991334400 progress=99.13% BPC=0.7071 rate=8.84% top100=96.94%
chunks=484100 bytes=991436800 progress=99.14% BPC=0.7071 rate=8.84% top100=96.94%
chunks=484150 bytes=991539200 progress=99.15% BPC=0.7071 rate=8.84% top100=96.94%
chunks=484200 bytes=991641600 progress=99.16% BPC=0.7071 rate=8.84% top100=96.94%
chunks=484250 bytes=991744000 progress=99.17% BPC=0.7071 rate=8.84% top100=96.94%
chunks=484300 bytes=991846400 progress=99.18% BPC=0.7071 rate=8.84% top100=96.94%
chunks=484350 bytes=991948800 progress=99.19% BPC=0.7071 rate=8.84% top100=96.94%
chunks=484400 bytes=992051200 progress=99.21% BPC=0.7071 rate=8.84% top100=96.94%
chunks=484450 bytes=992153600 progress=99.22% BPC=0.7071 rate=8.84% top100=96.94%
chunks=484500 bytes=992256000 progress=99.23% BPC=0.7071 rate=8.84% top100=96.94%
chunks=484550 bytes=992358400 progress=99.24% BPC=0.7071 rate=8.84% top100=96.94%
chunks=484600 bytes=992460800 progress=99.25% BPC=0.7071 rate=8.84% top100=96.94%
chunks=484650 bytes=992563200 progress=99.26% BPC=0.7071 rate=8.84% top100=96.94%
chunks=484700 bytes=992665600 progress=99.27% BPC=0.7071 rate=8.84% top100=96.94%
chunks=484750 bytes=992768000 progress=99.28% BPC=0.7071 rate=8.84% top100=96.94%
chunks=484800 bytes=992870400 progress=99.29% BPC=0.7071 rate=8.84% top100=96.94%
chunks=484850 bytes=992972800 progress=99.30% BPC=0.7072 rate=8.84% top100=96.94%
chunks=484900 bytes=993075200 progress=99.31% BPC=0.7072 rate=8.84% top100=96.94%
chunks=484950 bytes=993177600 progress=99.32% BPC=0.7072 rate=8.84% top100=96.94%
chunks=485000 bytes=993280000 progress=99.33% BPC=0.7072 rate=8.84% top100=96.94%
chunks=485050 bytes=993382400 progress=99.34% BPC=0.7072 rate=8.84% top100=96.94%
chunks=485100 bytes=993484800 progress=99.35% BPC=0.7072 rate=8.84% top100=96.94%
chunks=485150 bytes=993587200 progress=99.36% BPC=0.7071 rate=8.84% top100=96.94%
chunks=485200 bytes=993689600 progress=99.37% BPC=0.7071 rate=8.84% top100=96.94%
chunks=485250 bytes=993792000 progress=99.38% BPC=0.7071 rate=8.84% top100=96.94%
chunks=485300 bytes=993894400 progress=99.39% BPC=0.7071 rate=8.84% top100=96.94%
chunks=485350 bytes=993996800 progress=99.40% BPC=0.7071 rate=8.84% top100=96.94%
chunks=485400 bytes=994099200 progress=99.41% BPC=0.7071 rate=8.84% top100=96.94%
chunks=485450 bytes=994201600 progress=99.42% BPC=0.7071 rate=8.84% top100=96.94%
chunks=485500 bytes=994304000 progress=99.43% BPC=0.7072 rate=8.84% top100=96.94%
chunks=485550 bytes=994406400 progress=99.44% BPC=0.7072 rate=8.84% top100=96.94%
chunks=485600 bytes=994508800 progress=99.45% BPC=0.7072 rate=8.84% top100=96.94%
chunks=485650 bytes=994611200 progress=99.46% BPC=0.7072 rate=8.84% top100=96.94%
chunks=485700 bytes=994713600 progress=99.47% BPC=0.7072 rate=8.84% top100=96.94%
chunks=485750 bytes=994816000 progress=99.48% BPC=0.7072 rate=8.84% top100=96.94%
chunks=485800 bytes=994918400 progress=99.49% BPC=0.7072 rate=8.84% top100=96.94%
chunks=485850 bytes=995020800 progress=99.50% BPC=0.7072 rate=8.84% top100=96.94%
chunks=485900 bytes=995123200 progress=99.51% BPC=0.7072 rate=8.84% top100=96.94%
chunks=485950 bytes=995225600 progress=99.52% BPC=0.7072 rate=8.84% top100=96.94%
chunks=486000 bytes=995328000 progress=99.53% BPC=0.7072 rate=8.84% top100=96.94%
chunks=486050 bytes=995430400 progress=99.54% BPC=0.7072 rate=8.84% top100=96.94%
chunks=486100 bytes=995532800 progress=99.55% BPC=0.7072 rate=8.84% top100=96.94%
chunks=486150 bytes=995635200 progress=99.56% BPC=0.7072 rate=8.84% top100=96.94%
chunks=486200 bytes=995737600 progress=99.57% BPC=0.7072 rate=8.84% top100=96.94%
chunks=486250 bytes=995840000 progress=99.58% BPC=0.7072 rate=8.84% top100=96.94%
chunks=486300 bytes=995942400 progress=99.59% BPC=0.7072 rate=8.84% top100=96.94%
chunks=486350 bytes=996044800 progress=99.60% BPC=0.7072 rate=8.84% top100=96.94%
chunks=486400 bytes=996147200 progress=99.61% BPC=0.7072 rate=8.84% top100=96.94%
chunks=486450 bytes=996249600 progress=99.62% BPC=0.7072 rate=8.84% top100=96.94%
chunks=486500 bytes=996352000 progress=99.64% BPC=0.7072 rate=8.84% top100=96.94%
chunks=486550 bytes=996454400 progress=99.65% BPC=0.7072 rate=8.84% top100=96.94%
chunks=486600 bytes=996556800 progress=99.66% BPC=0.7072 rate=8.84% top100=96.94%
chunks=486650 bytes=996659200 progress=99.67% BPC=0.7072 rate=8.84% top100=96.94%
chunks=486700 bytes=996761600 progress=99.68% BPC=0.7072 rate=8.84% top100=96.94%
chunks=486750 bytes=996864000 progress=99.69% BPC=0.7072 rate=8.84% top100=96.94%
chunks=486800 bytes=996966400 progress=99.70% BPC=0.7072 rate=8.84% top100=96.94%
chunks=486850 bytes=997068800 progress=99.71% BPC=0.7072 rate=8.84% top100=96.94%
chunks=486900 bytes=997171200 progress=99.72% BPC=0.7073 rate=8.84% top100=96.94%
chunks=486950 bytes=997273600 progress=99.73% BPC=0.7073 rate=8.84% top100=96.94%
chunks=487000 bytes=997376000 progress=99.74% BPC=0.7073 rate=8.84% top100=96.94%
chunks=487050 bytes=997478400 progress=99.75% BPC=0.7073 rate=8.84% top100=96.94%
chunks=487100 bytes=997580800 progress=99.76% BPC=0.7073 rate=8.84% top100=96.94%
chunks=487150 bytes=997683200 progress=99.77% BPC=0.7073 rate=8.84% top100=96.94%
chunks=487200 bytes=997785600 progress=99.78% BPC=0.7073 rate=8.84% top100=96.94%
chunks=487250 bytes=997888000 progress=99.79% BPC=0.7073 rate=8.84% top100=96.94%
chunks=487300 bytes=997990400 progress=99.80% BPC=0.7073 rate=8.84% top100=96.94%
chunks=487350 bytes=998092800 progress=99.81% BPC=0.7073 rate=8.84% top100=96.94%
chunks=487400 bytes=998195200 progress=99.82% BPC=0.7073 rate=8.84% top100=96.94%
chunks=487450 bytes=998297600 progress=99.83% BPC=0.7073 rate=8.84% top100=96.94%
chunks=487500 bytes=998400000 progress=99.84% BPC=0.7073 rate=8.84% top100=96.94%
chunks=487550 bytes=998502400 progress=99.85% BPC=0.7073 rate=8.84% top100=96.94%
chunks=487600 bytes=998604800 progress=99.86% BPC=0.7073 rate=8.84% top100=96.94%
chunks=487650 bytes=998707200 progress=99.87% BPC=0.7073 rate=8.84% top100=96.94%
chunks=487700 bytes=998809600 progress=99.88% BPC=0.7073 rate=8.84% top100=96.94%
chunks=487750 bytes=998912000 progress=99.89% BPC=0.7073 rate=8.84% top100=96.94%
chunks=487800 bytes=999014400 progress=99.90% BPC=0.7073 rate=8.84% top100=96.94%
chunks=487850 bytes=999116800 progress=99.91% BPC=0.7073 rate=8.84% top100=96.94%
chunks=487900 bytes=999219200 progress=99.92% BPC=0.7073 rate=8.84% top100=96.94%
chunks=487950 bytes=999321600 progress=99.93% BPC=0.7073 rate=8.84% top100=96.94%
chunks=488000 bytes=999424000 progress=99.94% BPC=0.7073 rate=8.84% top100=96.94%
chunks=488050 bytes=999526400 progress=99.95% BPC=0.7073 rate=8.84% top100=96.94%
chunks=488100 bytes=999628800 progress=99.96% BPC=0.7073 rate=8.84% top100=96.94%
chunks=488150 bytes=999731200 progress=99.97% BPC=0.7074 rate=8.84% top100=96.94%
chunks=488200 bytes=999833600 progress=99.98% BPC=0.7074 rate=8.84% top100=96.94%
chunks=488250 bytes=999936000 progress=99.99% BPC=0.7074 rate=8.84% top100=96.94%

Final metrics
{
  "bpc": 0.7073547951306992,
  "bytes_per_second": 26198.244229996057,
  "chunks_processed": 488282,
  "elapsed_seconds": 38170.49689364433,
  "non_ascii_mapped": 4380431,
  "processed_bytes": 1000000000,
  "scored_tokens": 338899783,
  "skipped_chunks": 0,
  "theoretical_compressed_bytes": 88419349.3913374,
  "theoretical_compression_rate_percent": 8.84193493913374,
  "topk_hit_rate_percent": 96.94098830390811,
  "topk_hits": 328532799,
  "topk_total": 338899783,
  "total_bits": 707354795.1306992,
  "truncated_chunks": 0
}
Result written to: results/llama2_7b_enwik9_full.json
Checkpoint written to: results/llama2_7b_enwik9_checkpoint.json
